File_Path,Verdict,Score_or_Error
/home/heph/Documents/code/ransom/new/mb_dataset/samples/0665b7edb08806e5a0666a6888dcab0fabc8b54c89fd0be24100c7e93131be95.exe,MALWARE,0.7202
/home/heph/Documents/code/ransom/new/mb_dataset/samples/b2f915cbf1a2b6879d278f613b13d790de9a460759142f30457c3238e598e077.exe,MALWARE,0.9994
/home/heph/Documents/code/ransom/new/mb_dataset/samples/5eeef93bf1ec0664067bca6c0f074d237d056741ed1fc78a846b00f08a859f43.exe,MALWARE,0.9994
/home/heph/Documents/code/ransom/new/mb_dataset/samples/69d049fed65b114aa75024d2f2fe5b59444d77abe87c82c72cb1346e4b0696cf.exe,MALWARE,0.9999
/home/heph/Documents/code/ransom/new/mb_dataset/samples/05294c9970f365c92e0b0f1250db678dc356dbf418dba27bdd5eeb68487a7199.exe,MALWARE,0.9985
/home/heph/Documents/code/ransom/new/mb_dataset/samples/91f128a2b4da8280239f8bc1218a2a5ba7cae767394913a7dcade94038204424.exe,MALWARE,0.9999
/home/heph/Documents/code/ransom/new/mb_dataset/samples/f8adab24b3352864dd42468f92d7bfcf4e4843f14b103818fd48ba736d64f844.exe,MALWARE,0.9999
/home/heph/Documents/code/ransom/new/mb_dataset/samples/e89eb46a4bd46b2afc00ca271ecfb342321d6de42bfa106832846248d0f7d253.exe,MALWARE,0.9976
/home/heph/Documents/code/ransom/new/mb_dataset/samples/12bba7161d07efcb1b14d30054901ac9ffe5202972437b0c47c88d71e45c7176.exe,MALWARE,0.9999
/home/heph/Documents/code/ransom/new/mb_dataset/samples/95d0259be4a21ea6270862128cdaf6fa208e705384c17a1732058bba124758f6.exe,MALWARE,0.9999
/home/heph/Documents/code/ransom/new/mb_dataset/samples/c14140334714625be71b73008adf8f54c878e3c9f979c3e58d6518fb5efdf485.exe,MALWARE,0.9469
/home/heph/Documents/code/ransom/new/mb_dataset/samples/d385e5069c4999a4d4161c038443c1682dd33dc578cd7fc9d1d5b2627e41fb5d.exe,MALWARE,0.9687
/home/heph/Documents/code/ransom/new/mb_dataset/samples/de1053ee2236b2bdeeec4f1b5ebb9c0b35676196a199d7cc56641d5710d47c53.exe,MALWARE,0.9999
/home/heph/Documents/code/ransom/new/mb_dataset/samples/964217072a18c289f0b24ef402b962b331cf8c71b55681dd5390b42be8ee310b.exe,MALWARE,0.9999
/home/heph/Documents/code/ransom/new/mb_dataset/samples/975ce7324577087376ddd373fce39f064422acc4a4555f64c34c743fd0a44cbb.exe,MALWARE,0.9999
/home/heph/Documents/code/ransom/new/mb_dataset/samples/6aed0532be973d38392d39625f08a371d9734f7a83493d3506bcd14f7820690e.exe,MALWARE,0.9793
/home/heph/Documents/code/ransom/new/mb_dataset/samples/f936f6ca0b3e7dcb347e0487cf2453af8a224fc801f33a840bf2a00bc42e77b0.exe,MALWARE,0.9993
/home/heph/Documents/code/ransom/new/mb_dataset/samples/79aaceccb8865b4d31fda778be72f42296928d8ae81c201c6d3a0a4db72f6635.exe,MALWARE,0.9989
/home/heph/Documents/code/ransom/new/mb_dataset/samples/869c14299d4b52a3f5b28ee46d5ccb295808f2c0bdd73bd3027689b0378baef4.exe,MALWARE,0.9781
/home/heph/Documents/code/ransom/new/mb_dataset/samples/d2f2dcb52f79307c4f9745a169986ff1f2d5427fe4ba000efb458f7590176da6.exe,MALWARE,0.9999
/home/heph/Documents/code/ransom/new/mb_dataset/samples/502f998c0f71fa41207f363ee71267c1118ffb8c60e81d9eb0993faa9b05d4e8.exe,MALWARE,0.9983
/home/heph/Documents/code/ransom/new/mb_dataset/samples/1d1b08a2f0b09dd0f0a85439d62800bb8c3a3b8dfa0afa9ba7f9c477b8dbd6b5.exe,CLEAN,0.0026
/home/heph/Documents/code/ransom/new/mb_dataset/samples/6d189ef2bdcd62b389018913bd971f4c8e47a8349fa9101935dfebfcb69a5e06.exe,MALWARE,0.9994
/home/heph/Documents/code/ransom/new/mb_dataset/samples/564768d7bbccf0da8dd07759dec843c5fa675f80ba82bfb6b48b153cd85c63a3.exe,MALWARE,0.9785
/home/heph/Documents/code/ransom/new/mb_dataset/samples/806f3e980694e839b9563415b38a44fbf3e4832e67670233495962dcce367423.exe,MALWARE,0.9841
/home/heph/Documents/code/ransom/new/mb_dataset/samples/d42b4e9bd0c54df09c9c1925b7eb41f6a877963ededdd0dd463e3d16dfe6cd5d.exe,MALWARE,0.9994
/home/heph/Documents/code/ransom/new/mb_dataset/samples/0249b425db285f5c25f3b9e7d5d286985988db0d08402afcc98732f80dd26c5b.exe,MALWARE,0.9999
/home/heph/Documents/code/ransom/new/mb_dataset/samples/77549422a5306f905d68153b1f649745d330d45e564c927046132ecc1d20ae3e.exe,MALWARE,0.9999
/home/heph/Documents/code/ransom/new/mb_dataset/samples/3b9f7030cede5d4e6c29654a6c0b66cda26760c5e3c12821be05077221aa5f5a.exe,MALWARE,0.9999
/home/heph/Documents/code/ransom/new/mb_dataset/samples/57aebadf554e03a405a30d8ddad8caa8cfe9fa86eb32f672066dcf63691481ca.exe,MALWARE,0.9995
/home/heph/Documents/code/ransom/new/mb_dataset/samples/c9205c28eabfe49b13e87c10a15850f1b65fb52b3c352fe34e59c5090df7f712.exe,SUSPICIOUS,0.5712
/home/heph/Documents/code/ransom/new/mb_dataset/samples/a0d98d2b8035b3ecc4d0c51736c73e7a62ae95d5f31ca7b21c128d44256cb7b4.exe,MALWARE,0.9999
/home/heph/Documents/code/ransom/new/mb_dataset/samples/4582be51967f3d43ffe57cb8964ff05ada8498748168fbb01271ab66b27d4e03.exe,MALWARE,0.9999
/home/heph/Documents/code/ransom/new/mb_dataset/samples/f85d0e5a44227717ee495b09ea81b79af918c4c29308c449c706a4990559817e.exe,SUSPICIOUS,0.6758
/home/heph/Documents/code/ransom/new/mb_dataset/samples/9600db537e27db88ed2eca3be0ffab35cdb22a86a6dbb048d8deaf8f56944822.exe,MALWARE,0.9999
/home/heph/Documents/code/ransom/new/mb_dataset/samples/4525387f28bee6bb48d07e6989319f382447a8a6e48ae11f332dee9916feb8cc.exe,MALWARE,0.9977
/home/heph/Documents/code/ransom/new/mb_dataset/samples/a501583bca532c4ea11b56780a13a865b609d6a0fcd92b9c9b522f1edcc49c29.exe,MALWARE,0.9998
/home/heph/Documents/code/ransom/new/mb_dataset/samples/960bfbed44a5b8abf1ae2fcb7eecb46ac526840030d5cdef1fad6a6bb379996c.exe,MALWARE,0.9999
/home/heph/Documents/code/ransom/new/mb_dataset/samples/7e5ec68fd647e1a8fef30a2fbe250f9cf6bf6ea0ec1aa6bd37534517dd537a68.exe,MALWARE,0.9998
/home/heph/Documents/code/ransom/new/mb_dataset/samples/0ae6570d9e659ffd5efc1e3f9faca696bd12b66b8d125b1159aee9e5251a4d79.exe,MALWARE,0.9996
/home/heph/Documents/code/ransom/new/mb_dataset/samples/355bab2269c022a38af0df27bae2e84c6601b0b2c49edcb4316c2e45da2cbd27.exe,MALWARE,0.9997
/home/heph/Documents/code/ransom/new/mb_dataset/samples/6d59bb6a9874b9b03ce6ab998def5b93f68dadedccad9b14433840c2c5c3a34e.exe,MALWARE,0.9999
/home/heph/Documents/code/ransom/new/mb_dataset/samples/2bf72c8b782560f50f3eb889dc5df028d70f00b3ae09bce364dead4b59c74894.exe,MALWARE,0.9998
/home/heph/Documents/code/ransom/new/mb_dataset/samples/904c9251dc3b04216d23c15412aebd71681146091a49aca22a6382373e923ae7.exe,MALWARE,0.9186
/home/heph/Documents/code/ransom/new/mb_dataset/samples/d1ac11cf8a615c0b2d94564d20fe108f7d63f9b36723dc81328ef734a4401f53.exe,MALWARE,0.9999
/home/heph/Documents/code/ransom/new/mb_dataset/samples/51b9f246d6da85631131fcd1fabf0a67937d4bdde33625a44f7ee6a3a7baebd2.exe,MALWARE,0.9999
/home/heph/Documents/code/ransom/new/mb_dataset/samples/cd9a1a722a0f2591bc76393f5b8f67523b7ffac26a1f17b7f5843fec0464850b.exe,SUSPICIOUS,0.911
/home/heph/Documents/code/ransom/new/mb_dataset/samples/1e7c0f7091e8ed3687b06556cbbda638af99e35d372ba257cedb8ada4b2c43fe.exe,MALWARE,0.9998
/home/heph/Documents/code/ransom/new/mb_dataset/samples/6d000a159fe10af1b29ddf4e4015931a9e9d0a020aeef0c602d8c5419b5966e6.exe,MALWARE,0.9999
/home/heph/Documents/code/ransom/new/mb_dataset/samples/7ea5afbc166c4e23498aa9747be81ceaf8dad90b8daa07a6e4644dc7c2277b82.exe,MALWARE,0.9992
/home/heph/Documents/code/ransom/new/mb_dataset/samples/d80facfa346ecda27da4c7f73196ae766bc21bd3bc6f7828ecc9b390985fb92f.exe,MALWARE,0.7327
/home/heph/Documents/code/ransom/new/mb_dataset/samples/431194da56ac840593ffc09ed03fcca3c328100b0e0ba43b19674f0a416874e9.exe,MALWARE,0.9973
/home/heph/Documents/code/ransom/new/mb_dataset/samples/0303f89829763e734b1f9d4f46671e59bfaa1be5d8ec84d35a203efbfcb9bb15.exe,MALWARE,1.0
/home/heph/Documents/code/ransom/new/mb_dataset/samples/1ea37e077e6b2463b8440065d5110377e2b4b4283ce9849ac5efad6d664a8e9e.exe,MALWARE,1.0
/home/heph/Documents/code/ransom/new/mb_dataset/samples/4f88d3977a24fb160fc3ba69821287a197ae9b04493d705dc2fe939442ba6461.exe,MALWARE,1.0
/home/heph/Documents/code/ransom/new/mb_dataset/samples/49c720758b8a87e42829ffb38a0d7fe2a8c36dc3007abfabbea76155185d2902.exe,MALWARE,1.0
/home/heph/Documents/code/ransom/new/mb_dataset/samples/dd9d0e7782ca60bb854edf9c818ef81c2a4ce12c161b52a173c01d5cd0855b32.exe,MALWARE,0.9998
/home/heph/Documents/code/ransom/new/mb_dataset/samples/a921508ae0a3b0dc7b061038f87ceab835e19a1fe1cbd9b64380984618dd7827.exe,MALWARE,0.9999
/home/heph/Documents/code/ransom/new/mb_dataset/samples/f40fb93230bb13d6116c03f0181f7ee0c613248035bc42f7b7507f73246cff88.exe,MALWARE,0.9999
/home/heph/Documents/code/ransom/new/mb_dataset/samples/be5a227f37daacf290e6a9f1bde4af3ced734eb4bd5f2c8fb976cdd4f29a7f76.exe,MALWARE,0.9999
/home/heph/Documents/code/ransom/new/mb_dataset/samples/4fbbf0d94f1140ffde0bdd48c5b07f91f2292fae78b227e48a50b60ed624763b.exe,MALWARE,0.9929
/home/heph/Documents/code/ransom/new/mb_dataset/samples/a31e56a60d7c9b547b1e7dfe402d7fb02789dcd117eadf59593e5401460843d4.exe,MALWARE,0.9998
/home/heph/Documents/code/ransom/new/mb_dataset/samples/a2254802dd387d0e0ceb61e2849a44b51879f625b89879e29592c80da9d479a2.exe,MALWARE,0.9508
/home/heph/Documents/code/ransom/new/mb_dataset/samples/def3fe8d07d5370ac6e105b1a7872c77e193b4b39a6e1cc9cfc815a36e909904.exe,MALWARE,0.9999
/home/heph/Documents/code/ransom/new/mb_dataset/samples/8eb09dc2383a16fa024f924c20a7648992a35ac2992279edefad50688aa84660.exe,SUSPICIOUS,0.5172
/home/heph/Documents/code/ransom/new/mb_dataset/samples/a34acd47127196ab867d572c2c6cf2fcccffa3a7a87e82d338a8efed898ca722.exe,MALWARE,0.9999
/home/heph/Documents/code/ransom/new/mb_dataset/samples/5c3ce324ded0942df4b4cbf80cf195263f105daf5c729255c628bb3a4f8ab3de.exe,MALWARE,0.9999
/home/heph/Documents/code/ransom/new/mb_dataset/samples/b60ef95da28cba0d44cad8d03121b0bec3bc3865044d010cffb8450629d91c9f.exe,MALWARE,0.9984
/home/heph/Documents/code/ransom/new/mb_dataset/samples/d59661bf4866a29b4c1efa358919b2c8e7501df80e9038f0fad641a317183748.exe,MALWARE,0.9855
/home/heph/Documents/code/ransom/new/mb_dataset/samples/425b2f283b71237276f84d941d9c2982c7f61a9aff12ece10e15065b73b7165e.exe,MALWARE,0.9999
/home/heph/Documents/code/ransom/new/mb_dataset/samples/b211537ea626fae4ad2ef5ee2652633dc68aaf20da6eb953a44f266c4106b367.exe,MALWARE,0.9999
/home/heph/Documents/code/ransom/new/mb_dataset/samples/11affbeb18f4d6edcc9a4be5a82f8e23dfc31178887e97119faa5ddc75990494.exe,MALWARE,0.9999
/home/heph/Documents/code/ransom/new/mb_dataset/samples/b7796a3b1812f329c43d5d37bbb6d8032b7bc06b15af29f555eb3e0c7b1b1c3d.exe,MALWARE,0.9999
/home/heph/Documents/code/ransom/new/mb_dataset/samples/3e4539b9eebccf87d78328a5d0da8cbdcc8c960c37af0acf173460350dcbbbae.exe,MALWARE,0.9951
/home/heph/Documents/code/ransom/new/mb_dataset/samples/da23793f3cc05f8381c1b4c5960c72b9f6cbffff96d23085d4f07fe572116acd.exe,MALWARE,0.9991
/home/heph/Documents/code/ransom/new/mb_dataset/samples/8695e342477f2d6a4f71917c796af1d0a69653002bc37a12a15a9afda27f70e9.exe,MALWARE,0.9549
/home/heph/Documents/code/ransom/new/mb_dataset/samples/7d6e60e0b8df735fc26417314f2f91599f7438d280ab700def75c23400a905e9.exe,MALWARE,0.9664
/home/heph/Documents/code/ransom/new/mb_dataset/samples/6698af98eb6bd00b5420a64aa5ae06ab3f56d85b9726a1bbe6fa2be8943fcef3.exe,MALWARE,0.9978
/home/heph/Documents/code/ransom/new/mb_dataset/samples/002b98b0bb7c65414327845f1c7324cfd80add0746a89994844e9ca7b2dfaee9.exe,MALWARE,0.8418
/home/heph/Documents/code/ransom/new/mb_dataset/samples/d62ba205782c8dabe56f349a97148cff6e3a63a4675d5f346ea1ff3a08e269c1.exe,MALWARE,0.9978
/home/heph/Documents/code/ransom/new/mb_dataset/samples/880269de661c86a9cfe2b2d1343fae27b9d3c1e8cdc05c5ca1f1771eebccf49c.exe,MALWARE,0.9999
/home/heph/Documents/code/ransom/new/mb_dataset/samples/ca3e83f9ce6b215baa2d930c7afb4f04e47683d6e198c9348af7fa96168054f6.exe,MALWARE,0.9806
/home/heph/Documents/code/ransom/new/mb_dataset/samples/356d5298be16003b7ef9b8c82a520d156d7fbd6e59a0f381048ad4e99453541b.exe,MALWARE,0.9999
/home/heph/Documents/code/ransom/new/mb_dataset/samples/f32d28319baa3ad918e1587a17e6b6fb824a985d0dc57f4ae37b9671faf5ae84.exe,MALWARE,0.9982
/home/heph/Documents/code/ransom/new/mb_dataset/samples/e1dcb1c127382b80f8061bcd7ac7803bc3beada7c396f29804bc6a6e2b3e73b3.exe,MALWARE,0.9955
/home/heph/Documents/code/ransom/new/mb_dataset/samples/77d84da6fb29e78cc1c3d9c4e45d6eb7a7cfeadc261a0c5e0f7e8566da448398.exe,MALWARE,0.9999
/home/heph/Documents/code/ransom/new/mb_dataset/samples/94b5d0e40f6d108e0acc376f2b227167386259e0e197d205a1579350cc302b03.exe,MALWARE,0.98
/home/heph/Documents/code/ransom/new/mb_dataset/samples/24f7b66c88ba085d77c5bd386c0a0ac3b78793c0e47819a0576b60a67adc7b73.exe,MALWARE,0.9999
/home/heph/Documents/code/ransom/new/mb_dataset/samples/3b0b4a11ad576588bae809ebb546b4d985ef9f37ed335ca5e2ba6b886d997bac.exe,MALWARE,0.9999
/home/heph/Documents/code/ransom/new/mb_dataset/samples/c79a8e65125330dccc53abf6c1bcb44b997b08995f30a0cca6881fa8a294fa4b.exe,MALWARE,0.9999
/home/heph/Documents/code/ransom/new/mb_dataset/samples/374f9df39b92ccccae8a9b747e606aebe0ddaf117f8f6450052efb5160c99368.exe,MALWARE,0.9999
/home/heph/Documents/code/ransom/new/mb_dataset/samples/5cc7ac31ee2e1c795faeafaae4cd2bc52296350f6bc00b9a7e5e15fa4277e473.exe,MALWARE,0.9987
/home/heph/Documents/code/ransom/new/mb_dataset/samples/40a87dc07204b2cd9f02afd39b9d0c0b56a579e1a0282fb6c166ccc46cc8ec70.exe,MALWARE,0.9937
/home/heph/Documents/code/ransom/new/mb_dataset/samples/1883f96a17abd478d2b068662a56c717729c96e0270ce3d517c2a72b1f829b0c.exe,MALWARE,0.9999
/home/heph/Documents/code/ransom/new/mb_dataset/samples/a6a397fec6c109a1402c6f1144d647843b2093f65fedd27204b40ebeea0640b6.exe,MALWARE,0.9999
/home/heph/Documents/code/ransom/new/mb_dataset/samples/31e1948d4e15f5eebeeb8c43d57ae0398b39d0edea908df6bcd6e032bbdb93e5.exe,MALWARE,0.9687
/home/heph/Documents/code/ransom/new/mb_dataset/samples/463e0c67cf75a210227602c67588975ed9551feeb40adda43342283817a0ef29.exe,MALWARE,0.9999
/home/heph/Documents/code/ransom/new/mb_dataset/samples/ed3d41adb2ef265be900affab26864dc0a52ca45fa5d13057879c241c93db6a6.exe,MALWARE,0.9998
/home/heph/Documents/code/ransom/new/mb_dataset/samples/112a40f154ad5de7f8fffa34e50751ab8b893f5285f96e7179177374127fcb6c.exe,MALWARE,0.8559
/home/heph/Documents/code/ransom/new/mb_dataset/samples/09175b12be9491968e6d9f8878a634156075da518a31f416956fbd0c50fa36d0.exe,MALWARE,0.9582
/home/heph/Documents/code/ransom/new/mb_dataset/samples/21f8191117df5f58d24ea288d35f2d2225b0b1fe90a98c1c0aa1536cb22fdf2c.exe,MALWARE,0.9783
/home/heph/Documents/code/ransom/new/mb_dataset/samples/33067028e35982c7b9fdcfe25eb4029463542451fdff454007832cf953feaf1e.exe,MALWARE,0.9999
/home/heph/Documents/code/ransom/new/mb_dataset/samples/62972fe96d08844656a758bf9ade11b97eb34c7844fb8f01d4942115ff9ebfbb.exe,MALWARE,0.9999
/home/heph/Documents/code/ransom/new/mb_dataset/samples/02c280735b472354058060e2408e640021f2e6ee58cccbc537ff50920e1d087b.exe,MALWARE,0.9999
/home/heph/Documents/code/ransom/new/mb_dataset/samples/d32a6439a35d5963fb4526c72f9a52bbfd518a8a8d0959901f017318a9ae82cc.exe,MALWARE,0.9999
/home/heph/Documents/code/ransom/new/mb_dataset/samples/bf55f989b62c8cfdaac42a669e0b721b4f6fe89df10a676d319de5e70dd679ea.exe,MALWARE,0.9998
/home/heph/Documents/code/ransom/new/mb_dataset/samples/a8892871837288ea3c5cef52f1f704fca54006b5e01b1ad2d498ab27f0d573a6.exe,MALWARE,0.9998
/home/heph/Documents/code/ransom/new/mb_dataset/samples/2eb1a793802a58977cf1d8530a40f7a0d45b46166eae888bedf4f7884b6590b1.exe,MALWARE,0.9998
/home/heph/Documents/code/ransom/new/mb_dataset/samples/fa8cb387589ca2778630436c57f44c1810886c9a4a1e8779aad8fdd91946ef2d.exe,MALWARE,0.9999
/home/heph/Documents/code/ransom/new/mb_dataset/samples/ce86182cb394d8a6c9460d25d9e598dde20103ad727519b617661a8a39532dfd.exe,MALWARE,0.9999
/home/heph/Documents/code/ransom/new/mb_dataset/samples/a9607174adb621fc8685edcacf513b7279697a6f9ceca1ea864f8c411a636b1d.exe,MALWARE,0.9999
/home/heph/Documents/code/ransom/new/mb_dataset/samples/76c89d0e27b229e3b19c3f5e8bc1e2a410c3329c73b5693cf589c49ae87f17ad.exe,MALWARE,0.9998
/home/heph/Documents/code/ransom/new/mb_dataset/samples/7c79e5c677864a1aafd11267b8624197a567158cf645ccee405229bf1518c186.exe,MALWARE,0.9999
/home/heph/Documents/code/ransom/new/mb_dataset/samples/aae2393a1567f38f86ff133e0c023d9cd9f8e3565dbdabd413448c433c2ed537.exe,MALWARE,0.9999
/home/heph/Documents/code/ransom/new/mb_dataset/samples/1607500bd24fab311e3ee7ba9e72e94a84f6c2d40731086981ecb463c638080f.exe,MALWARE,0.9869
/home/heph/Documents/code/ransom/new/mb_dataset/samples/fc160cb764c8458bb97f587da4023ac790244ecf2f7b7544d611d4b245be451c.exe,MALWARE,0.9905
/home/heph/Documents/code/ransom/new/mb_dataset/samples/050c6b14a0308fc4adbafec1465b2202b8d378b0e8df7cce38b04e35772b04f3.exe,MALWARE,0.9768
/home/heph/Documents/code/ransom/new/mb_dataset/samples/1338408cf2fbb6f78b650f0d76aa3a9e18430b9887bc319880adb09268bbbbb1.exe,SUSPICIOUS,0.6499
/home/heph/Documents/code/ransom/new/mb_dataset/samples/b032335922778ce4091c5f11f9906e479b82d7b02aecc6b268a45ce7b0d14fcd.exe,MALWARE,0.917
/home/heph/Documents/code/ransom/new/mb_dataset/samples/4369aed581de0fe84c25a1ef2c3cf0bb6bf70df8b51fdf38b3b0b2a55f43261b.exe,MALWARE,0.9999
/home/heph/Documents/code/ransom/new/mb_dataset/samples/b70e78971fc44f8413447139afe777f19fd1b0d203f2d40f66f41cd6100a1c95.exe,MALWARE,0.9999
/home/heph/Documents/code/ransom/new/mb_dataset/samples/0a0f1e0ef771046285f78b7af20aac3384b521dbbf6bc69ca6d559cc15d9f97e.exe,MALWARE,0.9523
/home/heph/Documents/code/ransom/new/mb_dataset/samples/47aab1f5a9de4659066c5d1ca8f3a72858811c3d41b6de5f04439e96d134d6d7.exe,MALWARE,0.9984
/home/heph/Documents/code/ransom/new/mb_dataset/samples/fb3bbb5c9f50d2b8495d2938a1ee87f11f0782a10214a727b57cf4b5ffe50449.exe,MALWARE,0.9998
/home/heph/Documents/code/ransom/new/mb_dataset/samples/d4919a7402d7ae02516589fbdfb3cc436749544052843a37b5d36ac4b7385b18.exe,MALWARE,0.9999
/home/heph/Documents/code/ransom/new/mb_dataset/samples/4cd313662dab4c93a7e0b4f19d66e92d8263f17265832b95da52468b60be7075.exe,MALWARE,0.9993
/home/heph/Documents/code/ransom/new/mb_dataset/samples/2f45a3079b5949b6dfb356f79c30ba333635f1eab27704232a7eb70dc428e4ee.exe,MALWARE,0.9999
/home/heph/Documents/code/ransom/new/mb_dataset/samples/54c9c36da7b33456f8a72768ec357d05da21293ebe64c17c877ded0def7b72e9.exe,MALWARE,0.9999
/home/heph/Documents/code/ransom/new/mb_dataset/samples/6b93afe89d923d9694c660d4271f850a5534b7308b1902f4547d841ecea11d42.exe,MALWARE,0.9999
/home/heph/Documents/code/ransom/new/mb_dataset/samples/06c2a137c31aae5d02b4d7df61ffd31f1af9a9e59978f15b3f7265cc751bff1f.exe,MALWARE,0.9999
/home/heph/Documents/code/ransom/new/mb_dataset/samples/90d0247b5d8b6310a63e14e8c1c4912e2eff5a096419877759f09332126caac3.exe,MALWARE,0.9996
/home/heph/Documents/code/ransom/new/mb_dataset/samples/04e768174636f0a5be42e9cee5974a8b9db2832d4e79cc973ad617185ab80595.exe,MALWARE,0.9998
/home/heph/Documents/code/ransom/new/mb_dataset/samples/9515602089f0646fc7203ce18473de0dcb71280a9cf0bba991588b2b5f05acb5.exe,MALWARE,0.9999
/home/heph/Documents/code/ransom/new/mb_dataset/samples/fc2b499708b2d20545c140906b0484546c8b3ff21341b8a5acd18f2063fa2bb5.exe,MALWARE,0.9999
/home/heph/Documents/code/ransom/new/mb_dataset/samples/67535915e18cd4a9505451bba5ca3ff4b58b469e9b72272ff598c11510d7caca.exe,MALWARE,0.997
/home/heph/Documents/code/ransom/new/mb_dataset/samples/6e1c3a2825b9121f4553114b9500f41de6bcf38a2aa42f87dbe789b993dbade7.exe,MALWARE,0.9999
/home/heph/Documents/code/ransom/new/mb_dataset/samples/d5f9595abb54947a6b0f8a55428ca95e6402d2aeb72cbc109beca457555a99a6.exe,MALWARE,0.9999
/home/heph/Documents/code/ransom/new/mb_dataset/samples/32e10dc9fe935d7c835530be214142041b6aa25ee32c62648dea124401137ea5.exe,MALWARE,0.9999
/home/heph/Documents/code/ransom/new/mb_dataset/samples/e275b8a02bf23b565bdaabadb220b39409eddc6b8253eb04e0f092d697e3b53d.exe,MALWARE,0.9999
/home/heph/Documents/code/ransom/new/mb_dataset/samples/c2859adc342cbcc36485ef6c3020913c459079acbeae3456b44297d7704f6853.exe,MALWARE,0.9999
/home/heph/Documents/code/ransom/new/mb_dataset/samples/4cda6af63873eca99b9a0b69be1c8b9c81b501339f569a30fd30394fa54da3e1.exe,MALWARE,0.9999
/home/heph/Documents/code/ransom/new/mb_dataset/samples/aa1f4e8e7066b57f594ebed05e931932277c35495ba407f1f97675c6ce4be5cc.exe,MALWARE,0.9999
/home/heph/Documents/code/ransom/new/mb_dataset/samples/d7959a93b70f0a1bb25c08da1f2ff2298e3e6934e7829e5ed148ab8565f59572.exe,MALWARE,0.9999
/home/heph/Documents/code/ransom/new/mb_dataset/samples/c8c7515ca777b92b6f6a355e0ff5d0f4f712bb13d6d5735789a09fc3ed7de8fa.exe,MALWARE,0.9999
/home/heph/Documents/code/ransom/new/mb_dataset/samples/f3a6d4ccdd0f663269c3909e74d6847608b8632fb2814b0436a4532b8281e617.exe,MALWARE,0.9998
/home/heph/Documents/code/ransom/new/mb_dataset/samples/d00f2a459ecda2ad7afcf3ca62128fd3d0f3d29dbbe6f5314759890dbae12deb.exe,MALWARE,0.9998
/home/heph/Documents/code/ransom/new/mb_dataset/samples/25fba0e92d00184dde662c7d30aff006851dba296daa6f6f82ce797b66789ed2.exe,MALWARE,0.9999
/home/heph/Documents/code/ransom/new/mb_dataset/samples/47aa84cda2854d32ed9621b6121281069caecdbe7f0b665183aba0bd4db3d729.exe,MALWARE,0.9999
/home/heph/Documents/code/ransom/new/mb_dataset/samples/bdd635b9c3d3c1e9871b3e6b917f33670c5ad8fe36fe90e8ca4714fbd592599a.exe,MALWARE,0.9999
/home/heph/Documents/code/ransom/new/mb_dataset/samples/7a42a2591858a6901ad37d4669a9c9a78a981b1d670c3dbfeef23500eae972c1.exe,MALWARE,0.9999
/home/heph/Documents/code/ransom/new/mb_dataset/samples/daf55a9d48dd736fa870acd24cf4ced89b079544051d3bd782195ea9b96d6397.exe,MALWARE,0.9999
/home/heph/Documents/code/ransom/new/mb_dataset/samples/f53f84ac24e0ae43cd5b59a0e031d6423f8dce2400d21e0d59ea5511b57f256f.exe,MALWARE,0.9999
/home/heph/Documents/code/ransom/new/mb_dataset/samples/7192f002384780797b689dcb8dbed4b1016bc2c1a6c9b3cebbe9bfe1fc05e822.exe,MALWARE,0.9999
/home/heph/Documents/code/ransom/new/mb_dataset/samples/33e5396c26b5fff35264d758f66244d54372a93be3bc83a27bb1ebef58b1528c.exe,MALWARE,0.9999
/home/heph/Documents/code/ransom/new/mb_dataset/samples/593d89afb5fddfe947207dc69f93816c665e480ecd2a78c9eaab108b9799691e.exe,MALWARE,0.9999
/home/heph/Documents/code/ransom/new/mb_dataset/samples/72cd5155f579dafc07836de6d17f096ce820fa3d087035f23a344b4530f63f09.exe,MALWARE,0.9999
/home/heph/Documents/code/ransom/new/mb_dataset/samples/c4b27044ec7b2f446d05421b1d8ae42d3e6b3c1ae67f559c3231bffa6785b284.exe,MALWARE,0.9999
/home/heph/Documents/code/ransom/new/mb_dataset/samples/da07675216728cb7d30452040da92a37bc235b01433afef3c58471d5d73295fa.exe,MALWARE,0.9999
/home/heph/Documents/code/ransom/new/mb_dataset/samples/cb9d4202d4f495091a046b7fc3fdaa9306343b8402b741a45e3add7cafc95eee.exe,MALWARE,0.9999
/home/heph/Documents/code/ransom/new/mb_dataset/samples/4afda03ddeb1c62a1f87765ea383f920621134c3f6362959cb9993c24752fcb0.exe,MALWARE,0.9999
/home/heph/Documents/code/ransom/new/mb_dataset/samples/c7b91de4b4b10c22f2e3bca1e2603160588fd8fd829fd46103cf536b6082e310.exe,MALWARE,0.9962
/home/heph/Documents/code/ransom/new/mb_dataset/samples/7dabe5d40c13c7c342b7182eaf7c63fbb5e326300316f6f6518b527d57e79ac8.exe,MALWARE,0.9999
/home/heph/Documents/code/ransom/new/mb_dataset/samples/8b65c9437445e9bcb8164d8557ecb9e3585c8bebf37099a3ec1437884efbdd24.exe,MALWARE,0.9999
/home/heph/Documents/code/ransom/new/mb_dataset/samples/93fb7f0c2cf10fb5885e03c737ee8508816c1102e9e3d358160b78e91fa1ebdb.exe,MALWARE,0.9999
/home/heph/Documents/code/ransom/new/mb_dataset/samples/ac14946fd31ca586368c774f3a3eed1620bf0f0b4f54544f5d25e87facf18d82.exe,MALWARE,0.9999
/home/heph/Documents/code/ransom/new/mb_dataset/samples/91ffe0ee445b82bd3360156feeecf8112d27c9333f9796caffcfda986fd7e9b4.exe,MALWARE,0.9999
/home/heph/Documents/code/ransom/new/mb_dataset/samples/bd41ac2686beadc1cb008433960317b648caae37c93d8c0d61ad40fe27b5b67e.exe,MALWARE,0.9999
/home/heph/Documents/code/ransom/new/mb_dataset/samples/93953eef3fe8405d563560dc332135bfe5874ddeb373d714862f72ee62bef518.exe,MALWARE,0.9999
/home/heph/Documents/code/ransom/new/mb_dataset/samples/264af7e7aa17422eb4299df640c1aa199b4778509697b6b296efa5ae7e957b40.exe,MALWARE,0.9999
/home/heph/Documents/code/ransom/new/mb_dataset/samples/b09117026afdd58f26c2a469df134f97a168fd881e2b7d4a16c3cc26527b54f6.exe,MALWARE,0.9999
/home/heph/Documents/code/ransom/new/mb_dataset/samples/1f7675ec795ad551a15fc45a8f4b8b0a948d7004dc703f46e20f3a8b763e462f.exe,MALWARE,0.9989
/home/heph/Documents/code/ransom/new/mb_dataset/samples/6a844a3775a9a5076103f52bf847087aeb18f7d06d84a5f0dfff13ca65f9ddd1.exe,MALWARE,0.9481
/home/heph/Documents/code/ransom/new/mb_dataset/samples/a9a99d47805f43114f84ceb1c84c9148bcbeec751a94c14cb9c1f76987bd1c09.exe,MALWARE,0.9985
/home/heph/Documents/code/ransom/new/mb_dataset/samples/af394892296db7e58990fb341c354d2532436e95e676287f5d03f7dabc6297a6.exe,MALWARE,0.9983
/home/heph/Documents/code/ransom/new/mb_dataset/samples/e525bc376016b4bd2d6dd2e05aac14765bbd2e384bbdee9b9d67e4990e05c196.exe,MALWARE,0.9998
/home/heph/Documents/code/ransom/new/mb_dataset/samples/4e92b73a17e0646876fb9be09c4ee6f015f00273932d2422b69339e22b78b385.exe,MALWARE,1.0
/home/heph/Documents/code/ransom/new/mb_dataset/samples/06f10c935fae531e070c55bde15ee3b48b6bb289af237e96eec82124c19d1049.exe,MALWARE,0.9999
/home/heph/Documents/code/ransom/new/mb_dataset/samples/1cba58f73221b5bb7930bfeab0106ae5415e70f49a595727022dcf6fda1126e9.exe,MALWARE,0.9999
/home/heph/Documents/code/ransom/new/mb_dataset/samples/40126ae71b857dd22db39611c25d3d5dd0e60316b72830e930fba9baf23973ce.exe,CLEAN,0.0041
/home/heph/Documents/code/ransom/new/mb_dataset/samples/afb7f11da27439a2e223e6b651f96eb16a7e35b34918e501886d25439015bf78.exe,MALWARE,0.9999
/home/heph/Documents/code/ransom/new/mb_dataset/samples/56e63edb832fdf08d19ecfe2de1c7c6c6581cedd431215ded0c8e44ac9aed925.exe,MALWARE,0.9999
/home/heph/Documents/code/ransom/new/mb_dataset/samples/23295c518f194dee7815728de15bafe07bf53b52d987c7ad2b2050f833f770f7.exe,MALWARE,0.9999
/home/heph/Documents/code/ransom/new/mb_dataset/samples/9413ba4a33ea77326b837ba538f92348e1909d5263ca67a86aa327daa8fbba30.exe,MALWARE,0.9999
/home/heph/Documents/code/ransom/new/mb_dataset/samples/bd57af28c94c3b7f156511c48f4b62cd1b4c29a1a693f4dc831e0a928691cc56.exe,MALWARE,0.9999
/home/heph/Documents/code/ransom/new/mb_dataset/samples/16b0f643670d1f94663179815bfac493f5f30a61d15c18c8b305b1016eece7ef.exe,MALWARE,0.9999
/home/heph/Documents/code/ransom/new/mb_dataset/samples/5162fd73cbe8f313d2b0e4180bab4cbe47185f73a3ffc3d1dcccc36bc2865142.exe,MALWARE,0.9999
/home/heph/Documents/code/ransom/new/mb_dataset/samples/374aa1aaaad4ddd0a9a5f08f643f96b3fb8b741802e19ac2fb8843351cf8efc1.exe,MALWARE,0.9885
/home/heph/Documents/code/ransom/new/mb_dataset/samples/5edb68ebe00c4d4af8f9e3930ebe72959f9bb8800080ac91df0065eddbfebb4d.exe,MALWARE,0.998
/home/heph/Documents/code/ransom/new/mb_dataset/samples/4608bcc2632c46335cd9fabeed46837c4fae07d624bc86cdbb43cecc0b701dd1.exe,MALWARE,0.9999
/home/heph/Documents/code/ransom/new/mb_dataset/samples/686bb5ee371733ab7908c2f3ea1ee76791080f3a4e61afe8b97c2a57fbc2efac.exe,MALWARE,0.9999
/home/heph/Documents/code/ransom/new/mb_dataset/samples/1ccf8baf11427fae273ffed587b41c857fa2d8f3d3c6c0ddaa1fe4835f665eba.exe,MALWARE,0.9999
/home/heph/Documents/code/ransom/new/mb_dataset/samples/f5df98b344242c5eaad1fce421c640fadd71f7f21379d2bf7309001dfeb25972.exe,MALWARE,0.9999
/home/heph/Documents/code/ransom/new/mb_dataset/samples/6677e07bcccdeb28e532bb030f2ff2e4e39049caf6a1a0f9cd7f50e6d829daac.exe,MALWARE,0.9999
/home/heph/Documents/code/ransom/new/mb_dataset/samples/24e8ef41ead6fc45d9a7ec2c306fd04373eaa93bbae0bd1551a10234574d0e07.exe,MALWARE,0.9999
/home/heph/Documents/code/ransom/new/mb_dataset/samples/b10129c175c007148dd4f5aff4d7fb61eb3e4b0ed4897fea6b33e90555f2b845.exe,MALWARE,0.9999
/home/heph/Documents/code/ransom/new/mb_dataset/samples/d67a475f72ca65fd1ac5fd3be2f1cce2db78ba074f54dc4c4738d374d0eb19c7.exe,MALWARE,0.9999
/home/heph/Documents/code/ransom/new/mb_dataset/samples/6782ad0c3efc0d0520dc2088e952c504f6a069c36a0308b88c7daadd600250a9.exe,MALWARE,0.9999
/home/heph/Documents/code/ransom/new/mb_dataset/samples/8a193db0ff08237f63c036d422f52276a4e575476763dc391455ed5b12269c07.exe,MALWARE,0.9999
/home/heph/Documents/code/ransom/new/mb_dataset/samples/aca01073676a7e2003ac7af9b27b9aa54c076ea94cf4c9627828b12955261aeb.exe,MALWARE,0.9999
/home/heph/Documents/code/ransom/new/mb_dataset/samples/70afd8efb34382badead93ae104d958256de6be8054227ccc85fe95d5c5f9db0.exe,MALWARE,0.9999
/home/heph/Documents/code/ransom/new/mb_dataset/samples/b9ee022489931c6b68b63b0ae34eb1b4ef141e9bb456e84034603a9ae04e5db9.exe,MALWARE,0.9999
/home/heph/Documents/code/ransom/new/mb_dataset/samples/a399a293cc3f25f6250ebee65e6e60e818831925769d540354275e9ad87bb5bb.exe,MALWARE,0.9999
/home/heph/Documents/code/ransom/new/mb_dataset/samples/317b6cb9b47f2ac069e771024de767c3b80b23b5527d43bbf00e0a11d9563e56.exe,MALWARE,0.9725
/home/heph/Documents/code/ransom/new/mb_dataset/samples/9f702b94a86558df87de316611d9f1bfe99a6d8da9fa9b3d7bb125a12f9ad11f.exe,MALWARE,0.9988
/home/heph/Documents/code/ransom/new/mb_dataset/samples/b6cd9094503f184c05afb851644c079dc177001fa2b2286cdb5861338cdb655a.exe,MALWARE,0.9979
/home/heph/Documents/code/ransom/new/mb_dataset/samples/cc80c74a3592374341324d607d877dcf564d326a1354f3f2a4af58030e716813.exe,MALWARE,0.9999
/home/heph/Documents/code/ransom/new/mb_dataset/samples/56ccc7562cea5da87146fcc74b158051bf4e52e5e163ad4e810a417726382975.exe,MALWARE,0.999
/home/heph/Documents/code/ransom/new/mb_dataset/samples/98a76aacbaa0401bac7738ff966d8e1b0fe2d8599a266b111fdc932ce385c8ed.exe,MALWARE,0.9999
/home/heph/Documents/code/ransom/new/mb_dataset/samples/61f7aa918b55238278a1666cb723df9e3639d229d1027611e02ae3808ede33ed.exe,MALWARE,0.9996
/home/heph/Documents/code/ransom/new/mb_dataset/samples/f910b2a6d84d0677cda9aefabfa4a45863ba51a8831588e3b527e8e1d3a9927c.exe,MALWARE,0.9996
/home/heph/Documents/code/ransom/new/mb_dataset/samples/02835451193c2232094b591b7ef52a18786bae3232330839e63631f077f4946b.exe,MALWARE,0.9987
/home/heph/Documents/code/ransom/new/mb_dataset/samples/033b4d28791b318fee5017e79c87c974ee621bae3b137d78ff11e2623ecf78a5.exe,MALWARE,0.9988
/home/heph/Documents/code/ransom/new/mb_dataset/samples/381c3ed7a3b3d3017faaacb917c911aa266c2fb3e648f0e659222ec38148ee3c.exe,MALWARE,0.9987
/home/heph/Documents/code/ransom/new/mb_dataset/samples/5b358f7cb6c2f16badbb476f7fa7515d4c142a1c1c47e22ab058155aa3120ba1.exe,MALWARE,0.9988
/home/heph/Documents/code/ransom/new/mb_dataset/samples/650a03c40c45eef3590058c37de8ea2e978c9c69f289390b2ab89be3910549fb.exe,MALWARE,0.9999
/home/heph/Documents/code/ransom/new/mb_dataset/samples/d628914c72a4294d6b67126eb8b5a08fa4974d05469852cb7ef872721b207498.exe,MALWARE,0.9987
/home/heph/Documents/code/ransom/new/mb_dataset/samples/1455a215def8fe3c7053a21e748d20bcef586014b3d000b9f8e64be6ed99addd.exe,MALWARE,0.9987
/home/heph/Documents/code/ransom/new/mb_dataset/samples/1e52d9f04f99be66d5bc13db767c6acb5f0515906633f76e5c713681af9454df.exe,MALWARE,0.9988
/home/heph/Documents/code/ransom/new/mb_dataset/samples/5acd1ff8da9958a032cf63fb27d5e4b71c201612461e039f44eb07b2cc6735c0.exe,MALWARE,0.9995
/home/heph/Documents/code/ransom/new/mb_dataset/samples/db7b88dfbc16f4798b30c135a1e305d11b201ca3d9b600f2b2f3306f0ad32b18.exe,MALWARE,0.9997
/home/heph/Documents/code/ransom/new/mb_dataset/samples/76dfbf622b6846653eff769e047efedc7a9fdbb00c939965d555da7aef460a5d.exe,MALWARE,0.9996
/home/heph/Documents/code/ransom/new/mb_dataset/samples/906f88817e3bf1bd4e800cf798650f3a309c81ee9b78c2a37d9118ce2567ae3d.exe,MALWARE,0.9995
/home/heph/Documents/code/ransom/new/mb_dataset/samples/78b6552fe4e7afbd21d8494dd19c056e16316b7aabdbaf746f5511a2dc2c542c.exe,MALWARE,0.9996
/home/heph/Documents/code/ransom/new/mb_dataset/samples/a58adc18c13c4c357039ee5cf5fa5e886a7efc6026350cb7087466d667b87263.exe,MALWARE,0.9997
/home/heph/Documents/code/ransom/new/mb_dataset/samples/690d584bb489f5de42077147b13d5431ef3cd36e429a90fcdfe02bc97fdbec85.exe,MALWARE,0.9997
/home/heph/Documents/code/ransom/new/mb_dataset/samples/9983e9559790c6df67dc78157f65ee42320a9914c0b2cb7eb4b210e50266268c.exe,MALWARE,0.9987
/home/heph/Documents/code/ransom/new/mb_dataset/samples/90bf9700d267b34aef7963ca51623daab9f4725253735a66e0a56c532f6b32c4.exe,MALWARE,0.9996
/home/heph/Documents/code/ransom/new/mb_dataset/samples/95bc5b0cf823d89f209035618f596f35267ba24401add2b2561ec795fbe9f1d6.exe,MALWARE,0.9996
/home/heph/Documents/code/ransom/new/mb_dataset/samples/147ad250400bb8c5ec2f7542afc82491fd23d665b070db03c17022ec969024a6.exe,MALWARE,0.9987
/home/heph/Documents/code/ransom/new/mb_dataset/samples/44324ab4fcfcac9933670e8969e7ce334ed0d8139df6b6101c003d94480a9305.exe,MALWARE,0.9988
/home/heph/Documents/code/ransom/new/mb_dataset/samples/8410f85c1710bfefccf0517cbbc91c0019073ced28d66539eeb596a9de8be1a9.exe,MALWARE,0.9987
/home/heph/Documents/code/ransom/new/mb_dataset/samples/f17c9c6b1f1e4434e2688fc0d25d0bca1efb89582c03028f787fa2b9f765c17a.exe,MALWARE,0.9997
/home/heph/Documents/code/ransom/new/mb_dataset/samples/f52567ef22018ee7ef696ec1b28b99f019552827445425dd08e98195f6ac56fe.exe,MALWARE,0.9997
/home/heph/Documents/code/ransom/new/mb_dataset/samples/340351639863a1c01eb0f8e34aafa2a5f36a7ee378c3cb112827ce3e9bfd7a87.exe,MALWARE,0.9987
/home/heph/Documents/code/ransom/new/mb_dataset/samples/96de53f71a914113dd1e0ab030b3e0707101af10bd6de3c894ee328d6f175e94.exe,MALWARE,0.9996
/home/heph/Documents/code/ransom/new/mb_dataset/samples/c3fec6dd70f15fdf0683473539f1bde4c24e1aa25d97555c3d330f77b1edc3f1.exe,MALWARE,0.9987
/home/heph/Documents/code/ransom/new/mb_dataset/samples/57e93d498dd91aebb7473950c12d8dc414aec39f6e3baa2a0b249649adf2ddc9.exe,MALWARE,0.9997
/home/heph/Documents/code/ransom/new/mb_dataset/samples/b3051578e38ecb412e6ef29584ad753dca8cf9b26ff5117464224b6b96764f71.exe,MALWARE,0.9994
/home/heph/Documents/code/ransom/new/mb_dataset/samples/29a1e8ccc5c59371c8f7e1f59e4999cc7ab6b838c7625d2468952aae35f04943.exe,MALWARE,0.9999
/home/heph/Documents/code/ransom/new/mb_dataset/samples/2a9257c6c74e37d051f78ed5abaa620b71b27fa3604798af077256a128d911bb.exe,MALWARE,0.9999
/home/heph/Documents/code/ransom/new/mb_dataset/samples/2afafaf2823e9918d17cdca28648ec94e4d7eabf95b936342456a75be0a1a658.exe,MALWARE,0.9999
/home/heph/Documents/code/ransom/new/mb_dataset/samples/2b00a02196b87445633cabde506b4387979504cf60955f0b40cf2e4da4f0fd23.exe,MALWARE,0.9999
/home/heph/Documents/code/ransom/new/mb_dataset/samples/2b28270c1675990a2c78b31faab547fb75948dd1c2b22e892377ee5e40abebc2.exe,MALWARE,0.9999
/home/heph/Documents/code/ransom/new/mb_dataset/samples/2b8b37175c09c75394bfbd5a2cf1eff28a4956fb3e7c6f24ea53c1b966d77153.exe,MALWARE,0.9999
/home/heph/Documents/code/ransom/new/mb_dataset/samples/2bfe3fba2e94b1a4f8ae0ea767b64084390155bb4d57cc39e13c15b181f8d377.exe,MALWARE,0.9999
/home/heph/Documents/code/ransom/new/mb_dataset/samples/2c10cc96f48839b84954e88cb6f85e5c15442f4d15c34213d008e859f87f7261.exe,MALWARE,0.9999
/home/heph/Documents/code/ransom/new/mb_dataset/samples/2c4fcfd351bae11ff7f11c5c94b7bf60e7cf7b602fb4feb68cd3fba9dbc85d17.exe,MALWARE,0.9999
/home/heph/Documents/code/ransom/new/mb_dataset/samples/2db4a15475f382e34875b37d7b27c3935c7567622141bc203fde7fe602bc8643.exe,MALWARE,0.9999
/home/heph/Documents/code/ransom/new/mb_dataset/samples/b3b8b39cc3b28c277b550d2f252b7034236c677f545d6a35e468be758aa5007e.exe,MALWARE,0.9999
/home/heph/Documents/code/ransom/new/mb_dataset/samples/ae1c7bce774a02f83cccd38cbaff3b1a99eaefd06e9978e6632e24e578f19fbe.exe,MALWARE,0.9999
/home/heph/Documents/code/ransom/new/mb_dataset/samples/13b82f4ac62faf87a105be355c82bacfcbdd383050860dfa93dfbb7bb2e6c9ba.exe,MALWARE,0.9962
/home/heph/Documents/code/ransom/new/mb_dataset/samples/1d9544d087058210e84a0ad9650f99c71c85222d6b18e8ea89c6d2eb15ec7543.exe,MALWARE,0.9999
/home/heph/Documents/code/ransom/new/mb_dataset/samples/1ed8c04e2e91c9db7b88f818cc7d8f043f674d1898c182b6390acaa9fbb251aa.exe,MALWARE,0.9999
/home/heph/Documents/code/ransom/new/mb_dataset/samples/1fd9f2cdf2ee55d5d91e890c6a16e468f576a4e97747093204ffb122eacf2a27.exe,MALWARE,0.9999
/home/heph/Documents/code/ransom/new/mb_dataset/samples/2084ab8f92a86a37a35879378610949e21ea7b5030313655bb82fe6c67772b0d.exe,MALWARE,0.9999
/home/heph/Documents/code/ransom/new/mb_dataset/samples/237d3c744fd5fc5d7e7a55e4385dff51045a1c6d8ee7346a270a688ab3791d49.exe,MALWARE,0.9999
/home/heph/Documents/code/ransom/new/mb_dataset/samples/2466416a7469ce26e52b6e6e7e3c3c02fad598ae8d1d6cde32d341039bebfaf2.exe,MALWARE,0.9999
/home/heph/Documents/code/ransom/new/mb_dataset/samples/25a6758df930b32eed548fca56735f0ddde442b5662e51c625eadbbaf09c9e96.exe,MALWARE,0.9999
/home/heph/Documents/code/ransom/new/mb_dataset/samples/27009c0abd2709cd5cac4c0135b8f3bed3229b0921601638ba9e90713ede91ea.exe,MALWARE,0.9999
/home/heph/Documents/code/ransom/new/mb_dataset/samples/2727c73f3069457e9ad2197b3cda25aec864a2ab8da3c2790264d06e13d45c3d.exe,MALWARE,0.9999
/home/heph/Documents/code/ransom/new/mb_dataset/samples/28cea00267fa30fb63e80a3c3b193bd9cd2a3d46dd9ae6cede5f932ac15c7e2e.exe,MALWARE,0.9945
/home/heph/Documents/code/ransom/new/mb_dataset/samples/0fd6097b0b306b736249f108b9b51e1574a11c8de23d03b7d615a48ebb0f5139.exe,MALWARE,0.9999
/home/heph/Documents/code/ransom/new/mb_dataset/samples/101bd45ab673fd6547386dff4339f1649e61b9f5c318260d365f766fbdc2d3c9.exe,MALWARE,0.9999
/home/heph/Documents/code/ransom/new/mb_dataset/samples/131da83b521f610819141d5c740313ce46578374abb22ef504a7593955a65f07.exe,MALWARE,0.992
/home/heph/Documents/code/ransom/new/mb_dataset/samples/1ba1ccfacffbb6be9480380f5535a30d3eee1dd7787f3c649ebf8ea2a6a5de51.exe,MALWARE,0.9999
/home/heph/Documents/code/ransom/new/mb_dataset/samples/a8c28bd6f0f1fe6a9b880400853fc86e46d87b69565ef15d8ab757979cd2cc73.exe,MALWARE,0.9999
/home/heph/Documents/code/ransom/new/mb_dataset/samples/6182df9c60f9069094fb353c4b3294d13130a71f3e677566267d4419f281ef02.exe,MALWARE,0.8971
/home/heph/Documents/code/ransom/new/mb_dataset/samples/ced4ed5e5ef7505dd008ed7dd28b8aff38df7febe073d990d6d74837408ea4be.exe,MALWARE,0.78
/home/heph/Documents/code/ransom/new/mb_dataset/samples/f2dc218ea8e2caa8668e54bae6561afd9fbf035a40b80ce9e847664ff0809799.exe,MALWARE,0.9312
/home/heph/Documents/code/ransom/new/mb_dataset/samples/25c693808095f45d297171eba5196e9a5176281a2d248cb1a8cfa07a68bbe332.exe,MALWARE,0.9335
/home/heph/Documents/code/ransom/new/mb_dataset/samples/78eb838238dad971dcbc46b86491d95e297f3d47dc770de5c43af3163990d31c.exe,MALWARE,0.7328
/home/heph/Documents/code/ransom/new/mb_dataset/samples/0273f8fb4c836ff3778aebe80bd1949fab951ff06b47f516a18c08b296ad27e6.exe,MALWARE,0.9999
/home/heph/Documents/code/ransom/new/mb_dataset/samples/030db5fb2a639b0c1a63bbd209bd1f043dbc4dbb306102f1726cdd4a6500fb83.exe,MALWARE,0.9999
/home/heph/Documents/code/ransom/new/mb_dataset/samples/03aa12ac2884251aa24bf0ccd854047de403591a8537e6aba19e822807e06a45.exe,MALWARE,0.9999
/home/heph/Documents/code/ransom/new/mb_dataset/samples/049a593fd540d78840d000d2fa6046e8d28279376ef61e5ccc8f74dd49f1c498.exe,MALWARE,0.9999
/home/heph/Documents/code/ransom/new/mb_dataset/samples/05b9f915afb91b36115a25cec09270f2119922488b9224d8b3a49caefae54ab7.exe,MALWARE,0.9999
/home/heph/Documents/code/ransom/new/mb_dataset/samples/08207409e1d789aea68419b04354184490ce46339be071c6c185c75ab9d08cba.exe,MALWARE,0.9999
/home/heph/Documents/code/ransom/new/mb_dataset/samples/0b5b31af5956158bfbd14f6cbf4f1bca23c5d16a40dbf3758f3289146c565f43.exe,MALWARE,0.9999
/home/heph/Documents/code/ransom/new/mb_dataset/samples/0c8d5f2b94ca60616d0db69f31cf4a651ae816e44ef6f807851601c1a4e52d10.exe,MALWARE,0.9999
/home/heph/Documents/code/ransom/new/mb_dataset/samples/0d700ca5f6cc093de4abba9410480ee7a8870d5e8fe86c9ce103eec3872f225f.exe,MALWARE,0.9999
/home/heph/Documents/code/ransom/new/mb_dataset/samples/0df446a893ef448ee4ef32494f6cdf9b04a4f202583794f75a7a7a9ec25d41cb.exe,MALWARE,0.9999
/home/heph/Documents/code/ransom/new/mb_dataset/samples/9b4e60fc6089912f84c96e77f8d905a6c1e9e76d15fdce96958a45ad0e8e6108.exe,MALWARE,0.9999
/home/heph/Documents/code/ransom/new/mb_dataset/samples/b5189876dfdbe889bba43f7702d1e61e61d48803c78ff78eab3f43b4fb0b3a22.exe,MALWARE,0.9863
/home/heph/Documents/code/ransom/new/mb_dataset/samples/02b49fd8781580e1f25034c9ca89d7989729f6ca898579f434cc6122247b7c06.exe,MALWARE,0.9999
/home/heph/Documents/code/ransom/new/mb_dataset/samples/9ca333b2e88ab35f608e447b0e3b821a6e04c4b0c76545177890fb16adcab163.exe,MALWARE,0.9999
/home/heph/Documents/code/ransom/new/mb_dataset/samples/865930cd680f5196672ec552ee19693a9e2868709b0cdb71674ded1f04c85922.exe,MALWARE,0.9999
/home/heph/Documents/code/ransom/new/mb_dataset/samples/232ad46f353db7bca9d03e88e0c25981447839b221bea99c35f66819f1e17e77.exe,MALWARE,0.9999
/home/heph/Documents/code/ransom/new/mb_dataset/samples/1b6af2fbbc636180dd7bae825486ccc45e42aefbb304d5f83fafca4d637c13cc.exe,MALWARE,0.9999
/home/heph/Documents/code/ransom/new/mb_dataset/samples/78ffecf887f745fbb0bf9a1fff8b5ad288c7fa0d86989edfa928a40da12e9a33.exe,MALWARE,0.9999
/home/heph/Documents/code/ransom/new/mb_dataset/samples/f1b02c1a8b83d1c3be8009577b0c95e71f99b87a1491023357e4ecb9109b2e26.exe,MALWARE,0.9999
/home/heph/Documents/code/ransom/new/mb_dataset/samples/00fd368983e0825b36e03a014e1bd5f622fb880bf17082f89785b829fe2d0d80.exe,MALWARE,0.9999
/home/heph/Documents/code/ransom/new/mb_dataset/samples/a3410e5e4003361ccd1f4417ab7b36e1faed98abd248f85a21f4f74007c8ba0e.exe,MALWARE,0.9999
/home/heph/Documents/code/ransom/new/mb_dataset/samples/10157499f507352e37a313393c24d5024123c5a4d557fc509094bad4652ddc86.exe,MALWARE,0.9999
/home/heph/Documents/code/ransom/new/mb_dataset/samples/0ff90e51f04083e8bb34bb7a414a9b28a5e0264e152ac086e64b548e5a771956.exe,SUSPICIOUS,0.8582
/home/heph/Documents/code/ransom/new/mb_dataset/samples/df5ab9015833023a03f92a797e20196672c1d6525501a9f9a94a45b0904c7403.exe,MALWARE,0.9999
/home/heph/Documents/code/ransom/new/mb_dataset/samples/714d9a3237e9275cc0bea621859f8b231ef5cda07d06a47ec55e4923c5b93431.exe,MALWARE,0.9999
/home/heph/Documents/code/ransom/new/mb_dataset/samples/5de0c6446c89362e5e65a0d97f038a114d14876b983d7d6381f354dc7f91440c.exe,MALWARE,0.9999
/home/heph/Documents/code/ransom/new/mb_dataset/samples/84a815dc2911e4585d3c969bf240c13825560f3bcb389d77cb52e0d7fca044df.exe,MALWARE,0.9999
/home/heph/Documents/code/ransom/new/mb_dataset/samples/2a345c05cade5c2d0783e79a4632c858331270d3ff27f6f60472b3245884c5b5.exe,MALWARE,0.9999
/home/heph/Documents/code/ransom/new/mb_dataset/samples/745142a857f0b03a12b54d34e46ff6a00ba0b304af5c3d61cb7d8f4d9c7810ad.exe,MALWARE,0.9999
/home/heph/Documents/code/ransom/new/mb_dataset/samples/c974d8c6a1ce2eb12f0eca40e8782dea046d707f04ad65aae98af3c1b4ca6ce6.exe,MALWARE,0.9999
/home/heph/Documents/code/ransom/new/mb_dataset/samples/dd6ff9119440ce8f91c15946c52faf7fb62494cb5fd9b1736bd03b8f55f15118.exe,MALWARE,0.993
/home/heph/Documents/code/ransom/new/mb_dataset/samples/149a736ef944f0bd8510cda9d1347fd6026230e040526382fdd9856a28d0a589.exe,MALWARE,0.9998
/home/heph/Documents/code/ransom/new/mb_dataset/samples/339c41d27e2bf615ead99fb205aa60c9cbb034154e4ae78c1fedf592ed8cfea7.exe,MALWARE,0.9999
/home/heph/Documents/code/ransom/new/mb_dataset/samples/71b2f16e2dd93eec47e0c0d0c1b51a0bda61fe73190019f497932bea635437ac.exe,MALWARE,0.9999
/home/heph/Documents/code/ransom/new/mb_dataset/samples/868b634bddaa6ee0ddb2af98ec0c82747cd5ed607fc867b563ca773603583c02.exe,MALWARE,0.9998
/home/heph/Documents/code/ransom/new/mb_dataset/samples/efbb8a4b6d879fb0d28f6b480436010fe91ab2b4ecf416640ef54650c2fdfc60.exe,MALWARE,0.9998
/home/heph/Documents/code/ransom/new/mb_dataset/samples/0ab9e88f2135f7fbd439435f0ff4da887bbfb1cae67ccc8209aac22e75e3486f.exe,MALWARE,0.9999
/home/heph/Documents/code/ransom/new/mb_dataset/samples/45bd312829efc1028cdf0777871ddd69dd4ef18b2ee2b1f08a94b71d8a667626.exe,MALWARE,0.9999
/home/heph/Documents/code/ransom/new/mb_dataset/samples/2c66c43a2c2cad9349a519d262bb50ce97ec09ad5543db4cba4ef59bbac1a5fc.exe,MALWARE,0.9999
/home/heph/Documents/code/ransom/new/mb_dataset/samples/51f81938d16384ea7c86f92515bc4a1714791b628e008b61ff974d684a63603f.exe,MALWARE,0.9999
/home/heph/Documents/code/ransom/new/mb_dataset/samples/d5a4c1464dc07be363fabcd46840557f2aaf9cde5de5029a709f4fa8f8e2aa11.exe,MALWARE,0.9999
/home/heph/Documents/code/ransom/new/mb_dataset/samples/76f13279f2ea05c8895394f57b71716847857d2beac269272375ce8a71c80e40.exe,MALWARE,0.9999
/home/heph/Documents/code/ransom/new/mb_dataset/samples/944a1a411abb97f9ae547099c4834beb49de0745740ba450efb747bd62d8d83b.exe,MALWARE,0.9938
/home/heph/Documents/code/ransom/new/mb_dataset/samples/5530363373dfe8fa474c9394184d2c56a0682c6a178d6f1c3536a1a3796dff42.exe,MALWARE,0.9999
/home/heph/Documents/code/ransom/new/mb_dataset/samples/a0570660e7e0a9f97c0b7f5928ec4b2ca4332054a34eb4432d0b986b326cb81a.exe,MALWARE,0.9569
/home/heph/Documents/code/ransom/new/mb_dataset/samples/4c130dfce360a886073880a8d77aedc11684baaf368da7841b1af19080c73190.exe,MALWARE,0.9999
/home/heph/Documents/code/ransom/new/mb_dataset/samples/32caaeb1487f1370b282d459630ba852691a3b2e2d93a318494c36781d5dee4a.exe,MALWARE,0.9998
/home/heph/Documents/code/ransom/new/mb_dataset/samples/124851e0082f9d38942824a0a349c8391fa2d1717eacffbd58e48ac6673d680f.exe,MALWARE,0.9998
/home/heph/Documents/code/ransom/new/mb_dataset/samples/a3dd850d5c543003baaa5422ef084adff7e3b1691a11eed8c91235ba12be13bc.exe,MALWARE,0.9999
/home/heph/Documents/code/ransom/new/mb_dataset/samples/c28d6cbbaa08f1522fd7b89d2f0cfe831604895b49a0abb44db110057b8cb4e8.exe,MALWARE,0.9864
/home/heph/Documents/code/ransom/new/mb_dataset/samples/1f8d8b9ec669ff3112e091db6fa2b163fc53aa9f8ddb03bd3042c017d1397a28.exe,MALWARE,0.9999
/home/heph/Documents/code/ransom/new/mb_dataset/samples/68fe419e4826b697016a1318f6689492cc0274531c4b82fed32dbc542b15a867.exe,MALWARE,0.9999
/home/heph/Documents/code/ransom/new/mb_dataset/samples/34c843387845479329052ec7a71f6445c7530b6fee2eabb458da2338d1af41e4.exe,MALWARE,0.9999
/home/heph/Documents/code/ransom/new/mb_dataset/samples/5c6cce76a28898a242265b4eb3a3b14558dfb9a67319cfe0ac0bd175addb5b9a.exe,MALWARE,0.9999
/home/heph/Documents/code/ransom/new/mb_dataset/samples/bfdb075aa514cb43b711bab06e775c081671863bc89c8e84763864e0aa35dd2c.exe,MALWARE,0.9999
/home/heph/Documents/code/ransom/new/mb_dataset/samples/a2b8123e81638843b3de9601a9b80067d74da5f003070d906d33d09481362622.exe,MALWARE,0.9999
/home/heph/Documents/code/ransom/new/mb_dataset/samples/369336e9f7b6e5d68a34ca420ba8a2076b8c232d9fff3f52c340fa664fc6b5e2.exe,MALWARE,0.9999
/home/heph/Documents/code/ransom/new/mb_dataset/samples/7142bff8d40f56b9e2e8eaf2d626d54ef6533e6d2f29242ecc90c98aef1a6955.exe,MALWARE,0.9999
/home/heph/Documents/code/ransom/new/mb_dataset/samples/3d6c1fdfc04383ddb9a9028fa7181b017978a0d4f910fdfcb3905ed6b4f33418.exe,MALWARE,0.9999
/home/heph/Documents/code/ransom/new/mb_dataset/samples/337d21f964091417f22f35aee35e31d94fc3f35179c36c0304eef6e4ae983292.exe,MALWARE,0.9999
/home/heph/Documents/code/ransom/new/mb_dataset/samples/4630a1a0312f5a6531d429dcd90214207666e8ca5cd45f945bf05eee9a2a41d4.exe,MALWARE,0.9955
/home/heph/Documents/code/ransom/new/mb_dataset/samples/bd925297784089ce7ff2b548a6a8eaf1c8207ba05dc3192facbb54128dbaed2c.exe,MALWARE,0.9999
/home/heph/Documents/code/ransom/new/mb_dataset/samples/954d8fcd6b74d76999f9ec033ca855ffdab6595be23039f03bc4c6017fa3932c.exe,MALWARE,0.9621
/home/heph/Documents/code/ransom/new/mb_dataset/samples/55e69954973f40718e6462573576a39158eba9865816aba4e4d6ff22fac80d2f.exe,MALWARE,0.9999
/home/heph/Documents/code/ransom/new/mb_dataset/samples/3032b026ebd192e9cd58bb98f963db4abce0ca9f6f245de1c0926ae5cb980bea.exe,MALWARE,0.989
/home/heph/Documents/code/ransom/new/mb_dataset/samples/5926b866a03eeb02257933c50ef6f2f73db4691c2b1d550f40391b036010916f.exe,MALWARE,0.964
/home/heph/Documents/code/ransom/new/mb_dataset/samples/a82e496b7b5279cb6b93393ec167dd3f50aff1557366784b25f9e51cb23689d9.exe,MALWARE,0.9999
/home/heph/Documents/code/ransom/new/mb_dataset/samples/c7153bdffa0a2de5771193dedd0e4985d08d9497e1b6f97d9beb6a3e54ae48b9.exe,MALWARE,0.9973
/home/heph/Documents/code/ransom/new/mb_dataset/samples/c9fd60a7a3974913a39a4dcdad4b4ccaeb93b614741af2eb7ee0d892130689d8.exe,MALWARE,0.9999
/home/heph/Documents/code/ransom/new/mb_dataset/samples/d7b4e115c2ab48cbdaaad4d1675b6e3f70fe5aa13316e7c85605758c7de75208.exe,MALWARE,0.9853
/home/heph/Documents/code/ransom/new/mb_dataset/samples/e98182d44dc7ec4a154021757da3132769db318cf9d78f15fc06c92682f8a253.exe,MALWARE,0.9997
/home/heph/Documents/code/ransom/new/mb_dataset/samples/77ebb550f38da3f28a65940a4c665ae3a679249ad906aa39387568a1f7ddd3fa.exe,MALWARE,0.9999
/home/heph/Documents/code/ransom/new/mb_dataset/samples/bf1c0e2ca07484fafc27ac89aabbcb7b8ddfbc271fd8e6f11da9886e1713615d.exe,MALWARE,0.9999
/home/heph/Documents/code/ransom/new/mb_dataset/samples/771a06e3a1bdb42a7249d1c888e740c2bc46ba30b54490188c17f6c84ca96e26.exe,MALWARE,0.9999
/home/heph/Documents/code/ransom/new/mb_dataset/samples/89e0b349ffce6895b098992dde220fb813dfea443d6cb36e812c6bcfad423b1a.exe,MALWARE,0.9999
/home/heph/Documents/code/ransom/new/mb_dataset/samples/8e4f9e4c2bb563c918fbe13595de9a32b307e2ce9f1f48c06b168dbbb75b5e89.exe,MALWARE,0.9999
/home/heph/Documents/code/ransom/new/mb_dataset/samples/9479a5dc61284ccc3f063ebb38da9f63400d8b25d8bca8d04b1832f02fac24de.exe,MALWARE,0.9999
/home/heph/Documents/code/ransom/new/mb_dataset/samples/9a56a47e13dbe418f801d9c5f344d56722eb6ad20a068a63674cdd12683b547f.exe,MALWARE,0.9999
/home/heph/Documents/code/ransom/new/mb_dataset/samples/a13ff5087063e8824fe9ddb4cf8cbf90cf6a17e6ac4ae02a3a6fb73f23128ba6.exe,MALWARE,0.9999
/home/heph/Documents/code/ransom/new/mb_dataset/samples/a272ee1f73060773959a897d67e565f19c726eab0e20bbf2f78203f61def72c6.exe,MALWARE,0.9999
/home/heph/Documents/code/ransom/new/mb_dataset/samples/3c3088afd47537d8504fc27f2bd4a6595a000c504c8725d38cb86d3db8140ca2.exe,MALWARE,0.9999
/home/heph/Documents/code/ransom/new/mb_dataset/samples/3e3c7d3f5f93d7bf260aca7612b4dbc5d0e90992841f7e6826d7fb7fa3abe044.exe,MALWARE,0.9999
/home/heph/Documents/code/ransom/new/mb_dataset/samples/3e5ca77f299d56fad7ebca8259eecd6f47efce6265e8ed621e7b7081f9230cdc.exe,MALWARE,0.9999
/home/heph/Documents/code/ransom/new/mb_dataset/samples/3f6a4fcb128b0902fc67c2ac1903e3aaca121c1dcfa966653f721285f1179bb7.exe,MALWARE,0.9999
/home/heph/Documents/code/ransom/new/mb_dataset/samples/3f9e050d060f2d89dfb871b83821ee1043407c047ea1dbb14262a1618a87e530.exe,MALWARE,0.9999
/home/heph/Documents/code/ransom/new/mb_dataset/samples/4013e314cfd935fc5cbc21c5e94bb557ce256014db2c625719428f262da47ffe.exe,MALWARE,0.9999
/home/heph/Documents/code/ransom/new/mb_dataset/samples/40778b070a715f834b207502b3f68149a79c2e0e1768e52cd5d229ddac465093.exe,MALWARE,0.9999
/home/heph/Documents/code/ransom/new/mb_dataset/samples/429be4db8de74cfa0bcd67c8ed483e3f7850fbd3ebb38d51a73e983a93a01978.exe,MALWARE,0.9999
/home/heph/Documents/code/ransom/new/mb_dataset/samples/4bb997d7f0f3ff1b402bd364782af6ca764e79705fbb6de3398b3a1c88cdcfee.exe,MALWARE,0.9999
/home/heph/Documents/code/ransom/new/mb_dataset/samples/4bc3171fe1554b692841f7ba5104d41956fa868c4c20bcce4c1b4fd942fb2082.exe,MALWARE,0.9999
/home/heph/Documents/code/ransom/new/mb_dataset/samples/4bd1b23b5554f039306b7a36094daae65bb8ab2a92a930ad00938d5b94ad0144.exe,MALWARE,0.9999
/home/heph/Documents/code/ransom/new/mb_dataset/samples/4c0d9c8d1b4b7d4ffe14f7bbeefe43e938e6a9db9f8c3534f060aebabfa10692.exe,MALWARE,0.9999
/home/heph/Documents/code/ransom/new/mb_dataset/samples/4c2284adbb5851e27c57d50dc46d217c718c97575bca68bbd8679b31e8cbcffd.exe,MALWARE,0.9999
/home/heph/Documents/code/ransom/new/mb_dataset/samples/4de64b80ff54661d8aa17cd3c8d23e170c37da5386df9ab850290713617dc277.exe,MALWARE,0.9999
/home/heph/Documents/code/ransom/new/mb_dataset/samples/4edc467b3a705e317949e72eb2f76f6fd4c871a0d2d294b5ece41b0e7360aaea.exe,MALWARE,0.9999
/home/heph/Documents/code/ransom/new/mb_dataset/samples/4fb2dc61d4e881deb81b98fb38e3495e103f4d24e62ebb6a52690bb59bda666a.exe,MALWARE,0.9999
/home/heph/Documents/code/ransom/new/mb_dataset/samples/4fd5e4ac8016e20d499fe1bc7e7323d397529828647ab15c7b218dbbe78a4b4e.exe,MALWARE,0.9999
/home/heph/Documents/code/ransom/new/mb_dataset/samples/513abf0da6ab016dfa333c863dff0e7c1ee86601884abef87f09de0805af1594.exe,MALWARE,0.9999
/home/heph/Documents/code/ransom/new/mb_dataset/samples/5161b4be5a8ed4a9fc0e551fc370447f68b331f605bd8e4317770b1228006023.exe,MALWARE,0.9999
/home/heph/Documents/code/ransom/new/mb_dataset/samples/51da3acc6c7089bd0f1df9d9902e183db0d1342552404c3c1b898b168399b0bc.exe,MALWARE,0.9998
/home/heph/Documents/code/ransom/new/mb_dataset/samples/dc2c62c6973e955dd4bca88f80802d264320e4a00fe3740ebf31367cdc3ea74b.exe,MALWARE,0.9999
/home/heph/Documents/code/ransom/new/mb_dataset/samples/dc4a6c00113847cf722a40e412ba5dc01c5d6fce285d473f471c6c1917c51027.exe,MALWARE,0.9999
/home/heph/Documents/code/ransom/new/mb_dataset/samples/e5b4e81b4a343ccac0cc4ffffe00505376c6344e4deef0bf9f47797aa88a77df.exe,MALWARE,0.9999
/home/heph/Documents/code/ransom/new/mb_dataset/samples/e750204649232c03bb2b093916a3f98b79b65118d69a808f920c8515a3ec47e7.exe,MALWARE,0.9999
/home/heph/Documents/code/ransom/new/mb_dataset/samples/e7c7544749f15087c9da62ddd6673ee4de7ade0b855d33c32b2b700a8a29a4a2.exe,MALWARE,0.9999
/home/heph/Documents/code/ransom/new/mb_dataset/samples/e8b5eebb78b19288a768f95ee536411e5851e501690df7d088f0989848b8c540.exe,MALWARE,0.9999
/home/heph/Documents/code/ransom/new/mb_dataset/samples/eac5860c5ab21c42795c68268aebd7a1f6ad6e85b1067f2a0b1ae990949514b2.exe,MALWARE,0.9999
/home/heph/Documents/code/ransom/new/mb_dataset/samples/eaf8b0fa53d98296c308d05f54fca99877849be352f245fcdc397199010b0829.exe,MALWARE,0.9999
/home/heph/Documents/code/ransom/new/mb_dataset/samples/35869c0b190a34b9978856dabf6ae6f30b191581fed33c6b525321d6854b2ee8.exe,MALWARE,0.9999
/home/heph/Documents/code/ransom/new/mb_dataset/samples/35ec04f4ae6a7cf8f62c17c698f2377b8855e41cd9cf81fdb3bfb6fab3fcd5d1.exe,MALWARE,0.9999
/home/heph/Documents/code/ransom/new/mb_dataset/samples/3684e19cb97cf737ad719c56f62266fb72cb5170918dbbfddf2e141d23c92bf2.exe,MALWARE,0.9999
/home/heph/Documents/code/ransom/new/mb_dataset/samples/36ce5b2c97892f86fd0e66d9dd6c4fbd4a46e7f91ea55cc1f51dee3a03417a3a.exe,MALWARE,0.9999
/home/heph/Documents/code/ransom/new/mb_dataset/samples/37262a3bd85577f6f688659b451d9124e52248a42a69644ad5696c0006f5abcc.exe,MALWARE,0.9999
/home/heph/Documents/code/ransom/new/mb_dataset/samples/3768a188e961c574792e578b86ad7616e726714aaff1e61ee61bf0767857b626.exe,MALWARE,0.9999
/home/heph/Documents/code/ransom/new/mb_dataset/samples/37dcff64f4173e57fcb53ba5bf52558ed212389c2ee8a4e2c9807f48c3126ff3.exe,MALWARE,0.9999
/home/heph/Documents/code/ransom/new/mb_dataset/samples/38263d5d34ed82028ea2f415d89191b3ee41e07f95227c16b0508aff996a3111.exe,MALWARE,0.9999
/home/heph/Documents/code/ransom/new/mb_dataset/samples/3988d8344dc340563564d9548a1add9edf9972ce9396b9f77515b6699389a8ec.exe,MALWARE,0.9999
/home/heph/Documents/code/ransom/new/mb_dataset/samples/39ca9dd6286713a76af0898244746828597ff8ae867e907576ab4c0442b1401d.exe,MALWARE,0.9999
/home/heph/Documents/code/ransom/new/mb_dataset/samples/3b334eac956c7ee16ad0177a1f34292fd015773e4e17e5be86f2eed43c1522e9.exe,MALWARE,0.9999
/home/heph/Documents/code/ransom/new/mb_dataset/samples/3ba4becd2055f8eaf571be4fb7f01af27f2872737918666ca7ed3bf18978b825.exe,MALWARE,0.9999
/home/heph/Documents/code/ransom/new/mb_dataset/samples/06873dcd2edafcffe3daede3c6fe20ae461f50d46e808494eef17b7d2d0785e2.exe,MALWARE,0.9999
/home/heph/Documents/code/ransom/new/mb_dataset/samples/06cac5834189eea0c42c6aed0acf3d9246798c80210af43714aec8244c25b212.exe,MALWARE,0.9999
/home/heph/Documents/code/ransom/new/mb_dataset/samples/06cf663fa6a023cda386f3f2530b2d950c6baf6c1431382d91ed3aa65c59fede.exe,MALWARE,0.9999
/home/heph/Documents/code/ransom/new/mb_dataset/samples/07608050c4cb42fb604d98bde59b93f727af673a6304047c2f4123a9a36af5c5.exe,MALWARE,0.9999
/home/heph/Documents/code/ransom/new/mb_dataset/samples/07f005db8136e4339295027b076b00b9e785ec1c21cba47b1d0f3b2a70394af8.exe,MALWARE,0.9999
/home/heph/Documents/code/ransom/new/mb_dataset/samples/089abc7af921ee042acc19cd2f52bf40705af2aeaa336084bdcd1fd5edcd23a2.exe,MALWARE,0.9999
/home/heph/Documents/code/ransom/new/mb_dataset/samples/09260431c796a1221273a8d454696ef3afd32af72cd1157f491943efbc6afdc9.exe,MALWARE,0.9999
/home/heph/Documents/code/ransom/new/mb_dataset/samples/097643488f2b6bf865077ca1f6ec44cb8445f495f420e84091dfb52a7161b344.exe,MALWARE,0.9999
/home/heph/Documents/code/ransom/new/mb_dataset/samples/bd72df49050bb2b1e400789c58b280b0f5b81cdfa955f7a29f845bc91fb7af0d.exe,MALWARE,0.9999
/home/heph/Documents/code/ransom/new/mb_dataset/samples/bd9dafe77742be382e24516b5df04455be835b88c6eee8193f7f893b58ad844a.exe,MALWARE,0.9999
/home/heph/Documents/code/ransom/new/mb_dataset/samples/c10971363a377112239bf6a784c4f0b363c2581a660b68a36a4b9a37c7d6b038.exe,MALWARE,0.9999
/home/heph/Documents/code/ransom/new/mb_dataset/samples/c10a89fbf0a360fabf69bdd95ee20eb0884abbcabb9617c2407fd1d1dd051576.exe,MALWARE,0.9999
/home/heph/Documents/code/ransom/new/mb_dataset/samples/c1a1809621329fce9021f0b891e4594a702184daef71bc19adf438389ebaec25.exe,MALWARE,0.9999
/home/heph/Documents/code/ransom/new/mb_dataset/samples/c1fb2fab3d9a469b022de236d5f21ae316686ccc4c4bfb5bfe1ec8045240404a.exe,MALWARE,0.9999
/home/heph/Documents/code/ransom/new/mb_dataset/samples/c352eb8e371d3415c4dcefc10f0356473d271de827f9b6357eca13b6905ef934.exe,MALWARE,0.9999
/home/heph/Documents/code/ransom/new/mb_dataset/samples/cb681d4238b70e7b65373eb58fbbb1e3127bb13b87391659a032693dffabfbc3.exe,MALWARE,0.9999
/home/heph/Documents/code/ransom/new/mb_dataset/samples/d0c8dc7791e9462b6741553a411a5bfa5f4a9ad4ffcf91c0d2fc3269940e48a2.exe,MALWARE,0.9999
/home/heph/Documents/code/ransom/new/mb_dataset/samples/d311674e5e964e7a2408b0b8816b06587b2e669221f0e100d4e0d4a914c6202c.exe,MALWARE,0.9999
/home/heph/Documents/code/ransom/new/mb_dataset/samples/d76dc98bc8b7ec9a2a22a9592ae57646ce22b4b41f97e7a9044ad2b23be1cf46.exe,MALWARE,0.9999
/home/heph/Documents/code/ransom/new/mb_dataset/samples/dc04cfbe4cdbceb556fc06f9d939e354c1b826a183e9ab3b82d782b15e286432.exe,MALWARE,0.9999
/home/heph/Documents/code/ransom/new/mb_dataset/samples/edae69e8c6cbdef85b41a5dac83b83812ef9ebffc89db11629a1ba4f6f614fe6.exe,MALWARE,0.9999
/home/heph/Documents/code/ransom/new/mb_dataset/samples/f2337af97ecfa9cc2a76211670dae12808a1c77b70ab951378d9d8f5e173aeaf.exe,MALWARE,0.9999
/home/heph/Documents/code/ransom/new/mb_dataset/samples/f29e24b4041c6942d0c38527ce8be9827fa86f70cbf735543800d9397b5c6b84.exe,MALWARE,0.9999
/home/heph/Documents/code/ransom/new/mb_dataset/samples/f52a9f09e5ed90df59ba3d89316d1ed22fb34ccff1c8ff5b209caf4d42deaa66.exe,MALWARE,0.9999
/home/heph/Documents/code/ransom/new/mb_dataset/samples/f58268f085f1c9f629f006e9d4a9cc67d348c3316ce63f7158d5e560ffaf37a1.exe,MALWARE,0.9999
/home/heph/Documents/code/ransom/new/mb_dataset/samples/f65288e2eb38ab1516e0cff944954e991aef1c6d180b1a2b445a32ac170fb547.exe,MALWARE,0.9999
/home/heph/Documents/code/ransom/new/mb_dataset/samples/f67381503c71bffb6ce099058f8117d47f4e4c25efd7953aab14fac193b826c4.exe,MALWARE,0.9999
/home/heph/Documents/code/ransom/new/mb_dataset/samples/fa2574e0a86d547d971821b8e5997717d25a7764619e299ffba9cf50beff2e66.exe,MALWARE,0.9999
/home/heph/Documents/code/ransom/new/mb_dataset/samples/adf4e2a037a518dba9ff4a87ccfa8b09ad1ac256ffc2329a7cd81b75424a744b.exe,MALWARE,0.9999
/home/heph/Documents/code/ransom/new/mb_dataset/samples/0016d62346cdb482ef51f842aa979b2babdfa843db87f1b7efe2712444d0954d.exe,MALWARE,0.9999
/home/heph/Documents/code/ransom/new/mb_dataset/samples/0150ca403ae96a68321d3529ae13bca57fd36c754a9d03a95b502cdf3221af0f.exe,MALWARE,0.9999
/home/heph/Documents/code/ransom/new/mb_dataset/samples/0183edb40f7900272f63f0392d10c08a3d991af41723ecfd38abdfbfdf21de0a.exe,MALWARE,0.9999
/home/heph/Documents/code/ransom/new/mb_dataset/samples/020417c0f9f086b2f712490812362efe7f4459200a8203c95e37ba4613e5bd03.exe,MALWARE,0.9999
/home/heph/Documents/code/ransom/new/mb_dataset/samples/02062da1f52d15e66a08348cded9e478b1e0c7b334de4b42c719710ab2b5bf16.exe,MALWARE,0.9999
/home/heph/Documents/code/ransom/new/mb_dataset/samples/03d07d15c8e652a5d059cdb7f8c333fcdc96b64b920f973458f81de9f04543bc.exe,MALWARE,0.9999
/home/heph/Documents/code/ransom/new/mb_dataset/samples/0446a3278b1757d733979c95aa2b74adf29ba72d6e381d0102687ab1f551cdbb.exe,MALWARE,0.9999
/home/heph/Documents/code/ransom/new/mb_dataset/samples/04ffd0d5fd66764de6c68fce5ac75b1990191721f151a7b8e01ef156066fbfbe.exe,MALWARE,0.9999
/home/heph/Documents/code/ransom/new/mb_dataset/samples/064caff351bd2f921ba9a61b143901367eaf9253f7fb8887b8847ad078d64b43.exe,MALWARE,0.9999
/home/heph/Documents/code/ransom/new/mb_dataset/samples/066a1746c910ff6b1cc8c8fa0795c8ca4f1f1b01c746ca24d72b385b0aa087c2.exe,MALWARE,0.9999
/home/heph/Documents/code/ransom/new/mb_dataset/samples/4358e676a4d7e704e0f639f82abb502cb7460a7fe849f8ab8a4410aec30234ae.exe,MALWARE,0.9999
/home/heph/Documents/code/ransom/new/mb_dataset/samples/437aba56d7035ab31c910a900e0ff7ab46e25c88227825e27767b9522e8d7e3b.exe,MALWARE,0.9999
/home/heph/Documents/code/ransom/new/mb_dataset/samples/4392dcce97df199e00efb7a301e26013a44ee79d9b4175d4539fae9aed4f750b.exe,MALWARE,0.9999
/home/heph/Documents/code/ransom/new/mb_dataset/samples/441f715d0f08b8f9d64a32fdb316bd2510895be26b790a093189775c640e0706.exe,MALWARE,0.9999
/home/heph/Documents/code/ransom/new/mb_dataset/samples/44df64e201f3e8fb0ec9f113e3ab7a674d3aedd43dc7a904a7779cce506b0e38.exe,MALWARE,0.9999
/home/heph/Documents/code/ransom/new/mb_dataset/samples/454bc550201e856022e35ca3e64e9aab582a0fbc6bc73656aa792e5b934fe2a3.exe,MALWARE,0.9999
/home/heph/Documents/code/ransom/new/mb_dataset/samples/45b708ab19d34af228aca784051cf526ebe4891dfa77bb6099b6dce50cb6c0f7.exe,MALWARE,0.9999
/home/heph/Documents/code/ransom/new/mb_dataset/samples/4736c32628eb7399cb90476b2549913e670f350b2fa75636a03e49201526a804.exe,MALWARE,0.9999
/home/heph/Documents/code/ransom/new/mb_dataset/samples/47d98fd41e36f04b676bc8315f45689d5a7cffe3d8563d79c1125b4fbc81cccf.exe,MALWARE,0.9999
/home/heph/Documents/code/ransom/new/mb_dataset/samples/4813872718b5ac1cb99b9b944fc04ee59f20d8bc3f11ef8740dce016dffdefa4.exe,MALWARE,0.9999
/home/heph/Documents/code/ransom/new/mb_dataset/samples/485580b18e988e1b13fc11582b424a65132f003333b22367b47d2135cc0c3799.exe,MALWARE,0.9999
/home/heph/Documents/code/ransom/new/mb_dataset/samples/4860fb00cb47a226e10ead2cee546b7f64e5e79fec5f77e1256d16251a8e3e8a.exe,MALWARE,0.9999
/home/heph/Documents/code/ransom/new/mb_dataset/samples/4866d6994c2f8b4dadfaabc2e2b81bd86c12f68fdf0da13d41d7b0e30bea0801.exe,MALWARE,0.9999
/home/heph/Documents/code/ransom/new/mb_dataset/samples/493017c3920bf30ccbb97016a535ffe9d85d55f10ac8f5c8d5c0e18bd1b763dc.exe,MALWARE,0.9999
/home/heph/Documents/code/ransom/new/mb_dataset/samples/493fa2f304a534a97a47d9584704030ae1f712585c37bdd7aa17ca3a17606f6f.exe,MALWARE,0.9999
/home/heph/Documents/code/ransom/new/mb_dataset/samples/498dfa128704bc0f36818cbe462cff085d5a4614051e7907da570a87bac4fba2.exe,MALWARE,0.9999
/home/heph/Documents/code/ransom/new/mb_dataset/samples/499f70bf65bc78f8bb44d66b80e7f24dcc0679f6f4f3eebd3a97a05d24d401af.exe,MALWARE,0.9999
/home/heph/Documents/code/ransom/new/mb_dataset/samples/4b06b45905fb678c9b783c49b9c1a90d714d762fb930547de8f7d13276eb31a5.exe,MALWARE,0.9999
/home/heph/Documents/code/ransom/new/mb_dataset/samples/4b601c956b9c31ecebd214127ffd87a8d2b0ad0ed7ec58e3e2e489760865e389.exe,MALWARE,0.9999
/home/heph/Documents/code/ransom/new/mb_dataset/samples/ed1ed10a2798ff272fa00ceb54c6d33be83a1d1d3f3db930fb828466824544d9.exe,MALWARE,0.9999
/home/heph/Documents/code/ransom/new/mb_dataset/samples/29214055a5789fc1002f1a38bdf0e5d4826724534da5d30f4e38f83e186b3edf.exe,MALWARE,0.9999
/home/heph/Documents/code/ransom/new/mb_dataset/samples/29c654b4d28851d4a1b346a6630cce46635e2036a2f4e272ff977dd57afe6c6a.exe,MALWARE,0.9999
/home/heph/Documents/code/ransom/new/mb_dataset/samples/2ab717ca03abac1925dffe96e0daecc8d625192804ed46111688ebc2c1d58ae5.exe,MALWARE,0.9999
/home/heph/Documents/code/ransom/new/mb_dataset/samples/2ad4889846cfdec40cf0b089a61b8d618d0eb7ccd83a68117dc391fff359214a.exe,MALWARE,0.9999
/home/heph/Documents/code/ransom/new/mb_dataset/samples/2cf8975496781dd06f3a0ef3d41f994d06dc4bafb3f417e51cc18896faaf8e04.exe,MALWARE,0.9999
/home/heph/Documents/code/ransom/new/mb_dataset/samples/2fdef1db7d43cfc1134c31e121202b44f67fe2323067c0fcf85895b03d764c70.exe,MALWARE,0.9999
/home/heph/Documents/code/ransom/new/mb_dataset/samples/303390bc191c1d649f31cb81d70289cb7cfd2097ac6eec11d83f73382ca8e633.exe,MALWARE,0.9999
/home/heph/Documents/code/ransom/new/mb_dataset/samples/306a043bae611b8e7d31fa2bd72e7b2b27771e48bba4f034687ba73ae64fdcce.exe,MALWARE,0.9999
/home/heph/Documents/code/ransom/new/mb_dataset/samples/307ce928a9a9c4edbfdb69266b7ec8d9297579124456204748f11120f46af641.exe,MALWARE,0.9999
/home/heph/Documents/code/ransom/new/mb_dataset/samples/30dc5634a6f8e4fb7f61852ce992e06f8e84024826118ed0b95d17d101e708f9.exe,MALWARE,0.9999
/home/heph/Documents/code/ransom/new/mb_dataset/samples/31105fb81a54642024ef98921a524bf70dec655905ed9a2f5e24ad503188d8ae.exe,MALWARE,0.9999
/home/heph/Documents/code/ransom/new/mb_dataset/samples/3121f4f26075f6ebcd725d57ab1c0c6f4433acf1b8942b92cd4d533ce672f7f8.exe,MALWARE,0.9999
/home/heph/Documents/code/ransom/new/mb_dataset/samples/31ac190b45cc32c04c2415761c7f152153e16750516df0ce0761ca28300dd6a4.exe,MALWARE,0.9999
/home/heph/Documents/code/ransom/new/mb_dataset/samples/31f25b07fbacb858b8b855099e17eb883ed4597b84a54c2ca2af5f8fb44d2456.exe,MALWARE,0.9999
/home/heph/Documents/code/ransom/new/mb_dataset/samples/322211452488d367edb6796363c70ac752ad67048092cf4d00a67afd2cbf090b.exe,MALWARE,0.9999
/home/heph/Documents/code/ransom/new/mb_dataset/samples/324e7e661739ec747c0a65a3da752fe572c205b8d44a498cb2e5b553e3a02a21.exe,MALWARE,0.9999
/home/heph/Documents/code/ransom/new/mb_dataset/samples/327799f36f3ff17ccf9989655edf82793cfe0551994397d8f4ad925bea1f2745.exe,MALWARE,0.9999
/home/heph/Documents/code/ransom/new/mb_dataset/samples/32dce5b309829b8c37abe243e5bd8cbc9fae96ce7109fcd348b2193e64061401.exe,MALWARE,0.9999
/home/heph/Documents/code/ransom/new/mb_dataset/samples/3456b35253e1d4f2fcc0886eabf6977f6a7126a1c9b3208ea58252183c6b1c75.exe,MALWARE,0.9999
/home/heph/Documents/code/ransom/new/mb_dataset/samples/42ed1c56b967d721a4b6b98cd525b33f76c35d727ae9910466f650682af66302.exe,MALWARE,0.9999
/home/heph/Documents/code/ransom/new/mb_dataset/samples/0a2380a0a44236061c0fdf4ea3b2f75f1e0b63b61adb0cfc01bbf5e2a10a8497.exe,MALWARE,0.9999
/home/heph/Documents/code/ransom/new/mb_dataset/samples/0b567dc11729b018a0849d17e27bd8f696ddbc71f50313ab552247cbf978578e.exe,MALWARE,0.9999
/home/heph/Documents/code/ransom/new/mb_dataset/samples/0c5403c0c2989f2ceb77c0d87d34830a2c2235e40942ce82695747a66f48c8bf.exe,MALWARE,0.9999
/home/heph/Documents/code/ransom/new/mb_dataset/samples/0c8cb5bf2ab6de2faf9498478513b345eb241c64d33b1892df88af5925329024.exe,MALWARE,0.9999
/home/heph/Documents/code/ransom/new/mb_dataset/samples/0e386e1fa6f7a1ef81465dbce1a775b0229ce4ed7497d72483d529088cf5f63d.exe,MALWARE,0.9999
/home/heph/Documents/code/ransom/new/mb_dataset/samples/0f423c7722c550d26cdb474b537144f4c6ed0bbb75eee0fa33cc667113b6aa40.exe,MALWARE,0.9999
/home/heph/Documents/code/ransom/new/mb_dataset/samples/104ad2f9d097758c0fca22678b54534cccde1815ebd6be6226e0bad895148e90.exe,MALWARE,0.9999
/home/heph/Documents/code/ransom/new/mb_dataset/samples/1066395126da32da052f39c9293069f9bcc1c8d28781eb9d44b35f05ce1fd614.exe,MALWARE,0.9999
/home/heph/Documents/code/ransom/new/mb_dataset/samples/108a3966b001776c0cadac27dd9172e506069cb35d4233c140f2a3c467e043d0.exe,MALWARE,0.9999
/home/heph/Documents/code/ransom/new/mb_dataset/samples/10bb96e0680971c11b16dab51f905804f09f3605eb8d157b791abb5ad21af204.exe,MALWARE,0.9999
/home/heph/Documents/code/ransom/new/mb_dataset/samples/11cd3d492a3cf079eef8cbe8068e385e79fa2ebaa5192c605289946c3c4819b3.exe,MALWARE,0.9999
/home/heph/Documents/code/ransom/new/mb_dataset/samples/12376973641a658f2228df99a51333b02ddcee1beb7ee019d48105e2bd76e6b9.exe,MALWARE,0.9999
/home/heph/Documents/code/ransom/new/mb_dataset/samples/125f8fbda267074ebb1338a7a33852db9419e396381b398f0e7e5786bda3e5bb.exe,MALWARE,0.9999
/home/heph/Documents/code/ransom/new/mb_dataset/samples/13b202f8035b5abd8b0c18e0885a60db12661b8e68d9f72d260c5d223d8d6817.exe,MALWARE,0.9999
/home/heph/Documents/code/ransom/new/mb_dataset/samples/13befc26cf004f4bd09268eae6270c47c030d682f1935dc8f438969266755680.exe,MALWARE,0.9999
/home/heph/Documents/code/ransom/new/mb_dataset/samples/14d9c3f25a412878e57418f2d68db490c046cf78f019aba0e170aec5652e9901.exe,MALWARE,0.9999
/home/heph/Documents/code/ransom/new/mb_dataset/samples/1773b284d3dd1e06be6dd92012d05720471395affc653874aa34636bf58d328c.exe,MALWARE,0.9999
/home/heph/Documents/code/ransom/new/mb_dataset/samples/18061dca0d4da1cd8297607c132010c56c0d82520a0f922ba24dd65bc55a29ac.exe,MALWARE,0.9999
/home/heph/Documents/code/ransom/new/mb_dataset/samples/1978935cf8c484d17024464ea07896b665e99350c82511e1a377230dae992080.exe,MALWARE,0.9999
/home/heph/Documents/code/ransom/new/mb_dataset/samples/27fb5458adf29cf8593f93520047759045674362a98fd302e437d981fa46c4ca.exe,MALWARE,0.9999
/home/heph/Documents/code/ransom/new/mb_dataset/samples/d06b5a200292fedcfb4d4aecac32387a2e5b5bb09aaab5199c56bab3031257d6.exe,MALWARE,0.9999
/home/heph/Documents/code/ransom/new/mb_dataset/samples/80e3a04fa68be799b3c91737e1918f8394b250603a231a251524244e4d7f77d9.exe,MALWARE,0.9999
/home/heph/Documents/code/ransom/new/mb_dataset/samples/b714cb02cfd5d67e1502b45242636ee6b35c1b609072d3082378c50a177df15d.exe,MALWARE,0.9999
/home/heph/Documents/code/ransom/new/mb_dataset/samples/85a18f6e3b67c2ebfa27e559515140171348085a4929f95531df15edccd3c4d8.exe,MALWARE,0.9644
/home/heph/Documents/code/ransom/new/mb_dataset/samples/4a97599ff5823166112d9221d0e824af7896f6ca40cd3948ec129533787a3ea9.exe,MALWARE,0.9717
/home/heph/Documents/code/ransom/new/mb_dataset/samples/33dc991e61ba714812aa536821b073e4274951a1e4a9bc68f71a802d034f4fb9.exe,MALWARE,0.9979
/home/heph/Documents/code/ransom/new/mb_dataset/samples/0fff8fb05cee8dc4a4f7a8f23fa2d67571f360a3025b6d515f9ef37dfdb4e2ea.exe,SUSPICIOUS,0.8965
/home/heph/Documents/code/ransom/new/mb_dataset/samples/1bad2b6e8ab16c5a692b2d05f68f7924a73a5818ddf3a9678ca8caab3568a78e.exe,MALWARE,0.9999
/home/heph/Documents/code/ransom/new/mb_dataset/samples/2e62a782c84149953dd216d96fec8e0f4d4b568525bbaa0574b1aad2530d28e0.exe,MALWARE,0.9989
/home/heph/Documents/code/ransom/new/mb_dataset/samples/3e19d1653c08206c55e1f835bd890b067b652b99a7b38bad4d78ad7490c6a0f8.exe,MALWARE,0.9999
/home/heph/Documents/code/ransom/new/mb_dataset/samples/736de79e0a2d08156bae608b2a3e63336829d59d38d61907642149a566ebd270.exe,MALWARE,0.9999
/home/heph/Documents/code/ransom/new/mb_dataset/samples/d174cf908b7bcee10cc0458955554e5ba81beffd8544ae95a427fff643a41c86.exe,MALWARE,0.9717
/home/heph/Documents/code/ransom/new/mb_dataset/samples/0065b818525d8a364f5d9e4b801e3408dad6576ce6d8ca5c01b19c3857a08d64.exe,MALWARE,0.9999
/home/heph/Documents/code/ransom/new/mb_dataset/samples/0382f4930cb892b43c80ef147ad617c332a7c2e298502ef0e6663b2b48319460.exe,MALWARE,0.9999
/home/heph/Documents/code/ransom/new/mb_dataset/samples/08b74bb2d6ec9bbdabdd92fb32d8322d2e08b45b0be069c7429675d33d5060c7.exe,MALWARE,0.9999
/home/heph/Documents/code/ransom/new/mb_dataset/samples/33ef66ec811267739a975c776b75787e819a26761e232f0b3eb4b32e7ef560d8.exe,MALWARE,0.9999
/home/heph/Documents/code/ransom/new/mb_dataset/samples/3d091b32abd008ff392158ff4d7271f72febe6069b4b1b3ccd51a2a733e37327.exe,MALWARE,0.9999
/home/heph/Documents/code/ransom/new/mb_dataset/samples/49916c9c2a9d6b3c60f541891966bfff62e9b3eb9b682ced8600e7e9415b033d.exe,MALWARE,0.9999
/home/heph/Documents/code/ransom/new/mb_dataset/samples/4a0e7565db16ed833a083bc9927f032be5e6918eed712982cd76e87e99510778.exe,MALWARE,0.9999
/home/heph/Documents/code/ransom/new/mb_dataset/samples/94f420e16a4eb5154076895cd8c5f677db4273d37d44b81e1d04b26e851b69fe.exe,MALWARE,0.9999
/home/heph/Documents/code/ransom/new/mb_dataset/samples/9ec6bf1ad038e6c7f5bf9be374d3299df033424ef1399a8ffd892df40efd6353.exe,MALWARE,0.9999
/home/heph/Documents/code/ransom/new/mb_dataset/samples/a0cebcc9f5893b2fde2806794c27b8a304a0eb863e128ad779ed5dd806ad9239.exe,MALWARE,0.9999
/home/heph/Documents/code/ransom/new/mb_dataset/samples/bcd952d2995d187c5a87ec0e03b638e02d7157b9a01d4e7c28ce7a6d6b28ac42.exe,MALWARE,0.9999
/home/heph/Documents/code/ransom/new/mb_dataset/samples/c9abfc3e4da474e18795f5261f77e60c44e7b3353771281e4304e7506d56fdb4.exe,MALWARE,0.9999
/home/heph/Documents/code/ransom/new/mb_dataset/samples/df0f05469702bd70c49045dcbbefc65e735f4116bdb12526cd16110472a51dc8.exe,MALWARE,0.9999
/home/heph/Documents/code/ransom/new/mb_dataset/samples/f8bdd832ce22b529f0eae14e642bb95e990e317707b094a225670a15d5c8ca1f.exe,MALWARE,0.9999
/home/heph/Documents/code/ransom/new/mb_dataset/samples/3ad343a324037250af9aa7409e211d754adb6524c8d443e1f4afcf38e6df092c.exe,MALWARE,0.9999
/home/heph/Documents/code/ransom/new/mb_dataset/samples/09403153fcdb2b700f8b7ab47da7f6e9dfa365d21235a2b8d66080cb76dc62e2.exe,MALWARE,0.9999
/home/heph/Documents/code/ransom/new/mb_dataset/samples/b182819bc0e90b4fdf15e886da41923360ed63529a851ef90704f6dbfed2ea8b.exe,MALWARE,0.9999
/home/heph/Documents/code/ransom/new/mb_dataset/samples/4d5ecf3d1955458195771630f03f6ef42f5f62e66ed8e0681f8311d25aecc2bb.exe,MALWARE,0.9999
/home/heph/Documents/code/ransom/new/mb_dataset/samples/5de1061457e759e022fbc9bb02e8726a49d3ed9663fc8a77d83462c69c96aea8.exe,MALWARE,0.9999
/home/heph/Documents/code/ransom/new/mb_dataset/samples/871b245bd87dbb3ed064e9e42522dcb7dee8d80b9463f8ee4bcf9da184dd5e87.exe,MALWARE,0.9999
/home/heph/Documents/code/ransom/new/mb_dataset/samples/8f50df60a73e4f849d71d3a93d1f0cbbdb16e1165dbae0ce61b27d4de85092fa.exe,MALWARE,0.9999
/home/heph/Documents/code/ransom/new/mb_dataset/samples/0a243cc1235bc425c211cff66067fa82dc6a164884dc060e548b850c38ce1e6d.exe,MALWARE,0.9999
/home/heph/Documents/code/ransom/new/mb_dataset/samples/2744c04eaed1afa8fe7883ef8204dafb8d7ae3bb0231d11bf3e1a93a93193a7f.exe,MALWARE,0.9999
/home/heph/Documents/code/ransom/new/mb_dataset/samples/f43815dc58586fdf0bbe3cb3e2c06e48285507524cdcabdd857f0a6ff49fec4b.exe,MALWARE,0.9999
/home/heph/Documents/code/ransom/new/mb_dataset/samples/de96af271bf52bdcecaaf555a711f8a1397ed4b8be0d9c16f483253d29deaf62.exe,MALWARE,0.9999
/home/heph/Documents/code/ransom/new/mb_dataset/samples/854e5f77f788bbbe6e224195e115c749172cd12302afca370d4f9e3d53d005fd.exe,MALWARE,0.9999
/home/heph/Documents/code/ransom/new/mb_dataset/samples/8b758ccdfbfa5ff3a0b67b2063c2397531cf0f7b3d278298da76528f443779e9.exe,MALWARE,0.9999
/home/heph/Documents/code/ransom/new/mb_dataset/samples/378bec795d652d3941510969c1db6a42fab4d493704fbd52121a48d2ba459d0d.exe,MALWARE,0.9999
/home/heph/Documents/code/ransom/new/mb_dataset/samples/7adee0f8f400d72b70d34b9bd90b3559c71d7f0f5b2695b5ed70e733e76d9e46.exe,MALWARE,0.9999
/home/heph/Documents/code/ransom/new/mb_dataset/samples/a82c5abfc976b78a19020e690992a803fae267080d1e3fb30dff552a0ddf73b1.exe,MALWARE,0.9999
/home/heph/Documents/code/ransom/new/mb_dataset/samples/58ea56177cf0e8a863d6e9f11570a3e61239e21e1d0b5667537b7223d4131c42.exe,MALWARE,0.9999
/home/heph/Documents/code/ransom/new/mb_dataset/samples/d7da599c59de7fa5a42044665f8e6eeef7b313a2733886a24a8732e8689f4df4.exe,MALWARE,0.9999
/home/heph/Documents/code/ransom/new/mb_dataset/samples/825d84edff4b9fffac7fd9a33df33c87b5d07993ada881f451c1efef4a206c88.exe,MALWARE,0.9999
/home/heph/Documents/code/ransom/new/mb_dataset/samples/bfc53b4167f17b426bae9625454e8cb14dba407033415c194ea071db2270b4fb.exe,MALWARE,0.9999
/home/heph/Documents/code/ransom/new/mb_dataset/samples/78c16de9fc07f1d0375a093903f86583a4e32037a7da8aa2f90ecb15c4862c17.exe,MALWARE,0.9999
/home/heph/Documents/code/ransom/new/mb_dataset/samples/01d82a941b1c5186c3c2ad0cd44843e51c69756e52783d9e3a5dfa09486973ec.exe,MALWARE,0.9999
/home/heph/Documents/code/ransom/new/mb_dataset/samples/0933f23c466188e0a7c6fab661bdb8487cf7028c5cec557efb75fde9879a6af8.exe,MALWARE,0.9999
/home/heph/Documents/code/ransom/new/mb_dataset/samples/0a8088e2ba539541f476836c6f4e5812c4ae5c52133801faa1bc3806a4ade683.exe,MALWARE,0.9999
/home/heph/Documents/code/ransom/new/mb_dataset/samples/1000cd4b74290bcecbe1be07146dad30a46f264bfeb0b8ceb00c83a6ff1e70d9.exe,MALWARE,0.9999
/home/heph/Documents/code/ransom/new/mb_dataset/samples/1cf6d946c45f4ce73a0f97cdbc136c9eef7723292bc3b6c9a9ecc8f90386f6d2.exe,MALWARE,0.9999
/home/heph/Documents/code/ransom/new/mb_dataset/samples/1d181efaca780479bc95ff58def690d2770928d4a563baad5d67721595c6bd7d.exe,MALWARE,0.9978
/home/heph/Documents/code/ransom/new/mb_dataset/samples/1ea49714b2ff515922e3b606da7a9f01732b207a877bcdd1908f733eb3c98af3.exe,MALWARE,0.9999
/home/heph/Documents/code/ransom/new/mb_dataset/samples/21d7ad955dbc5732be90f3d6dbb4e161ef9cf511a7989e72c4ea1c5e44744167.exe,MALWARE,0.9999
/home/heph/Documents/code/ransom/new/mb_dataset/samples/23d62b71af79a0e6aed11e378f810613b349361b09faf975dca9e2d202dd3b66.exe,MALWARE,0.9999
/home/heph/Documents/code/ransom/new/mb_dataset/samples/34e321305bec2bb72c1502624872a82c7343541290c1faa4441e59a3240d20a0.exe,MALWARE,0.9978
/home/heph/Documents/code/ransom/new/mb_dataset/samples/3b436896a4908d85488877fbeb7f56d86804dac9382fbb039be062500a49128f.exe,MALWARE,0.9999
/home/heph/Documents/code/ransom/new/mb_dataset/samples/3d8413e976c98885e288719acbe725806c88ab683c8982e632216248ce6ba46d.exe,MALWARE,0.9999
/home/heph/Documents/code/ransom/new/mb_dataset/samples/4b0a5d6a176317437978211a423a7c1cdf832baa7984bba09aeeb5a1e4d07aa3.exe,MALWARE,0.9999
/home/heph/Documents/code/ransom/new/mb_dataset/samples/4e5e5eacd75cab2eee63c5ad53b368e8fdf23ac379c04de87ef4922146271ebc.exe,MALWARE,0.9999
/home/heph/Documents/code/ransom/new/mb_dataset/samples/509a533ade43406eb50fa9cb8984b2e10d008ad0ea8c22d0652f3ee101125bb7.exe,MALWARE,0.9999
/home/heph/Documents/code/ransom/new/mb_dataset/samples/5434c0b08a511f6913b9eb1702a481e7feb76d4c38123d8b78f195c047f4706c.exe,MALWARE,0.9999
/home/heph/Documents/code/ransom/new/mb_dataset/samples/6007ed278f1cb22cfae95dcc4684ae157435ea759ee7b972de3d5e039695b189.exe,MALWARE,0.9999
/home/heph/Documents/code/ransom/new/mb_dataset/samples/6642d79f4d1044b756e2c3221ace37a71b4a671e18847f2940e2ea349dc6cb67.exe,MALWARE,0.9999
/home/heph/Documents/code/ransom/new/mb_dataset/samples/70a580e734c2331098fa3ecf3f1c928e17ddb92f99f75956c3f805b065222685.exe,MALWARE,0.9999
/home/heph/Documents/code/ransom/new/mb_dataset/samples/729f0ff446c0aa04fdae3529ef02cf552e63782e841c24f3c4cb481b4b947859.exe,MALWARE,0.9999
/home/heph/Documents/code/ransom/new/mb_dataset/samples/77bbd39c8a1b9093c9ad8e5d94265e5d95f8ca275d4eea2218d560cba6dfd838.exe,MALWARE,0.9999
/home/heph/Documents/code/ransom/new/mb_dataset/samples/7a8c7166ebdae96e7adceaf50c064bf1cf85d3c360a6ff513414dc3078a6aa54.exe,MALWARE,0.9999
/home/heph/Documents/code/ransom/new/mb_dataset/samples/8bbc00b367be5a41e6519be0fb4fe9ef5fa0056b3dbd8fd28c6aabbac3add0a4.exe,MALWARE,0.9999
/home/heph/Documents/code/ransom/new/mb_dataset/samples/9031966625a243bfaada93d23f7b7e61807ea6b39cb1e5372ecd549aec7421ac.exe,MALWARE,0.9999
/home/heph/Documents/code/ransom/new/mb_dataset/samples/9eaecc3e9f0d65f8b981c2cdf238b88f6e316b5831d89afb3b47ae8dab7bdbdd.exe,MALWARE,0.9999
/home/heph/Documents/code/ransom/new/mb_dataset/samples/a5296d07dabb3d7b53fce4cf803190bfa57e062abeb11a6d801250acb7005c5f.exe,MALWARE,0.9999
/home/heph/Documents/code/ransom/new/mb_dataset/samples/ac7d1b8c3d0f281f79469ffaf129952d23f8f1615c01614d075959d2b975033b.exe,MALWARE,0.9999
/home/heph/Documents/code/ransom/new/mb_dataset/samples/b705636ed4a0d5253e5f9a4e4712c080bfd22403672fc3bca000745022909c96.exe,MALWARE,0.9999
/home/heph/Documents/code/ransom/new/mb_dataset/samples/bc5c9d8699c0e66b3f38d5449aa661f5e0e8a5a406c78611eeb090aea96f299e.exe,MALWARE,0.9999
/home/heph/Documents/code/ransom/new/mb_dataset/samples/c023acd66dac4489a60328b1573f862b7e7616ef0b1fb9fd2fd9517745a936f0.exe,MALWARE,0.9999
/home/heph/Documents/code/ransom/new/mb_dataset/samples/c49b4faa6ac7b5c207410ed1e86d0f21c00f47a78c531a0a736266c436cc1c0a.exe,MALWARE,0.9999
/home/heph/Documents/code/ransom/new/mb_dataset/samples/d0de7f54d938e8f2f67b7ed071f8c4ad12c4634c271d5c810ebf58b1fd67f10d.exe,MALWARE,0.9999
/home/heph/Documents/code/ransom/new/mb_dataset/samples/d1db583aad156dc4edd093a64aade4180a77477cb247347e3fc97cae401d061f.exe,MALWARE,0.9999
/home/heph/Documents/code/ransom/new/mb_dataset/samples/d455264bbb253a659149ba186f872920d83e3c6a0cab13965aa52a6b49406019.exe,MALWARE,0.9999
/home/heph/Documents/code/ransom/new/mb_dataset/samples/d7429c7ecea552403d8e9b420578f954f5bf5407996afaa36db723a0c070c4de.exe,MALWARE,0.999
/home/heph/Documents/code/ransom/new/mb_dataset/samples/e9ac9436b5d61dd85e87e0fcd11b729a91466fe2f55f1f32501202d9ed98d562.exe,MALWARE,0.9999
/home/heph/Documents/code/ransom/new/mb_dataset/samples/6e07da23603fbe5b26755df5b8fec19cadf1f7001b1558ea4f12e20271263417.exe,MALWARE,0.9999
/home/heph/Documents/code/ransom/new/mb_dataset/samples/7d67c8711b4cad0f585604ff3f9f8f40359e4f8e1524e152f50159b0f56d0952.exe,MALWARE,0.9999
/home/heph/Documents/code/ransom/new/mb_dataset/samples/27a3cc834c1cd00ad5378c373d76957998bb54bbcfe67bbf3ae5c7be5a5a66dd.exe,MALWARE,0.9999
/home/heph/Documents/code/ransom/new/mb_dataset/samples/ec089cdd699fafbeb3cfd7dc68ac16f556c3456c7f7a57984030ae8975d8267f.exe,MALWARE,0.9999
/home/heph/Documents/code/ransom/new/mb_dataset/samples/32ea523752fe1db8f2a96e201bd0d6f223dce7f2cebe8fb4260d12e0c0dda4ce.exe,MALWARE,0.9999
/home/heph/Documents/code/ransom/new/mb_dataset/samples/2d04d802438ae93b095acfbb87cf5760bfaf1bbd300a609d6941a6861bcc68a7.exe,MALWARE,0.9999
/home/heph/Documents/code/ransom/new/mb_dataset/samples/66160f72ad9521da85a4edd197ce30f12cc38cc2ba53cdfb1017cb99203dba73.exe,MALWARE,0.9999
/home/heph/Documents/code/ransom/new/mb_dataset/samples/38e2e2b90a9cb4f7f33e2bc5c2dfa3f6c2ff7b4babf6053513c6b0d0b66bd8c9.exe,MALWARE,0.9986
/home/heph/Documents/code/ransom/new/mb_dataset/samples/31529c7f5c2f38a57227b307bb77e2dc86d283bd8110cf0b8a38285f75b7f872.exe,MALWARE,0.9986
/home/heph/Documents/code/ransom/new/mb_dataset/samples/9d29441037295b6a3ab348c6ce9c909a052fca4f7d3f888bdbe626b9da099d73.exe,MALWARE,0.9999
/home/heph/Documents/code/ransom/new/mb_dataset/samples/f90eed4b7864c8d1af860abd487b58019d919b8be361f67b0dccdc2e36f3729d.exe,MALWARE,0.9999
/home/heph/Documents/code/ransom/new/mb_dataset/samples/44494f7c30d86199c94ce582b269ab1b0f345f362af1f5a4e9eeed63304b4809.exe,MALWARE,0.9999
/home/heph/Documents/code/ransom/new/mb_dataset/samples/aff2e319a47193ab195e2aa116747c2a5aa4bb4d8cc4c915e0c6bda12481881f.exe,MALWARE,0.9999
/home/heph/Documents/code/ransom/new/mb_dataset/samples/c6ede98801eb47fd2390c23064fb0b8a78c17a222926d2f6ba0d7ea8c622ded2.exe,MALWARE,0.9999
/home/heph/Documents/code/ransom/new/mb_dataset/samples/35b94bc0a7ea6e2aedbd06411947cb1e6bd439244fc51fa6165b82cd42188613.exe,MALWARE,0.9999
/home/heph/Documents/code/ransom/new/mb_dataset/samples/d131cb0aa9ff7a152b506d53fbc066743e97aa7c6592b5de534f0b174fc819fc.exe,MALWARE,0.9999
/home/heph/Documents/code/ransom/new/mb_dataset/samples/28c3a34af034859aee859e0429c95ad35c55e0aa2b2ffbc48f39e8c3e26c7be0.exe,MALWARE,0.9999
/home/heph/Documents/code/ransom/new/mb_dataset/samples/92834241ae642d8d3baf8401d6340b603e540c99ce4e5375b6e1ae30fc627974.exe,MALWARE,0.9999
/home/heph/Documents/code/ransom/new/mb_dataset/samples/2290f0f8462d389fd52307411c126fbc682e5db1b6a122da1b2ae1fb1f914359.exe,MALWARE,0.9999
/home/heph/Documents/code/ransom/new/mb_dataset/samples/7f4a4a2093163e8946b5649b91c942d414779bec4551613cd35a812d6c9359f5.exe,MALWARE,0.9999
/home/heph/Documents/code/ransom/new/mb_dataset/samples/3da380b7816c9f1c3fbf9d63aeeb02cd939ca68d3062b0f35b660b7b75b81028.exe,MALWARE,0.9999
/home/heph/Documents/code/ransom/new/mb_dataset/samples/ef9d89e9f4371ea86b4f744a3abae761b7e7bcc715239ab3c4c0f4d317a77bb0.exe,MALWARE,0.9999
/home/heph/Documents/code/ransom/new/mb_dataset/samples/43226a19b0f84ddc353eff49aba8a0791d5d12b74d984adfdc24cf7f0d73d25a.exe,MALWARE,0.9999
/home/heph/Documents/code/ransom/new/mb_dataset/samples/71029bcf2c1708dd53473885e244bf37daba6543e13bdf1925a7d5c2ee683a37.exe,MALWARE,0.9999
/home/heph/Documents/code/ransom/new/mb_dataset/samples/f0c1268ae4f6b942bd9af389c0c0f2e78e6dd163c3a1f41b83ce6e1005f3a404.exe,MALWARE,0.9999
/home/heph/Documents/code/ransom/new/mb_dataset/samples/86517343326a99a6c89ee5a1895b43b338214ef945de817c22a2cf37f127c4b4.exe,MALWARE,0.9999
/home/heph/Documents/code/ransom/new/mb_dataset/samples/4f0b6ccf09a4c8e05aaf945bd23f2ef1d02f936682cfe6d42e3f1c4c5d8c60e2.exe,MALWARE,0.9999
/home/heph/Documents/code/ransom/new/mb_dataset/samples/83badb448a7575b661deb122871d2340604c4ead3f95ed25bcdf6cdbe58e319c.exe,MALWARE,0.9999
/home/heph/Documents/code/ransom/new/mb_dataset/samples/67a78b39e760e3460a135a7e4fa096ab6ce6b013658103890c866d9401928ba5.exe,MALWARE,0.9999
/home/heph/Documents/code/ransom/new/mb_dataset/samples/0050a69d6e93eddcd1ea4b7e951945f8970e5700d9436238bde7f63d757988ae.exe,MALWARE,0.9999
/home/heph/Documents/code/ransom/new/mb_dataset/samples/1a9c27e5be8c58da1c02fc4245a07831d5d431cdd1a91cd35d2dd0ad62da71cd.exe,MALWARE,0.9999
/home/heph/Documents/code/ransom/new/mb_dataset/samples/3d2013c2ba0aa1c0475cab186ddf3d9005133fe5f88b5d8604b46673b96a40d8.exe,MALWARE,0.9999
/home/heph/Documents/code/ransom/new/mb_dataset/samples/d23a265fb919a4d9401ef60c5aa52d8deda1310a8a1eeb61edbe87f35114f76a.exe,MALWARE,0.9999
/home/heph/Documents/code/ransom/new/mb_dataset/samples/9ddb239d7c1ca00e5cf13cd6b1f816bdba30792b1f26cef2ca807336bd0b3802.exe,MALWARE,0.9892
/home/heph/Documents/code/ransom/new/mb_dataset/samples/57a2401758b5282090f145623041a6c3805663de137505a7095df9e0271b4602.exe,MALWARE,0.9999
/home/heph/Documents/code/ransom/new/mb_dataset/samples/b55ecbddcbed916481ad537807cd3e33cb71814be6ce8e03eb63b629ccb8c692.exe,MALWARE,0.9999
/home/heph/Documents/code/ransom/new/mb_dataset/samples/a78fa1ecadc46870c17e458ab427bad6586b74c7d3e8472f6d8448832ccb20f1.exe,MALWARE,0.9999
/home/heph/Documents/code/ransom/new/mb_dataset/samples/8061bb999a0f5d3165742283001a7a68e7905718c928172343bf8456b69f268d.exe,MALWARE,0.9999
/home/heph/Documents/code/ransom/new/mb_dataset/samples/39d5df6362f22bdc4cecda164149ea0e66f93f61fe1f403f9c38666052f385ad.exe,MALWARE,0.9999
/home/heph/Documents/code/ransom/new/mb_dataset/samples/2c5d3fea7ad3c9c49e9c1a154370229c86c48fbaf7044213fd85d31efcebf7f6.exe,MALWARE,0.9999
/home/heph/Documents/code/ransom/new/mb_dataset/samples/250e81eeb4df4649ccb13e271ae3f80d44995b2f8ffca7a2c5e1c738546c2ab1.exe,MALWARE,0.9999
/home/heph/Documents/code/ransom/new/mb_dataset/samples/f6f74e05e24dd2e4e60e5fb50f73fc720ee826a43f2f0056e5b88724fa06fbab.exe,MALWARE,0.9999
/home/heph/Documents/code/ransom/new/mb_dataset/samples/0bb0e1fcff8ccf54c6f9ecfd4bbb6757f6a25cb0e7a173d12cf0f402a3ae706f.exe,MALWARE,0.9999
/home/heph/Documents/code/ransom/new/mb_dataset/samples/af179b093adef005f85ed0c5e9a920381bf0993bd5fd2af393fe6551e3b934b4.exe,MALWARE,0.9999
/home/heph/Documents/code/ransom/new/mb_dataset/samples/4b082cfa36133e66c3ed8918ed775bd656890c3c7373606d67e0ee9edd6aa3b4.exe,MALWARE,0.9999
/home/heph/Documents/code/ransom/new/mb_dataset/samples/8fb025d59e501a545cae40ef222ca22b5722fdd487cdefb3f2e4b0a8635f9bc2.exe,MALWARE,0.9999
/home/heph/Documents/code/ransom/new/mb_dataset/samples/e22137c5b034e0bf022ee389b607d3e0cffdbb25355918135f1536a7e510442b.exe,MALWARE,0.9999
/home/heph/Documents/code/ransom/new/mb_dataset/samples/192acfe0d55eef4c49cb7c803e7130d2f5ecd6bdee446f1c065ea6dee489ea6c.exe,MALWARE,0.9999
/home/heph/Documents/code/ransom/new/mb_dataset/samples/a022e86b2bb3ed6b4a8676be8b1688397b6e15c693e69c5093d8eb04396d2905.exe,MALWARE,0.9999
/home/heph/Documents/code/ransom/new/mb_dataset/samples/513266fb23782f2bff65b6e8f059c4f4bb99562610c44110c4a463338f91d425.exe,MALWARE,0.9999
/home/heph/Documents/code/ransom/new/mb_dataset/samples/7bdb0be5e4c376bbb3533b8872f3ba72b7876ef261b94f6799010f55160d8adb.exe,MALWARE,0.9999
/home/heph/Documents/code/ransom/new/mb_dataset/samples/3b64b861af1779df860a1e8d480bbe5b775acee19ca8c3b64c9005d8c64eb327.exe,MALWARE,0.9989
/home/heph/Documents/code/ransom/new/mb_dataset/samples/ef614b456ca4eaa8156a895f450577600ad41bd553b4512ae6abf3fb8b5eb04e.exe,MALWARE,0.9999
/home/heph/Documents/code/ransom/new/mb_dataset/samples/52dace403e8f9b4f7ea20c0c3565fa11b6953b404a7d49d63af237a57b36fd2a.exe,MALWARE,0.9999
/home/heph/Documents/code/ransom/new/mb_dataset/samples/a147945635d5bd0fa832c9b55bc3ebcea7a7787e8f89b98a44279f8eddda2a77.exe,MALWARE,0.9999
/home/heph/Documents/code/ransom/new/mb_dataset/samples/0e5f7737704c8f25b2b8157561be54a463057cd4d79c7e016c30a1cf6590a85c.exe,MALWARE,0.9999
/home/heph/Documents/code/ransom/new/mb_dataset/samples/7be901c5f7ffeb8f99e4f5813c259d0227335680380ed06df03fb836a041cb06.exe,MALWARE,0.9999
/home/heph/Documents/code/ransom/new/mb_dataset/samples/501487b025f25ddf1ca32deb57a2b4db43ccf6635c1edc74b9cff54ce0e5bcfe.exe,MALWARE,0.9999
/home/heph/Documents/code/ransom/new/mb_dataset/samples/3ae7bedf236d4e53a33f3a3e1e80eae2d93e91b1988da2f7fcb8fde5dcc3a0e9.exe,MALWARE,0.9999
/home/heph/Documents/code/ransom/new/mb_dataset/samples/10887d13dba1f83ef34e047455a04416d25a83079a7f3798ce3483e0526e3768.exe,MALWARE,0.9999
/home/heph/Documents/code/ransom/new/mb_dataset/samples/e94064401b54c399d3f844fdf08f880cb8c5d74c34de9dc28733dd22dabba678.exe,MALWARE,0.9999
/home/heph/Documents/code/ransom/new/mb_dataset/samples/01bfeed1000907ad1063e513454ee73eecf2d613386e38473640fc5b88ac1090.exe,MALWARE,0.9999
/home/heph/Documents/code/ransom/new/mb_dataset/samples/184dcab660427b846432e9e20b7d9caa98c0b91d00814f4258f73269d184f907.exe,MALWARE,0.996
/home/heph/Documents/code/ransom/new/mb_dataset/samples/8251fc8739e539c1d7c0ffc93d993a86fc95ffb836422b432c78e6ce107c168a.exe,MALWARE,0.9999
/home/heph/Documents/code/ransom/new/mb_dataset/samples/ac23f1970395ff1429dd6738261eb25ad8f695b46a4816056924c8fc97dcec03.exe,MALWARE,0.9951
/home/heph/Documents/code/ransom/new/mb_dataset/samples/bf417334cd777c5073e2a3f30497aa8fcb16feabdc391d77a59ce23fb4a07d7d.exe,MALWARE,0.9629
/home/heph/Documents/code/ransom/new/mb_dataset/samples/efb40400f8e52cc29b9c6758e6d66406d9a8aabc199d5a403ed74b9a71ebca60.exe,MALWARE,0.9951
/home/heph/Documents/code/ransom/new/mb_dataset/samples/c7275b4ed6a04bec1e7e1ed3f241dd4b6ce11d230ae06b00d9fb3bbfcd88f752.exe,MALWARE,0.9999
/home/heph/Documents/code/ransom/new/mb_dataset/samples/00e6db8d116020d7dda556e0cdf9e0d4c9e57bb8d566c0e702a23ec679a46b51.exe,MALWARE,0.9999
/home/heph/Documents/code/ransom/new/mb_dataset/samples/03712d5e96fdb8f0e110ffb1f5448e8e963d008de31ed69b77a5f78a5ac25533.exe,MALWARE,0.9999
/home/heph/Documents/code/ransom/new/mb_dataset/samples/1144d0448fefe26f5b9db7e7a7522c9a46eded3a603daa903052373cecc92b27.exe,MALWARE,0.9988
/home/heph/Documents/code/ransom/new/mb_dataset/samples/170ddf08d3c54ba8eb1d28c24b3ac61cb22f4552c1805546796937bd43267f41.exe,MALWARE,0.9999
/home/heph/Documents/code/ransom/new/mb_dataset/samples/17dc9bb50f33427f62ccf8e9c844c47300eec8be13e2342b119b1c88a2b46bef.exe,MALWARE,0.982
/home/heph/Documents/code/ransom/new/mb_dataset/samples/75d8f3368cde3f851b043bcedfb948e603da880d4b2d1a94bddfebbdefb56aa3.exe,MALWARE,0.9982
/home/heph/Documents/code/ransom/new/mb_dataset/samples/7cef8665e7f5032d331e0ba5f0766aefaa537dce41343fa67434d0a98ecfdacd.exe,MALWARE,0.9999
/home/heph/Documents/code/ransom/new/mb_dataset/samples/9de32eb152480c5acd6683b4471ebb10fd5b10af638ef571eb3813330fb25cf0.exe,MALWARE,0.9999
/home/heph/Documents/code/ransom/new/mb_dataset/samples/b2f56cdb87e9417cd59250408e056f39a3df9e832df9afb8b7f95e3e46421312.exe,MALWARE,0.9999
/home/heph/Documents/code/ransom/new/mb_dataset/samples/bc10f7d483b8fac6652edb4cee39e2dfb0163822957e02191ebf70e2b968ed26.exe,MALWARE,0.9999
/home/heph/Documents/code/ransom/new/mb_dataset/samples/bfeec85c8f9a6dabae685713b57d9ffbbe3dc185955ba653e2f684321682758c.exe,MALWARE,0.9999
/home/heph/Documents/code/ransom/new/mb_dataset/samples/faf379bd44211154301a1a370970a74978e718b80cc117ea5c9d79610b29ba0d.exe,MALWARE,0.9999
/home/heph/Documents/code/ransom/new/mb_dataset/samples/bdb19d9eb19343708fbcc36acfaa91699e89d68643c75bf90c6d1e57adaf0d3d.exe,MALWARE,0.9999
/home/heph/Documents/code/ransom/new/mb_dataset/samples/02a08b994265901a649f1bcf6772bc06df2eb51eb09906af9fd0f4a8103e9851.exe,MALWARE,0.9999
/home/heph/Documents/code/ransom/new/mb_dataset/samples/dc007e71085297883ca68a919e37687427b7e6db0c24ca014c148f226d8dd98f.exe,MALWARE,0.9999
/home/heph/Documents/code/ransom/new/mb_dataset/samples/08c4e99a0bd2c88d0d96f0c688557fbb27c027ce3fbad861925961c86eb35ec1.exe,MALWARE,0.987
/home/heph/Documents/code/ransom/new/mb_dataset/samples/75d6531f631c6088552be3e4b1c76a34e4009b03c13af1971cd9c3b0722095fa.exe,MALWARE,0.9749
/home/heph/Documents/code/ransom/new/mb_dataset/samples/3da500d9dc1a24e1c4a55146a1dd85088c07cde5cb684f1ad4238b78b74cd5c1.exe,MALWARE,0.9979
/home/heph/Documents/code/ransom/new/mb_dataset/samples/33a99066776eacf39e2f36243b8fbee2e542e35a4b56531187463a266dd5b0ff.exe,MALWARE,0.9996
/home/heph/Documents/code/ransom/new/mb_dataset/samples/a0027df5ccc2a66c8a0bcaa7d7033aa438b58a92732030e73d5a9f77a7659639.exe,MALWARE,0.9963
/home/heph/Documents/code/ransom/new/mb_dataset/samples/e90249a27ea1181ac71f789c0c563d008cf920c5847b41c7a790952139b84808.exe,MALWARE,0.9996
/home/heph/Documents/code/ransom/new/mb_dataset/samples/6669cfeba5619b6f4d80b1281adfe69c87d845ebaaf9e83c25efa01a8267e751.exe,MALWARE,0.9991
/home/heph/Documents/code/ransom/new/mb_dataset/samples/11e508b38307c2ee091406449b78fc1e5cae7d48ac40e4fc3339cb31a4d52754.exe,MALWARE,0.971
/home/heph/Documents/code/ransom/new/mb_dataset/samples/fea2b34d7cfd396c4ac408c6f8bb3d97147f71cdc32c6a6010b1d459834abaf6.exe,MALWARE,0.9999
/home/heph/Documents/code/ransom/new/mb_dataset/samples/ebbb8769086dcf3f7bdaf9366cf6a5ac4c5ac981e4be3c69d08ce06fc80c2f28.exe,SUSPICIOUS,0.91
/home/heph/Documents/code/ransom/new/mb_dataset/samples/e6a498b89aa04d7c25cbfa96599a4cd9bdcc79e73bf7b09906e5ca85bda2bff6.exe,MALWARE,0.9892
/home/heph/Documents/code/ransom/new/mb_dataset/samples/8e209e4f7f10ca6def27eabf31ecc0dbb809643feaecb8e52c2f194daa0511aa.exe,MALWARE,0.9999
/home/heph/Documents/code/ransom/new/mb_dataset/samples/100cbf5578cfd03950c8606c6131a85635a8278696d3d64ecb629fa09af449e9.exe,MALWARE,0.9999
/home/heph/Documents/code/ransom/new/mb_dataset/samples/44b7eebf7a26d466f9c7ad4ddb058503f7066aded180ab6d5162197c47780293.exe,MALWARE,0.9999
/home/heph/Documents/code/ransom/new/mb_dataset/samples/703d9ded2d69eac83f9e4d1f94b283d01d4592fe4fcf37dfffcb21bedc45a6ab.exe,MALWARE,0.9999
/home/heph/Documents/code/ransom/new/mb_dataset/samples/4ad9216a0a6ac84a7b0b5593b0fc97e27de9cdfeb84ab7e5339ae5a4102100c0.exe,MALWARE,0.9999
/home/heph/Documents/code/ransom/new/mb_dataset/samples/a205b3000e64821c7d482e1b5c0fde9cedbbdc4783ba25d6019a93b325aa8742.exe,MALWARE,0.9999
/home/heph/Documents/code/ransom/new/mb_dataset/samples/6316417fcd979c39a4da672ba3521f62081ff4dfebb868ef65a1f2dff9a738ea.exe,MALWARE,0.9988
/home/heph/Documents/code/ransom/new/mb_dataset/samples/b8e71845cc8ccd668a3436d1952a6c57649974bb8399e599dc33afc4c0843be7.exe,MALWARE,0.9999
/home/heph/Documents/code/ransom/new/mb_dataset/samples/dcd7995038ad4839e88e5bb3bf654b4f7c2ad09780a39c9d47596ce717fd4ac2.exe,MALWARE,0.9982
/home/heph/Documents/code/ransom/new/mb_dataset/samples/6924479c42b3732e0d57b34714b7210e14655ee1ca570ae4aab1d90c3f6c6428.exe,MALWARE,0.9999
/home/heph/Documents/code/ransom/new/mb_dataset/samples/d00853e592bccd823027e7e685d88c5a1f76a5a36ec5b7073d49ee633b050cc8.exe,MALWARE,0.9999
/home/heph/Documents/code/ransom/new/mb_dataset/samples/827baf5be98a693f923c055ba9950ec3437a244abb9bd0a4e794add298bff087.exe,MALWARE,0.9999
/home/heph/Documents/code/ransom/new/mb_dataset/samples/f4ca0aaa779663297a6fb634fb3c9f775230e52a9fa733073fe8057b0e70a0f5.exe,MALWARE,0.9997
/home/heph/Documents/code/ransom/new/mb_dataset/samples/dae299469d2d2f836d56b8f8f0a13bd03ba9e6e52e3c9bcddf2c7e1db62e49cf.exe,MALWARE,0.9983
/home/heph/Documents/code/ransom/new/mb_dataset/samples/b85586f95412bc69f3dceb0539f27c79c74e318b249554f0eace45f3f073c039.exe,MALWARE,0.9867
/home/heph/Documents/code/ransom/new/mb_dataset/samples/456b9adaabae9f3dce2207aa71410987f0a571cd8c11f2e7b41468501a863606.exe,MALWARE,0.996
/home/heph/Documents/code/ransom/new/mb_dataset/samples/ae455890e2123a9d011e47065828b0a03c08fd66570fab9d0340d2f5d5eb40c3.exe,MALWARE,0.9999
/home/heph/Documents/code/ransom/new/mb_dataset/samples/0fe572e7aad25a38ba9ee9b4600ddc02641e29061de250c525d6828f70326005.exe,MALWARE,0.9999
/home/heph/Documents/code/ransom/new/mb_dataset/samples/fd84c9c09358e721173725d0a1eeae08cd0c6d74b2f44646552adc4b19883e90.exe,MALWARE,0.9999
/home/heph/Documents/code/ransom/new/mb_dataset/samples/5cddd87ae2b853a6e6eb0ad62cb14c9005c488a12eabb663a58bf7a413c7e6dc.exe,MALWARE,0.9445
/home/heph/Documents/code/ransom/new/mb_dataset/samples/b6e7b72176815257a1684e9ecdb22766d3a07747edaae45d655320ba0ee7940d.exe,MALWARE,0.9999
/home/heph/Documents/code/ransom/new/mb_dataset/samples/b8ed237d1cfef4f1cefaeb06219be94b8fbb8cf404369b4f3734deeccb3e1079.exe,MALWARE,0.9999
/home/heph/Documents/code/ransom/new/mb_dataset/samples/118a61b23ecb66658d42836ac9b8c78ffd2e5b994e2dcc53a4c7ca4291a4cfad.exe,MALWARE,0.9999
/home/heph/Documents/code/ransom/new/mb_dataset/samples/e7a44ea5adc366e7600623e7ff433d57cf3ba0bfac8171899497fec6c8a28acc.exe,MALWARE,0.9999
/home/heph/Documents/code/ransom/new/mb_dataset/samples/bd3a93a17a89ea67e9bd08df7aa5feeeca18dd7c1e01687d293d649539416e18.exe,MALWARE,0.9999
/home/heph/Documents/code/ransom/new/mb_dataset/samples/4f16317dba9b983bf494892dcd227c0795f3809303e3b2787bf0a2193a318e0c.exe,MALWARE,0.9999
/home/heph/Documents/code/ransom/new/mb_dataset/samples/c0debf857c2e59dce4ef5bb8a7c916d5d9b44da76588ea6228b123a2707d9103.exe,MALWARE,0.9998
/home/heph/Documents/code/ransom/new/mb_dataset/samples/3e239b8776d380eb691c859a376977409546903eba4ecd02dba754bbf7d6db61.exe,MALWARE,0.9999
/home/heph/Documents/code/ransom/new/mb_dataset/samples/18550a8b193b52f8fdd86e9e8d66affdab001ed8feca5585065388a66ceebb5c.exe,MALWARE,0.9997
/home/heph/Documents/code/ransom/new/mb_dataset/samples/b6c969551f35c5de1ebc234fd688d7aa11eac01008013914dbc53f3e811c7c77.exe,MALWARE,0.9999
/home/heph/Documents/code/ransom/new/mb_dataset/samples/c5f49c0f566a114b529138f8bd222865c9fa9fa95f96ec1ded50700764a1d4e7.exe,MALWARE,0.9983
/home/heph/Documents/code/ransom/new/mb_dataset/samples/99959c5141f62d4fbb60efdc05260b6e956651963d29c36845f435815062fd98.exe,MALWARE,0.9999
/home/heph/Documents/code/ransom/new/mb_dataset/samples/a17f22b67ecf9312bf59c8bb77445969bd6bbe61cf2b5ba98255f6cf30130d8c.exe,MALWARE,0.9999
/home/heph/Documents/code/ransom/new/mb_dataset/samples/8d5961cc31eaeda929fedc07b9505ec9e3a6b474afb6b70cfaa1f88a3d3962f4.exe,MALWARE,0.9999
/home/heph/Documents/code/ransom/new/mb_dataset/samples/d9938ac4346d03a07f8ce8b57436e75ba5e936372b9bfd0386f18f6d56902c88.exe,MALWARE,0.9999
/home/heph/Documents/code/ransom/new/mb_dataset/samples/86d812544f8e250f1b52a4372aaab87565928d364471d115d669a8cc7ec50e17.exe,MALWARE,0.9999
/home/heph/Documents/code/ransom/new/mb_dataset/samples/171c9a82171f9092fbc4b9d80af92448c9d2b6ebe00e14ceef0e5259b92578c7.exe,SUSPICIOUS,0.5844
/home/heph/Documents/code/ransom/new/mb_dataset/samples/131b141acb1c4b1eb1b1654d7166feeef9dba521cee4216abd2d9ad48370797b.exe,MALWARE,0.9985
/home/heph/Documents/code/ransom/new/mb_dataset/samples/12cf510444fbe31d26b0d07046827713acff59310a677041d10a38baa5475bb9.exe,MALWARE,0.9701
/home/heph/Documents/code/ransom/new/mb_dataset/samples/f32a14e2a7a2510862c04fdc2e9ae97bb4f444d33dc5394360ad3402548bf687.exe,SUSPICIOUS,0.6679
/home/heph/Documents/code/ransom/new/mb_dataset/samples/b563bb3d1fd04257c5bcfc73f3e030c61ddb7fea1aca5189355eb230b4312164.exe,MALWARE,0.9997
/home/heph/Documents/code/ransom/new/mb_dataset/samples/b99cd41e40fa63ebe8efc4f1263d9fe3c0151a05ac580ee5421ca365f163e5ea.exe,SUSPICIOUS,0.7864
/home/heph/Documents/code/ransom/new/mb_dataset/samples/01b57b7ab116a353b5d7d778b62c1a99f7f9f10e6af3a524aa13b9e3a588d751.exe,MALWARE,0.854
/home/heph/Documents/code/ransom/new/mb_dataset/samples/37c761fb83cea0a542da8a9c77726aa96483424bbfe6eb1b59640141f1945f55.exe,MALWARE,0.9847
/home/heph/Documents/code/ransom/new/mb_dataset/samples/cdf13a3de6cf91a1c47ea6eca971ef781847a85df0691c54484bcf41f5f211cb.exe,MALWARE,0.7763
/home/heph/Documents/code/ransom/new/mb_dataset/samples/d551a474ecf0b7d1ba6dda319e3b77fdecf39489eaf14b7d8837002f2d31387b.exe,SUSPICIOUS,0.8724
/home/heph/Documents/code/ransom/new/mb_dataset/samples/e2cd9ed64fde196fd80804cf0fbbc235c82f4362b21cbcae9541f426b4c029d0.exe,MALWARE,0.9343
/home/heph/Documents/code/ransom/new/mb_dataset/samples/8808a34a7eb0fa51a4a91580a0bd93403defa9747f10be3551b198abb1d92dd1.exe,CLEAN,0.2895
/home/heph/Documents/code/ransom/new/mb_dataset/samples/92348f164c1e42ec1f531d66bea76d65aed9f6bd4187000c0baf92edd3050fb5.exe,MALWARE,0.9999
/home/heph/Documents/code/ransom/new/mb_dataset/samples/87d202ef7210114ffe490e51583413adfd6fafbdf38af8632f51054c9bac1811.exe,MALWARE,0.9999
/home/heph/Documents/code/ransom/new/mb_dataset/samples/1664fef87be7d26d5666aa84e6096798c0932ea25eb65b5a9e38a107b6e48b3d.exe,MALWARE,0.9598
/home/heph/Documents/code/ransom/new/mb_dataset/samples/f2f15ed5568b4ea4c9ccf7f772347651c2aa13b266ddbbf3893795794214bb2f.exe,MALWARE,0.9991
/home/heph/Documents/code/ransom/new/mb_dataset/samples/465e7dceb83ee471d679b09a3c07ba2981a160f0cd36a66376f86ac9ffdddb75.exe,MALWARE,0.9993
/home/heph/Documents/code/ransom/new/mb_dataset/samples/45562f2d03c5cd053226187cc0fc1d4757833d1a09d225d9ec1667ad410eaf55.exe,MALWARE,0.999
/home/heph/Documents/code/ransom/new/mb_dataset/samples/48e0c9294a1be0584b432364cfc4e1cc74eea4813e3458690861a3ad6a4a833f.exe,MALWARE,0.9993
/home/heph/Documents/code/ransom/new/mb_dataset/samples/2e741ba375523e582c98eb3a42c602f0d38035d358b5787a218fe25a96ad6e12.exe,MALWARE,0.9993
/home/heph/Documents/code/ransom/new/mb_dataset/samples/43691290ac03ebb26754203f1cc3940b32f036babb7cfab3cb14fe2128389c0c.exe,MALWARE,0.9988
/home/heph/Documents/code/ransom/new/mb_dataset/samples/55d51a57aa4ae7086e9eff4a33602c03f051464996af419c6c79214fcc04be47.exe,MALWARE,0.9987
/home/heph/Documents/code/ransom/new/mb_dataset/samples/60bc22a15a52fe605c337fd9b53bb6c1593c5c8deff18fcc2817ac51d0d300a2.exe,MALWARE,0.9988
/home/heph/Documents/code/ransom/new/mb_dataset/samples/f1f3fddcea2b7d98617aae0707c5bcaf6ea354498b3e77a8810c0cce702040b9.exe,MALWARE,0.9988
/home/heph/Documents/code/ransom/new/mb_dataset/samples/73b1fffd35d3a72775e0ac4c836e70efefa0930551a2f813843bdfb32df4579a.exe,MALWARE,0.9869
/home/heph/Documents/code/ransom/new/mb_dataset/samples/5bd26a1b8b7c11a04ab63b6cdfc35424b332747c0a8a62432bff8268bd966ec5.exe,MALWARE,0.9987
/home/heph/Documents/code/ransom/new/mb_dataset/samples/13fda99fae67bcb810c018c9db2913aa0426798ea818b12134da97af261f058f.exe,MALWARE,0.9987
/home/heph/Documents/code/ransom/new/mb_dataset/samples/0ed04a6f924b2757e64940fb909ae1e8b46eb7dcf377985074434a44c38ff64f.exe,MALWARE,0.9987
/home/heph/Documents/code/ransom/new/mb_dataset/samples/1c9e06d6bdf8d307a8860e5b47f8c4ec8ebd9e37e6b519c5a72b16db8dad2ade.exe,MALWARE,0.9988
/home/heph/Documents/code/ransom/new/mb_dataset/samples/4b3312a6e5be6e3afbae4ee89a7a50a27e2489678b7d66824ce7a83b3592f43c.exe,MALWARE,0.9987
/home/heph/Documents/code/ransom/new/mb_dataset/samples/4f62e909c14af137dc07d4b990c53bb28fa7c5344966b7b18f157eb235d0d796.exe,MALWARE,0.9997
/home/heph/Documents/code/ransom/new/mb_dataset/samples/5edb3f2f5789eca3866b7f5cdbde8016b2552239d2cfe5ea602184ba7071aa07.exe,MALWARE,0.9988
/home/heph/Documents/code/ransom/new/mb_dataset/samples/f3d09afc535097b0c5523579054b381e73ca58a2568e028fac0046ce73139d54.exe,MALWARE,0.9922
/home/heph/Documents/code/ransom/new/mb_dataset/samples/b01dff27adffe5c43253bb33fb78b40f3bbb9853a510ee978abb821c38ffced0.exe,MALWARE,0.9996
/home/heph/Documents/code/ransom/new/mb_dataset/samples/907c48316ea3d9592204cc16c817530b7bdaeed7f04d32535dac66de3713202c.exe,MALWARE,0.9987
/home/heph/Documents/code/ransom/new/mb_dataset/samples/92ccdcead66a6415486a2ccb1095c0018c4debadd77b2be1978df1277985967f.exe,MALWARE,0.9988
/home/heph/Documents/code/ransom/new/mb_dataset/samples/9ad5ad02572a10586241cd551dc0155e0f602222916a460c5cdaa9b48a178ec4.exe,MALWARE,0.9997
/home/heph/Documents/code/ransom/new/mb_dataset/samples/c01edf0478f041cd8ee24307acdcf3f48ec2f93729df50aba0209aa484c9fa8f.exe,MALWARE,0.9999
/home/heph/Documents/code/ransom/new/mb_dataset/samples/c9707a3bc0f177e1d1a5587c61699975b1153406962d187c9a732f97d8f867c5.exe,MALWARE,0.9988
/home/heph/Documents/code/ransom/new/mb_dataset/samples/d2a259d4b542f18eb642138138324d0d2a565c27eeec9fc469623126f2a00a44.exe,MALWARE,0.9996
/home/heph/Documents/code/ransom/new/mb_dataset/samples/d4eb523c293db7ca230c687924b96a1b8cde6b8c2f10d971dec138447a8eb64d.exe,MALWARE,0.9997
/home/heph/Documents/code/ransom/new/mb_dataset/samples/e00bac61811705d283472b77b602624c378c7e80c32e3448b06ea6a55d466c69.exe,MALWARE,0.9987
/home/heph/Documents/code/ransom/new/mb_dataset/samples/fae35d1a1717f9ddc5a7281af3ff719ab3891cf4832f64be0e9e2152edc35958.exe,MALWARE,0.9987
/home/heph/Documents/code/ransom/new/mb_dataset/samples/ff28b54a9e43c802243de4025ef5be38a504867ae7327f14929e7d5f98736da8.exe,MALWARE,0.9997
/home/heph/Documents/code/ransom/new/mb_dataset/samples/dfab719b8ac43ff2f8a10aea5e04fd4eb273f6cdcea11c610aa68d1c3f6f989d.exe,MALWARE,0.999
/home/heph/Documents/code/ransom/new/mb_dataset/samples/0b090f1471629e7e852850166eb814c09ace3c88f0c9f5e5ffeb1b9f754875aa.exe,MALWARE,0.9999
/home/heph/Documents/code/ransom/new/mb_dataset/samples/fa03e0cc4ce12a16be88b229d9dda6bef390697137318456206c4406a90a4eca.exe,MALWARE,0.9999
/home/heph/Documents/code/ransom/new/mb_dataset/samples/0db5c55ef52e89401a668f59bf4f69391f4632447c51483bb64749d7f2123916.exe,MALWARE,0.9812
/home/heph/Documents/code/ransom/new/mb_dataset/samples/779576719a9c400a7a4abed0386e2111eb331160572c91a2fd8eaa1a7d6e6c63.exe,MALWARE,0.9979
/home/heph/Documents/code/ransom/new/mb_dataset/samples/b6c1ee0c0a7b9a88d6cffaf90c950b7e0e96a841cc3e37c5242f6bff2a1c8202.exe,MALWARE,0.9999
/home/heph/Documents/code/ransom/new/mb_dataset/samples/a9a4e89aaae8dc3638e3ca0f277ee37c0f3d14cd89f4972de591a531a6302fdd.exe,MALWARE,0.9999
/home/heph/Documents/code/ransom/new/mb_dataset/samples/3fef5c7fa519f5384de6f61c954ead6dfd4da727005bfec954dc801bd120a938.exe,MALWARE,0.9853
/home/heph/Documents/code/ransom/new/mb_dataset/samples/2857269196f820d1cefe17e55a9c9f6cb29fb799550fa57650bc2e8ce0e7d27e.exe,MALWARE,0.9679
/home/heph/Documents/code/ransom/new/mb_dataset/samples/dd71256ff21fa4337f050ad39ef5e00650c9dc13c9b8a7eb4fe7e8d64150ce45.exe,MALWARE,0.9177
/home/heph/Documents/code/ransom/new/mb_dataset/samples/a0cf7860499118926c61f08dc2e6b8701b90f16cf3887aebf79111e6ac2763c6.exe,MALWARE,0.9999
/home/heph/Documents/code/ransom/new/mb_dataset/samples/bc1f3016befc5953b692da01183fcddb9af7ff3b4ffc15f649bf4775b5bad2cd.exe,SUSPICIOUS,0.4602
/home/heph/Documents/code/ransom/new/mb_dataset/samples/c475aaae514ef35c9606a262481087a8a29fe59d2df132c8737e44c8e234bb73.exe,MALWARE,0.997
/home/heph/Documents/code/ransom/new/mb_dataset/samples/f8d907099731ba448fef98c4b100265ac37dc57ff26917ff3699fc0060f91cab.exe,SUSPICIOUS,0.862
/home/heph/Documents/code/ransom/new/mb_dataset/samples/0315dbb793f855f154aa8d227151f1098bd9b580a4f85064648b85bac1321663.exe,MALWARE,0.9999
/home/heph/Documents/code/ransom/new/mb_dataset/samples/31de5a766dca4eaae7b69f807ec06ae14d2ac48100e06a30e17cc9acccfd5193.exe,MALWARE,0.9999
/home/heph/Documents/code/ransom/new/mb_dataset/samples/3e68e5742f998c5ba34c2130b2d89ca2a6c048feb6474bc81ff000e1eaed044e.exe,MALWARE,0.9999
/home/heph/Documents/code/ransom/new/mb_dataset/samples/432f549e9a2a76237133e9fe9b11fbb3d1a7e09904db5ccace29918e948529c6.exe,MALWARE,0.9999
/home/heph/Documents/code/ransom/new/mb_dataset/samples/468e3c2cb5b0bbc3004bbf5272f4ece5c979625f7623e6d71af5dc0929b89d6a.exe,MALWARE,0.9999
/home/heph/Documents/code/ransom/new/mb_dataset/samples/571f5de9dd0d509ed7e5242b9b7473c2b2cbb36ba64d38b32122a0a337d6cf8b.exe,MALWARE,0.9999
/home/heph/Documents/code/ransom/new/mb_dataset/samples/589ff3a5741336fa7c98dbcef4e8aecea347ea0f349b9949c6a5f6cd9d821a23.exe,MALWARE,0.9999
/home/heph/Documents/code/ransom/new/mb_dataset/samples/5da4f51e3ced3166336277bb04c32d0cd20f3e28db3d4f02826fee88b7583040.exe,MALWARE,0.9999
/home/heph/Documents/code/ransom/new/mb_dataset/samples/80fd105d0685b85c1be5d5d3af63608d2ec91b186d4c591416934fe454770ca1.exe,MALWARE,0.9999
/home/heph/Documents/code/ransom/new/mb_dataset/samples/85699c7180ad77f2ede0b15862bb7b51ad9df0478ed394866ac7fa9362bf5683.exe,MALWARE,0.9999
/home/heph/Documents/code/ransom/new/mb_dataset/samples/97c8f54d70e300c7d7e973c4b211da3c64c0f1c95770f663e04e35421dfb2ba0.exe,MALWARE,0.9999
/home/heph/Documents/code/ransom/new/mb_dataset/samples/b378b7ef0f906358eec595777a50f9bb5cc7bb6635e0f031d65b818a26bdc4ee.exe,MALWARE,0.9999
/home/heph/Documents/code/ransom/new/mb_dataset/samples/ecbfea3e7869166dd418f15387bc33ce46f2c72168f571071916b5054d7f6e49.exe,MALWARE,0.9999
/home/heph/Documents/code/ransom/new/mb_dataset/samples/84715cf1d82e5139d39d8aadb9580ba80393dfa0f63fa14974e4f74a3e69752e.exe,MALWARE,0.9999
/home/heph/Documents/code/ransom/new/mb_dataset/samples/74e0183d3131d1aeef4c8c7b6a144301b2c98796bfa9857e55ece8989cfedbc4.exe,MALWARE,0.9998
/home/heph/Documents/code/ransom/new/mb_dataset/samples/affa4e7daf9d64e4e3660b489bd684249c6f678f4f04a1a5f74bf4d9144cdde1.exe,MALWARE,0.9998
/home/heph/Documents/code/ransom/new/mb_dataset/samples/4b2edadc8f90e9fcc976f02a9eda1640cd92c07718c0271842fbd4ca7e2906e2.exe,MALWARE,0.9977
/home/heph/Documents/code/ransom/new/mb_dataset/samples/b24680596a9a113f95535f526930b5415382c102cd5753d7392e780cdea0ed63.exe,MALWARE,0.9999
/home/heph/Documents/code/ransom/new/mb_dataset/samples/1250ba6f25fd60077f698a2617c15f89d58c1867339bfd9ee8ab19ce9943304b.exe,MALWARE,0.9999
/home/heph/Documents/code/ransom/new/mb_dataset/samples/822ceefb12b030f2ff28dcda6776addda77b041dbb48d2e3a8c305721f4cc8ef.exe,MALWARE,0.9999
/home/heph/Documents/code/ransom/new/mb_dataset/samples/b9bba02d18bacc4bc8d9e4f70657d381568075590cc9d0e7590327d854224b32.exe,MALWARE,0.9999
/home/heph/Documents/code/ransom/new/mb_dataset/samples/ba1be94550898eedb10eb73cb5383a2d1050e96ec4df8e0bf680d3e76a9e2429.exe,MALWARE,0.9999
/home/heph/Documents/code/ransom/new/mb_dataset/samples/d626eb0565fac677fdc13fb0555967dc31e600c74fbbd110b744f8e3a59dd3f9.exe,MALWARE,0.9999
/home/heph/Documents/code/ransom/new/mb_dataset/samples/db39502dde5980ff3f36c39fe540b49053d1baf46a393bc0f05fc9b0ccf47951.exe,MALWARE,0.9999
/home/heph/Documents/code/ransom/new/mb_dataset/samples/db9060c4be0fb23d59a7059512c08dd11182e0c47c0d429b2d91af763ca4d28a.exe,MALWARE,0.9999
/home/heph/Documents/code/ransom/new/mb_dataset/samples/c6ddc9c2852eddf30f945a50183e28d38f6b9b1bbad01aac52e9d9539482a433.exe,MALWARE,0.9991
/home/heph/Documents/code/ransom/new/mb_dataset/samples/9733092223c428fc0e44a90b01c7f77a97bb1205def8be1224ac68969182638e.exe,MALWARE,0.9999
/home/heph/Documents/code/ransom/new/mb_dataset/samples/43b7927b9f8669bcee4717a6902f404eb6f6ec05a4be2d59349400eaabf01ad5.exe,MALWARE,0.9999
/home/heph/Documents/code/ransom/new/mb_dataset/samples/ab366a7c4a343a798490c4451d1d8e42aea2b894cb3162b5c59e08d8507ffe2c.exe,MALWARE,0.9864
/home/heph/Documents/code/ransom/new/mb_dataset/samples/6215959d557419327df550b6d5bc3d41980c3039414f23f2e58de47adee10846.exe,MALWARE,0.9999
/home/heph/Documents/code/ransom/new/mb_dataset/samples/62937460b8732bdbd0e0b900941085745c85329c720066a58b6885b5f98d899c.exe,MALWARE,0.9999
/home/heph/Documents/code/ransom/new/mb_dataset/samples/69b4792f8ed12deb24225d9ed031e5f8aba7b5bbe2f079ab3a2585b63c34ef97.exe,MALWARE,0.9999
/home/heph/Documents/code/ransom/new/mb_dataset/samples/6ac8e08c1610cc82bf7d6ee67a53e3a3e3dc72790550d110572ed42a9aa48f43.exe,MALWARE,0.9999
/home/heph/Documents/code/ransom/new/mb_dataset/samples/6b76be8a263dccee95e02fa51cf9ce20cd1321d939e0b5a6024c27ece82840dc.exe,MALWARE,0.9999
/home/heph/Documents/code/ransom/new/mb_dataset/samples/7826026ea206063d12d79692ca5f63d879beac9796bb54792f71a2bc8bc16b4c.exe,MALWARE,0.9999
/home/heph/Documents/code/ransom/new/mb_dataset/samples/78c0d81bd989715dc49de24a78ab5d5d01b2f41f0e14188218231ef47bf2a9e2.exe,MALWARE,0.9999
/home/heph/Documents/code/ransom/new/mb_dataset/samples/0272a8168ae5a28425123f70b59812e10ead08bf85a3aef231cb17e05e014afd.exe,MALWARE,0.9999
/home/heph/Documents/code/ransom/new/mb_dataset/samples/05283a213c1a3b09e71c7c153a75e86723add89ff41dfc9d0a7ca3d12cb6bbd1.exe,MALWARE,0.9999
/home/heph/Documents/code/ransom/new/mb_dataset/samples/05aae055be9d3b3fe46488ec9409302b5b029a25cbd379092dab5f50ea61b4db.exe,MALWARE,0.9999
/home/heph/Documents/code/ransom/new/mb_dataset/samples/0626cf52bd697b73d774be87f7426aa86478dfa62a77a1c8eaeaf1dc6da3ed2c.exe,MALWARE,0.9999
/home/heph/Documents/code/ransom/new/mb_dataset/samples/0acf3226ffc9d01f77dccba212f581e47d91b4ae780b24c12b48eb70c2fbdfc7.exe,MALWARE,0.9999
/home/heph/Documents/code/ransom/new/mb_dataset/samples/0c9d906f5ebdeec8a6715bad9d5ae354c3fb5337a5e7f7abedcb4535abe7329e.exe,MALWARE,0.9999
/home/heph/Documents/code/ransom/new/mb_dataset/samples/13c63827036a885eec32a032d4f8b1685289829650d37abf591337384fca230c.exe,MALWARE,0.9999
/home/heph/Documents/code/ransom/new/mb_dataset/samples/16c6c6f63c146fe0fdb7ce303950de943f503f1084c042ee0177f59c2da1ae3b.exe,MALWARE,0.9999
/home/heph/Documents/code/ransom/new/mb_dataset/samples/1725e983339b76370f1b5efc709d0c5526a876c7712b7d007500709857455f0f.exe,MALWARE,0.9999
/home/heph/Documents/code/ransom/new/mb_dataset/samples/1c18ce93ce0c1ea0b0838da892dd33af031db3caf49e215dc3beb2c398c09508.exe,MALWARE,0.9999
/home/heph/Documents/code/ransom/new/mb_dataset/samples/234da3dc480e8780970e273b2867fd7813f99a34b3fbbedce6e3f4ce51c37780.exe,MALWARE,0.9999
/home/heph/Documents/code/ransom/new/mb_dataset/samples/28b26bdcf81ab2963d13fc5ccffa8d39f2ae7b4680feac7d38f773c8ed61589d.exe,MALWARE,0.9999
/home/heph/Documents/code/ransom/new/mb_dataset/samples/2755b2b44273aa8abfc5f42265e694d5683486e8f1dd2f4f7ada52615a90ac91.exe,MALWARE,0.9999
/home/heph/Documents/code/ransom/new/mb_dataset/samples/2b276cf03c81550515de1ea2804e016887d2f0212818b2b8a5e597b41b484664.exe,MALWARE,0.9999
/home/heph/Documents/code/ransom/new/mb_dataset/samples/2ff281852735d5032d8ae083b2fe43e821a4f080a6766f722f36444251bf0aa7.exe,MALWARE,0.9999
/home/heph/Documents/code/ransom/new/mb_dataset/samples/3186229b4bd8a584161648ed352f40477e0fc229af97c16c19b01399568b385f.exe,MALWARE,0.9999
/home/heph/Documents/code/ransom/new/mb_dataset/samples/336ee741a618ea5bb2ee27dba6e78879b239ddd6060bb5bc0dab68d66e123578.exe,MALWARE,0.9999
/home/heph/Documents/code/ransom/new/mb_dataset/samples/348628e28eaaaeccedb4cebd7abd88e5fa4ed54d334559fefdfb1a73f441e1e6.exe,MALWARE,0.9999
/home/heph/Documents/code/ransom/new/mb_dataset/samples/38f58a2536b5dc18753bc7325cec17be803eae613832d6e6e57b773fbb8a40ce.exe,MALWARE,0.9999
/home/heph/Documents/code/ransom/new/mb_dataset/samples/3cd8db5fcbba519c9c9332435e8d612b2cef61500dc04875b1bd2931dab2c90b.exe,MALWARE,0.9999
/home/heph/Documents/code/ransom/new/mb_dataset/samples/47149d0b7f1108531542930314ade843ab5c16935489c58184672018e8884e4f.exe,MALWARE,0.9999
/home/heph/Documents/code/ransom/new/mb_dataset/samples/40f838f529b0268aa4b9b3939ea8c6854fc385761e9b11b744fc16a323d38d83.exe,MALWARE,0.9999
/home/heph/Documents/code/ransom/new/mb_dataset/samples/40e7378667e65355acc89f10b0fa2e76adeb5a73d46eeafe14845f7805c1d793.exe,MALWARE,0.9999
/home/heph/Documents/code/ransom/new/mb_dataset/samples/006194421ffcba4d790dddcbb6996e55470bdb5880043c16afed1a8ff29d094e.exe,MALWARE,0.9999
/home/heph/Documents/code/ransom/new/mb_dataset/samples/4adf636bee48a5fa28250437891c608cb6be32513f55146879c67425d71de3dd.exe,MALWARE,0.9999
/home/heph/Documents/code/ransom/new/mb_dataset/samples/ecd0738536e3a450dd4bcce49303b2c60659a7512ac391e08abb6c174b9d401f.exe,MALWARE,0.9999
/home/heph/Documents/code/ransom/new/mb_dataset/samples/53a801deacc598f7d38445a07a3a459306a88dbcdf9ce037525ce8992ca9ac9d.exe,MALWARE,0.9999
/home/heph/Documents/code/ransom/new/mb_dataset/samples/3548b30286a0a4c6a2584af5c3e1319797128f25858ec829822a3e13fd9290eb.exe,MALWARE,0.9999
/home/heph/Documents/code/ransom/new/mb_dataset/samples/1c70fdf9bfa243c7a8ca09d466faf202b6bbdfb2f4e53852a78884e845cc73a0.exe,MALWARE,0.9999
/home/heph/Documents/code/ransom/new/mb_dataset/samples/6da9ef4fbe6ca8cb9e84d8d8fb2a7a3c79d29f9a528dd1594804858c7a004835.exe,MALWARE,0.9999
/home/heph/Documents/code/ransom/new/mb_dataset/samples/196e890ff93273431c62a5450f25538c7fe3dba809bef0b11baf54ded8b38781.exe,MALWARE,0.9999
/home/heph/Documents/code/ransom/new/mb_dataset/samples/4aea0dad84263022b05d0da70ca3e50f9bc4375ffdd5fb1cb17e91446ac0da10.exe,MALWARE,0.9999
/home/heph/Documents/code/ransom/new/mb_dataset/samples/8aa579b40f9c86c9c24726485528aafac4414257fc854feb6dbcad11222405dd.exe,MALWARE,0.9999
/home/heph/Documents/code/ransom/new/mb_dataset/samples/8faf6974c82fc495a2343a579a478c8e18dc6a60b1516ee107c88e18f8cde241.exe,MALWARE,0.9999
/home/heph/Documents/code/ransom/new/mb_dataset/samples/97349b5328e0d4699691938fe45c0f7d9afdfc6b67a2915e07dec805eff07004.exe,MALWARE,0.9999
/home/heph/Documents/code/ransom/new/mb_dataset/samples/a891d24823796a4ffa2fac76d92fec2c7ffae1ac1c3665be0d4f85e13acd33f9.exe,MALWARE,0.9999
/home/heph/Documents/code/ransom/new/mb_dataset/samples/d743daa22fdf4313a10da027b034c603eda255be037cb45b28faea23114d3b8a.exe,MALWARE,0.9999
/home/heph/Documents/code/ransom/new/mb_dataset/samples/df9ef29e8789a798981a783fafbb85395a84e8733929b2c2290bcde263c2f3f8.exe,MALWARE,0.9999
/home/heph/Documents/code/ransom/new/mb_dataset/samples/40129e35b3cc78802b767f9f8d1a6dfe5c0dc604f8d6b90683df3c45838f8144.exe,MALWARE,0.9999
/home/heph/Documents/code/ransom/new/mb_dataset/samples/89f331d784957a00971363893ea76fd2136d574c5cffc48bf15c047413fce3d5.exe,MALWARE,0.9999
/home/heph/Documents/code/ransom/new/mb_dataset/samples/c21957d0f5db8f0afb50271edf50b7360b6c95c3712836b0b272992a0b975583.exe,MALWARE,0.9999
/home/heph/Documents/code/ransom/new/mb_dataset/samples/d28f6416c6d03978482ae7a54affd27555de0fd0cfb27e5d0ac9306cc03ea5d9.exe,MALWARE,0.9999
/home/heph/Documents/code/ransom/new/mb_dataset/samples/2bdb732665087eb6ce18e457e8cb5b2f787a361508872aceb2498bcd2b842057.exe,MALWARE,0.9999
/home/heph/Documents/code/ransom/new/mb_dataset/samples/8d9b7820efcd8bd0336721c998b65ef8061276bf1ffa7808c00b841b1db97da0.exe,MALWARE,0.9999
/home/heph/Documents/code/ransom/new/mb_dataset/samples/b4a451a82b083cd71273c745eefda31e107a93b0ac5e7f0acda91a09a1460920.exe,MALWARE,0.9999
/home/heph/Documents/code/ransom/new/mb_dataset/samples/b93cf5b2c832b4871b7621af7b4d04fc4662d8aef9b75e21af81d305f1ac135b.exe,MALWARE,0.9999
/home/heph/Documents/code/ransom/new/mb_dataset/samples/b95a0d0333c4986597c2e9132fbea337127653da6864c4c65218c7cc35061448.exe,MALWARE,0.9999
/home/heph/Documents/code/ransom/new/mb_dataset/samples/ff82b9021651a1de046c80242be44b53fa23f88f850b9d536ce8be7d9b41afbb.exe,MALWARE,0.9999
/home/heph/Documents/code/ransom/new/mb_dataset/samples/26a74ace0b160831901b912f173137326019e731530e4ec283cbe44e3ccda165.exe,MALWARE,0.9999
/home/heph/Documents/code/ransom/new/mb_dataset/samples/41c9080f9c90e00a431b2fb04b461584abe68576996379a97469a71be42fc6ff.exe,MALWARE,0.9999
/home/heph/Documents/code/ransom/new/mb_dataset/samples/9c6bf07eb072a389408c0a323978fe2a3d9e597e04535195a24d891346010fb6.exe,MALWARE,0.9999
/home/heph/Documents/code/ransom/new/mb_dataset/samples/9ec9fd40a0920b680b3f6360549af7d4387f8c87683bb82077bd3e0dcc6780bc.exe,MALWARE,0.9999
/home/heph/Documents/code/ransom/new/mb_dataset/samples/9f3e7aa0126a055987301a818fedd35d8c74b8cd95bdba71e3972f26a569b7da.exe,MALWARE,0.9999
/home/heph/Documents/code/ransom/new/mb_dataset/samples/a092842d7b709e9101abcbc368a706431813dfd72fcda75d08270d3dff166d70.exe,MALWARE,0.9999
/home/heph/Documents/code/ransom/new/mb_dataset/samples/a56da19714732f522c9f70fb1facd3b8d6a6e32257a77674005282653565a3aa.exe,MALWARE,0.9999
/home/heph/Documents/code/ransom/new/mb_dataset/samples/a5fe4156c920f0fe7944c2ff55ec39186099239b2898c55bed6bca3fb6d609d0.exe,MALWARE,0.9999
/home/heph/Documents/code/ransom/new/mb_dataset/samples/a9debdce0f56f389f40d0ea6fd9a4f32e2ce145110c3443b76514b809d4bd63c.exe,MALWARE,0.9999
/home/heph/Documents/code/ransom/new/mb_dataset/samples/adc4f4469d9c4873a9d6a5f1118f74a7a6aec9fd8c50b45b016f0a8d3cef2d1c.exe,MALWARE,0.9999
/home/heph/Documents/code/ransom/new/mb_dataset/samples/b4df356a0b8746b77456531f53cf8418b356b40cd3a9ea214bfe2adba8e8838b.exe,MALWARE,0.9999
/home/heph/Documents/code/ransom/new/mb_dataset/samples/7a64146011ab85d187b8e87dbea7fe6ff46ba8fdfe16e961a93a32bf6cf7d854.exe,MALWARE,0.9999
/home/heph/Documents/code/ransom/new/mb_dataset/samples/807b27dd4ddf9f8be2493a9e9f9a1bbe69c06770039847425acc6458d72f29dd.exe,MALWARE,0.9999
/home/heph/Documents/code/ransom/new/mb_dataset/samples/80b8c6be07ae05ac08cefbdca242bd4601e3d4e69bba4e81a55ddfd9d4417691.exe,MALWARE,0.9999
/home/heph/Documents/code/ransom/new/mb_dataset/samples/82d77889cb0d8309f146a28ee8bf8977336820fbbc5062237b0653e6fde64e1a.exe,MALWARE,0.9999
/home/heph/Documents/code/ransom/new/mb_dataset/samples/8c6c21855aff960c7f445472342e768144f5838c246847ab5afb806841590745.exe,MALWARE,0.9999
/home/heph/Documents/code/ransom/new/mb_dataset/samples/8cf67f9a52293ba9a55e0302460290fee19f3fcad83c1f9e4ab143ca998ac157.exe,MALWARE,0.9999
/home/heph/Documents/code/ransom/new/mb_dataset/samples/933443d4a0fae8938ede0c440e3314283e5e9e4ba32015e9c8c8df1046cebd28.exe,MALWARE,0.9999
/home/heph/Documents/code/ransom/new/mb_dataset/samples/983590ffbdf013bcf16980e7597742def0e06ef3c2d6e2bb71918f7e38b33339.exe,MALWARE,0.9999
/home/heph/Documents/code/ransom/new/mb_dataset/samples/9c33e41ea79c84e40219cfdab5c919c116563d7241e73b88be345e546e53aaec.exe,MALWARE,0.9999
/home/heph/Documents/code/ransom/new/mb_dataset/samples/47c2845545be0b7a6c7e0f73ccb16978fe7a226cf802b19b33dde1874c2fc9da.exe,MALWARE,0.9999
/home/heph/Documents/code/ransom/new/mb_dataset/samples/4933d2287e2e0cd36e11b8a0518889fe92391e4396871339939ddceea51e5b7e.exe,MALWARE,0.9999
/home/heph/Documents/code/ransom/new/mb_dataset/samples/49419d9a401cba4f84da4213fcb37d943715a70c98577e241e2e491640faf359.exe,MALWARE,0.9999
/home/heph/Documents/code/ransom/new/mb_dataset/samples/4b771cd89739a9f1f9d03f3d1e3702af6a375f3dcba0ad904eda489fb014a37e.exe,MALWARE,0.9999
/home/heph/Documents/code/ransom/new/mb_dataset/samples/508c97a6bbd5071e9f7c72012b1257582367c15bdf320f3cdec09b9642803752.exe,MALWARE,0.9999
/home/heph/Documents/code/ransom/new/mb_dataset/samples/4e4074e8033f95da0eea13a2754321fe2d71c2b45ef53ad9c75331f1d29c7291.exe,MALWARE,0.9999
/home/heph/Documents/code/ransom/new/mb_dataset/samples/51f60098e30ba803c3f3779273ec2b2b227d366af4187625975115efa5a7e6a7.exe,MALWARE,0.9999
/home/heph/Documents/code/ransom/new/mb_dataset/samples/55654807b9af7ebca5e3714d950fe07c017f92ad696f57467554249e90c83fdb.exe,MALWARE,0.9999
/home/heph/Documents/code/ransom/new/mb_dataset/samples/5fb8e5ecbb9872d6c9188b565013ccff8717df9adf074f2deae64546d1115c5a.exe,MALWARE,0.9999
/home/heph/Documents/code/ransom/new/mb_dataset/samples/e10f9051c624ad49798291e19e50a64701d93a729a10c7d854153455e295663e.exe,MALWARE,0.9999
/home/heph/Documents/code/ransom/new/mb_dataset/samples/e73605374d40933b78ad13d7053d656f373b285efb6a3ab89ae6cd80191f0778.exe,MALWARE,0.9999
/home/heph/Documents/code/ransom/new/mb_dataset/samples/ebcacef587c73ab33ebea025ffd6bf5d303dcf2382c25bdeac960a63d9252762.exe,MALWARE,0.9999
/home/heph/Documents/code/ransom/new/mb_dataset/samples/f06974117c40911501007b835777d44b67171bae4ddb4b77a0842fe3a93bc3a6.exe,MALWARE,0.9999
/home/heph/Documents/code/ransom/new/mb_dataset/samples/f1c2d2f2cfe7d0a4ebfb87739c4233eb526efd1ea238ba68e27d166deb709a0c.exe,MALWARE,0.9999
/home/heph/Documents/code/ransom/new/mb_dataset/samples/f3cf4730337a3cc11c173bab33b8b0f7f4b98e41fa6e45895b02bae3e5ee9f27.exe,MALWARE,0.9999
/home/heph/Documents/code/ransom/new/mb_dataset/samples/f92a9559944e57854746dbbb96a04669e36c78a481f8c34313bfc561146999e6.exe,MALWARE,0.9999
/home/heph/Documents/code/ransom/new/mb_dataset/samples/fb30464577a78712879d87c66d915cd01b2f995dabdcbd14dcdc004819f0353f.exe,MALWARE,0.9999
/home/heph/Documents/code/ransom/new/mb_dataset/samples/fb921bebebeceb58ca29a0fdccacb94674945d4023aded9d37b81113a787bfbb.exe,MALWARE,0.9999
/home/heph/Documents/code/ransom/new/mb_dataset/samples/fe81c5caa0e269c1cbbd0aca9557677c4f57829d621f2f21768728c92e4f0498.exe,MALWARE,0.9999
/home/heph/Documents/code/ransom/new/mb_dataset/samples/bb44536157131abfbb8d50936e71dee0f7dad35dbb8a206e1eafd93e4e68999c.exe,MALWARE,0.999
/home/heph/Documents/code/ransom/new/mb_dataset/samples/be6dfedd91e1ebc81d58a61b05b0ef93322425b247636a0f7f5c3eeebbc52edd.exe,MALWARE,0.9999
/home/heph/Documents/code/ransom/new/mb_dataset/samples/bea0bbe82cef5b06c5631d7108722ad318816649cc292a30f712fe67618542d1.exe,MALWARE,0.9999
/home/heph/Documents/code/ransom/new/mb_dataset/samples/bf3583f12fbb140d0f297a70e5a053728829bcdca6ba87cef1361693eb8a836e.exe,MALWARE,0.9999
/home/heph/Documents/code/ransom/new/mb_dataset/samples/c25ae06404fd08f3b3729040028d909f670ddbfeab2ed2cf79482e90a3822948.exe,MALWARE,0.9999
/home/heph/Documents/code/ransom/new/mb_dataset/samples/c34300432b8aad4db5d830977f5496872bcbb8a8b99020240d4e09447970ec14.exe,MALWARE,0.9999
/home/heph/Documents/code/ransom/new/mb_dataset/samples/cf4644c0c78d3bb0c6460a4b877d5051341e31707b31a9dbd8bc53c90b17f995.exe,MALWARE,0.9999
/home/heph/Documents/code/ransom/new/mb_dataset/samples/cf9972fdff45287ddd6635c72820b083d613022a20f515546a0d577d8366dccf.exe,MALWARE,0.9999
/home/heph/Documents/code/ransom/new/mb_dataset/samples/d168daab4fd03702fcb60af9b380ee785245577e6ad880fa4f117f8559dee596.exe,MALWARE,0.9999
/home/heph/Documents/code/ransom/new/mb_dataset/samples/ddc3e57e4a913dd5bc8070e7a7760b804aa15f0387bafa7de7d4ac6a4f797300.exe,MALWARE,0.9999
/home/heph/Documents/code/ransom/new/mb_dataset/samples/44d933ece41417b88fe4961b801c851d7b802d3d5c32bfeba187041b6f675faa.exe,MALWARE,0.9999
/home/heph/Documents/code/ransom/new/mb_dataset/samples/1c716742fa1712562e2d6275a68a8d2e73bd910bff417072259bb164f2628863.exe,MALWARE,0.9999
/home/heph/Documents/code/ransom/new/mb_dataset/samples/88dc4a9c852697cff3b9e0d654d20feb8772fdcddb989eabac12b7cfad6e9b64.exe,MALWARE,0.9999
/home/heph/Documents/code/ransom/new/mb_dataset/samples/117a057829cd9abb5fba20d3ab479fc92ed64c647fdc1b7cd4e0f44609d770ea.exe,MALWARE,0.9999
/home/heph/Documents/code/ransom/new/mb_dataset/samples/1fd07b8d1728e416f897bef4f1471126f9b18ef108eb952f4b75050da22e8e43.exe,MALWARE,0.9999
/home/heph/Documents/code/ransom/new/mb_dataset/samples/af46356eb70f0fbb0799f8a8d5c0f7513d2f6ade4f16d4869f2690029b511d4f.exe,MALWARE,0.9999
/home/heph/Documents/code/ransom/new/mb_dataset/samples/ae61d655793f94da0c082ce2a60f024373adf55380f78173956c5174edb43d49.exe,MALWARE,0.9999
/home/heph/Documents/code/ransom/new/mb_dataset/samples/3be5aab4031263529fe019d4db19c0c6d3eb448e0250e0cb5a7ab2324eb2224d.exe,MALWARE,0.9999
/home/heph/Documents/code/ransom/new/mb_dataset/samples/3a2f6e614ff030804aa18cb03fcc3bc357f6226786efb4a734cbe2a3a1984b6f.exe,MALWARE,0.9999
/home/heph/Documents/code/ransom/new/mb_dataset/samples/a201e2d6851386b10e20fbd6464e861dea75a802451954ebe66502c2301ea0ed.exe,MALWARE,0.9999
/home/heph/Documents/code/ransom/new/mb_dataset/samples/30430bcfeee8141ba1dba3983c9a8d89f3c1acf5b8efd0d97f23d4a122c0787a.exe,MALWARE,0.9999
/home/heph/Documents/code/ransom/new/mb_dataset/samples/198dfcbc76525d6b18a504fbb45d715876dddb9c7a70e2857cfc8a9cd41b3308.exe,MALWARE,0.9999
/home/heph/Documents/code/ransom/new/mb_dataset/samples/e3f059eff2a2fd62f9161663ff2d39580d56aba17d85e8f16908381bb84d0842.exe,MALWARE,0.9999
/home/heph/Documents/code/ransom/new/mb_dataset/samples/86b421d47957716217c6aa646402f2a85fb7b1cc2eb988e22102d5a2b2af38d4.exe,MALWARE,0.9999
/home/heph/Documents/code/ransom/new/mb_dataset/samples/dd6846820cc36b396809f63b3dc9ffb90be3b9e270f77c2fbeda0b04870a1a1d.exe,MALWARE,0.9999
/home/heph/Documents/code/ransom/new/mb_dataset/samples/b9c1e8700e39c6768be9d6bcb092cd6abe80d4244fc437566b58721cdc7d61ff.exe,MALWARE,0.9999
/home/heph/Documents/code/ransom/new/mb_dataset/samples/c844d02c91d5e6dc293de80085ad2f69b5c44bc46ec9fdaa4e3efbda062c871c.exe,MALWARE,0.9999
/home/heph/Documents/code/ransom/new/mb_dataset/samples/0ace4e1158ab5b7723493f39d6949309e00e4a71804f0b09e33d5d48a28cb061.exe,MALWARE,0.939
/home/heph/Documents/code/ransom/new/mb_dataset/samples/21e51ee7ba87cd60f692628292e221c17286df1c39e36410e7a0ae77df0f6b4b.exe,MALWARE,0.9999
/home/heph/Documents/code/ransom/new/mb_dataset/samples/9b0d5e40ea39bcdb7f21c195750b010d7ebe343eefd691b27e572e6bbd740c33.exe,MALWARE,0.9999
/home/heph/Documents/code/ransom/new/mb_dataset/samples/56b035a26f214444b1ae1024b9cbca782ddd28ad46f2a4bd4f37f89fa538914e.exe,MALWARE,0.9999
/home/heph/Documents/code/ransom/new/mb_dataset/samples/b58b7853318f6c9f0d66d1f2a8d7ff5ad42be424fdf8e04615d8c38980b3811b.exe,MALWARE,0.9999
/home/heph/Documents/code/ransom/new/mb_dataset/samples/2b17ed4a6cb47f0c38e7d21aec4dc0db0df9369506faf6ba60239431c9ec677a.exe,SUSPICIOUS,0.4108
/home/heph/Documents/code/ransom/new/mb_dataset/samples/68ff9855262b7a9c27e349c5e3bf68b2fc9f9ca32a9d2b844f2265dccd2bc0d8.exe,MALWARE,0.9999
/home/heph/Documents/code/ransom/new/mb_dataset/samples/429af841cbbe0d2c3ca26fc4e3b2aded08c42f6ed3577a27a0af241255efc68c.exe,SUSPICIOUS,0.7774
/home/heph/Documents/code/ransom/new/mb_dataset/samples/95fbc96ce7e1ceddccb0ef282a0143cc37fb3eb238dc9eaa56c4f34d3f45c838.exe,MALWARE,0.9737
/home/heph/Documents/code/ransom/new/mb_dataset/samples/30fcff7add11ea6685a233c8ce1fc30abe67044630524a6eb363573a4a9f88b8.exe,MALWARE,0.9993
/home/heph/Documents/code/ransom/new/mb_dataset/samples/04c9cc0d1577d5ee54a4e2d4dd12f17011d13703cdd0e6efd46718d14fd9aa87.exe,MALWARE,0.9999
/home/heph/Documents/code/ransom/new/mb_dataset/samples/40a340087cc07780bfd61eab92e40f1223a6de88ec191bdedea0b91b16eca2aa.exe,MALWARE,0.9999
/home/heph/Documents/code/ransom/new/mb_dataset/samples/132ce48977008440369b9cdc69547bec1a50e2229b83ecbcfca86645afdb229d.exe,MALWARE,0.9534
/home/heph/Documents/code/ransom/new/mb_dataset/samples/387b1bdae5b66176abb9d10228175a11602b52b3924e661141263aab9b82c41f.exe,MALWARE,0.9999
/home/heph/Documents/code/ransom/new/mb_dataset/samples/3b979d2231d2a8245afcc5a5c06659419eb38b6680c75537233795839473c2a3.exe,MALWARE,0.9999
/home/heph/Documents/code/ransom/new/mb_dataset/samples/183e9d0d23ee006d5172ba32d0237b853adf1ed98bc318dc5ee5e1f8fb62b334.exe,MALWARE,0.9999
/home/heph/Documents/code/ransom/new/mb_dataset/samples/a16eecee6aa3bf02029cef722595b11c7d2088a02c4678cc23afb50badddfc5f.exe,CLEAN,0.0527
/home/heph/Documents/code/ransom/new/mb_dataset/samples/a782b9d82f21fb3aac32de6d24a8730eb39f1bd34bc590ca03fa6bb527c74fec.exe,MALWARE,0.9987
/home/heph/Documents/code/ransom/new/mb_dataset/samples/066dc9a1134b1db77c1574a52002f53b28cc29d0a3769bd5156d1e0e0a51a91a.exe,MALWARE,0.9998
/home/heph/Documents/code/ransom/new/mb_dataset/samples/d5617cae67238b02ea3464100e1b6a8ed97e63bd713bf4bd19eb69dfe54dc94a.exe,MALWARE,0.9986
/home/heph/Documents/code/ransom/new/mb_dataset/samples/81d7b2b6e5566698ac4465ef8e720ab06f53045fdfcf8b74be09cb118b8ab993.exe,SUSPICIOUS,0.4977
/home/heph/Documents/code/ransom/new/mb_dataset/samples/8575dcf7c67612b4d1fc1315bb19318f06bb5abdc6341890e251eb303e386db7.exe,MALWARE,0.9998
/home/heph/Documents/code/ransom/new/mb_dataset/samples/3bdc7a7bfb1b2704fedad02debc5a143ef5ce6df4a3b53c50f7f589cc806919c.exe,MALWARE,0.986
/home/heph/Documents/code/ransom/new/mb_dataset/samples/7124f6f197e503f77b3bbb136391b12d79a0e248e697506184aaf19b2df8eb7e.exe,MALWARE,0.9998
/home/heph/Documents/code/ransom/new/mb_dataset/samples/abe4a77f82050db5ae113a9d7a6f617573e1195dcb4344e71f7c245e75898eb5.exe,MALWARE,0.9999
/home/heph/Documents/code/ransom/new/mb_dataset/samples/4ed5e3ebe7891b8ea38d055ca7985c589cd7978d0cfd3cca2c5eb51dcba26d26.exe,MALWARE,0.9995
/home/heph/Documents/code/ransom/new/mb_dataset/samples/e47ff7d8fb6a495433106a14adb48b1d4e16774ec34e059739207edc58cbb7ef.exe,MALWARE,0.8276
/home/heph/Documents/code/ransom/new/mb_dataset/samples/acc31048e00d1a0f4cd5569d5d4db539da8f506cc7a6a171942d015ecc817d43.exe,MALWARE,0.9998
/home/heph/Documents/code/ransom/new/mb_dataset/samples/739b133a8f133943739c64ad32d4fafa701c2d89270c938db14f995f0abcdd70.exe,MALWARE,0.9458
/home/heph/Documents/code/ransom/new/mb_dataset/samples/1705f87120df7419c983a18c843ffb3012e7b257e3004621514c30aa631f7009.exe,MALWARE,0.9993
/home/heph/Documents/code/ransom/new/mb_dataset/samples/a80c2b5c0cb59b820f48b8e56721fa932d7ecc5d1b20e75dcfd07b5721205240.exe,MALWARE,0.9531
/home/heph/Documents/code/ransom/new/mb_dataset/samples/3bae281a122628561deb145beffcb3b2c1b8ab51e0c96818ef7a1203738af5d4.exe,MALWARE,0.9972
/home/heph/Documents/code/ransom/new/mb_dataset/samples/759f2b24be12e208903b00f9719db71a332ddf8252986c26afbcda9f32623bc4.exe,MALWARE,0.9998
/home/heph/Documents/code/ransom/new/mb_dataset/samples/a2ad5cc5045a1645f07da7eab14ba13eb69ab7286204f61ba6a4226bfade7f17.exe,MALWARE,0.9997
/home/heph/Documents/code/ransom/new/mb_dataset/samples/2cf51d2d9edcfcd6fe5a8c323149832858f9655742dd5e327ee182960e558ad3.exe,MALWARE,0.9997
/home/heph/Documents/code/ransom/new/mb_dataset/samples/5a67b802ccb3ff343066d6f285b8c933dbd9b43da1e7592f512d54d6e517b5ee.exe,MALWARE,0.9997
/home/heph/Documents/code/ransom/new/mb_dataset/samples/6b795d9faa48ce3ae31f0bde3dcb61a6d738e8cc0e29b5949d93a5c8ee74786a.exe,MALWARE,0.9994
/home/heph/Documents/code/ransom/new/mb_dataset/samples/634d84758d8d922bbfb0ad3c904c38fc7989f11503877acf02ad5dad3775df7a.exe,MALWARE,0.9999
/home/heph/Documents/code/ransom/new/mb_dataset/samples/c41926a4e667a38bd712cd8fff2c555c51d7f719a949c9be8c1f74232100444b.exe,MALWARE,0.9997
/home/heph/Documents/code/ransom/new/mb_dataset/samples/2baa450fe71d29480b0dcf27977c156a7b3cb37f29d27f6e3fd49e2dea1abebe.exe,MALWARE,0.9311
/home/heph/Documents/code/ransom/new/mb_dataset/samples/b4f9bf7078efed284561ab4c4a67474b187e34f920b0cbe0214a3b467f8d81ed.exe,MALWARE,0.9999
/home/heph/Documents/code/ransom/new/mb_dataset/samples/bc016ebc1751fe99de886be19c2c3e0baefe69cb046b10838cb15bcff3c7e603.exe,CLEAN,0.0739
/home/heph/Documents/code/ransom/new/mb_dataset/samples/d07c227a7d73abe3eb7da6c7f23f5de256be3b1a610a7f620ca64e4f7410f04e.exe,SUSPICIOUS,0.6348
/home/heph/Documents/code/ransom/new/mb_dataset/samples/d970639946fd688735a558bea81262e1763fed2697238ff166b5592c85b088e8.exe,SUSPICIOUS,0.5946
/home/heph/Documents/code/ransom/new/mb_dataset/samples/26e590315030ce530641ac9ea5ecbdd0b22b4f50e5b41e6c3e2d97f7e14e9e14.exe,SUSPICIOUS,0.4224
/home/heph/Documents/code/ransom/new/mb_dataset/samples/c8968ae1a491e810a8da8ebedf80a62a22753e0f25105834e3f39e1476829b00.exe,MALWARE,0.9855
/home/heph/Documents/code/ransom/new/mb_dataset/samples/ce339d27382e76c1a55fb2426513715de2acf675ce3aa72a46718baf1da3b9bf.exe,MALWARE,0.988
/home/heph/Documents/code/ransom/new/mb_dataset/samples/13449fb24d735a4847dd174860b5a6cd033c11d8bb1faf76b47dee7301a78ef6.exe,MALWARE,0.9892
/home/heph/Documents/code/ransom/new/mb_dataset/samples/ec63467827962443c26aaf7c00ee709de81b964f98866d6d49cec346572ca84e.exe,MALWARE,0.988
/home/heph/Documents/code/ransom/new/mb_dataset/samples/7363e73bd08554a9bc8745cc56a723a09e836aa20ae02633718f326296796eb2.exe,MALWARE,0.9894
/home/heph/Documents/code/ransom/new/mb_dataset/samples/7d9380fb533f6af97982464579db90dcffe42067d07d570a9857f4b0e5d37862.exe,MALWARE,0.9894
/home/heph/Documents/code/ransom/new/mb_dataset/samples/4d86207c8b1552b199903ffa2db244417369b657130db6be924b2ea2a42b28fb.exe,MALWARE,0.9863
/home/heph/Documents/code/ransom/new/mb_dataset/samples/d3b8d065f0ca36f76542d4f2d3f6a541d0b9c3bf20420f1714f64d27061c8885.exe,CLEAN,0.0185
/home/heph/Documents/code/ransom/new/mb_dataset/samples/22ed8ba56c9a195d2f2b50133b9ba06e6cc0705fd3003cd76c2717547443f3d4.exe,MALWARE,0.9998
/home/heph/Documents/code/ransom/new/mb_dataset/samples/3c107cc4bd314450d8d7ecb6cbf25cdf43eefb2fc3971ab14604c9510ec6c503.exe,CLEAN,0.0428
/home/heph/Documents/code/ransom/new/mb_dataset/samples/858e70ca9281a346bf5399b181643aba478960142637460fea7b7d14d3192c01.exe,MALWARE,0.9772
/home/heph/Documents/code/ransom/new/mb_dataset/samples/7bc2928ce06e7db7bfe0bf3f2c2d2ff9df7f0a8041ea8c593dd0b912c1c3d3fd.exe,MALWARE,0.9999
/home/heph/Documents/code/ransom/new/mb_dataset/samples/3f1596b4ebd177ec46e57ea0e6d208f32c1ebb93b448a4b5318cc116293d1e71.exe,MALWARE,0.9999
/home/heph/Documents/code/ransom/new/mb_dataset/samples/4a817eb1c641ecca40e08468449969171576fa52b9088917e552080fad4c0941.exe,MALWARE,0.9999
/home/heph/Documents/code/ransom/new/mb_dataset/samples/d83013d86062dab8e194ad14da91a214d2e539d1a9fff3e29c9e2e02f4bf9d07.exe,MALWARE,0.9999
/home/heph/Documents/code/ransom/new/mb_dataset/samples/e01c0429a58b33013305aab35ef863cd2b88962e479e39566a687ca37c68510f.exe,MALWARE,0.9999
/home/heph/Documents/code/ransom/new/mb_dataset/samples/488fc31a56df22ee62120505326df0699627525c17fbdde472437f447ba2b779.exe,MALWARE,0.9999
/home/heph/Documents/code/ransom/new/mb_dataset/samples/2a6c90c8db27e6ac04c7e339dfe4b3c2d47a292bcf6fc1c5b4e0ae62fc81ff84.exe,MALWARE,0.9998
/home/heph/Documents/code/ransom/new/mb_dataset/samples/e0d537f8669e6764bf4a4b8f4013ec219958749a5fde8b11fb52faaedde3cada.exe,MALWARE,0.9999
/home/heph/Documents/code/ransom/new/mb_dataset/samples/b377b7b8211e454117ba3d6cd6bb1ac84c0105c8647187cb5cf19ad50c9d26b9.exe,MALWARE,0.9999
/home/heph/Documents/code/ransom/new/mb_dataset/samples/1e1bc32c5d4d0cae5310d34827be61eb087dc6aca7a7d767c77529b41e720a81.exe,MALWARE,0.9999
/home/heph/Documents/code/ransom/new/mb_dataset/samples/d343ea857cdf97aa0ccfd14970425c6888bd216d36ad7f6255a044bed36a4b2a.exe,MALWARE,0.9996
/home/heph/Documents/code/ransom/new/mb_dataset/samples/f7561de520f21434830d40d74904e93125b76407d477411622bbd829283ba8c4.exe,MALWARE,0.9999
/home/heph/Documents/code/ransom/new/mb_dataset/samples/284ae9899ae53d03d27bd3f72892d843fe5bbecb097f52fc0b1b37d1040401d0.exe,MALWARE,0.9998
/home/heph/Documents/code/ransom/new/mb_dataset/samples/3b8d07693e296aee36e7607c71503d981396a21b367e169146afdd052cdcf4d1.exe,MALWARE,0.9998
/home/heph/Documents/code/ransom/new/mb_dataset/samples/be65a8d884dbb5c292c2ae94591cc6c86909bcd7ddb42588932afaf9ce15728e.exe,MALWARE,0.9999
/home/heph/Documents/code/ransom/new/mb_dataset/samples/202259937df72d3e7e341ce852a48938616e0d98a091d976f5342bf82e132ce3.exe,MALWARE,0.9999
/home/heph/Documents/code/ransom/new/mb_dataset/samples/4f1bcdcbc93f0edf7a5b94c5da7b46ee72d4ba9619862036ed1cb202a07385c2.exe,MALWARE,0.9997
/home/heph/Documents/code/ransom/new/mb_dataset/samples/a77599bea195b9f858ce2d25943da1eb6552ceb843ec8af67a41ef2c7e17e7db.exe,MALWARE,0.9999
/home/heph/Documents/code/ransom/new/mb_dataset/samples/c82021909b9fa18ba7151f0df381ba5d605e4729b0d75d27ab7dab2b906ebe4e.exe,MALWARE,0.9999
/home/heph/Documents/code/ransom/new/mb_dataset/samples/d247789cfeb8efdf3a061250c65767fe50764a414fa81ff276df0bf0d134ce47.exe,MALWARE,0.9999
/home/heph/Documents/code/ransom/new/mb_dataset/samples/e565c0b80462bd207d991cb9d9fd34c9d72b45e4696797f9d59f0e153b3a54a9.exe,MALWARE,0.9999
/home/heph/Documents/code/ransom/new/mb_dataset/samples/c1d38432a5040db8be37ca31b025d1edd42be37799bfd254b3c6e7c4e37937b8.exe,MALWARE,0.9999
/home/heph/Documents/code/ransom/new/mb_dataset/samples/da0197bad20f02cc3ba3518daa460c3d40ced2349abecb67311647e0aaf870f3.exe,MALWARE,0.9999
/home/heph/Documents/code/ransom/new/mb_dataset/samples/2e47721a4fb2c1e36520d287b3251a9ea2b688de1f36541e8bc06c169c2b410a.exe,MALWARE,0.9999
/home/heph/Documents/code/ransom/new/mb_dataset/samples/dcee34741b1210576a620d3e22d5945f1aea34f8d9940a0b9d098c7ebe0bd1d0.exe,MALWARE,0.9999
/home/heph/Documents/code/ransom/new/mb_dataset/samples/d39ffc528888daec2f64e122a862f9ee8e327d904e7b51a7ce89a5f73432b391.exe,MALWARE,0.9997
/home/heph/Documents/code/ransom/new/mb_dataset/samples/07e7dd3b968a15e42c67a728a9d143533d66af00ab9003961086c8c2ee3670f2.exe,MALWARE,0.9999
/home/heph/Documents/code/ransom/new/mb_dataset/samples/17162c71ce2d80958f522db0120136fb4dd06e3a6d39052bb2a582af82e2dac7.exe,MALWARE,0.9999
/home/heph/Documents/code/ransom/new/mb_dataset/samples/bd6d17b6695360291ff23bfe1417ec8413d9ff11b7db8a8475c248109506a09e.exe,MALWARE,0.9999
/home/heph/Documents/code/ransom/new/mb_dataset/samples/e61a99a0c183923e18d2fbad7188e4dd52157bbaf087423adfd16e9a77c6208b.exe,MALWARE,0.9999
/home/heph/Documents/code/ransom/new/mb_dataset/samples/01f5a1f72f3f59e7b23627dff52e6dc3d9f166b864d639d2cbe40fd8c7327ddd.exe,MALWARE,0.9999
/home/heph/Documents/code/ransom/new/mb_dataset/samples/02f9c72d0b1cc241e46cd2b65e8ec63a233dead29e44c739a5bb3860a654d457.exe,MALWARE,0.9999
/home/heph/Documents/code/ransom/new/mb_dataset/samples/0fca5cc453a703c35c7c311dd7d7d0ffd64d5551f874399eef8aa25cd46fc6db.exe,MALWARE,0.9999
/home/heph/Documents/code/ransom/new/mb_dataset/samples/48ba4b8f4d87039ee33cac2af62a67ee1fd9b3b1b02f4b183f78a7c326b4e42d.exe,MALWARE,0.9999
/home/heph/Documents/code/ransom/new/mb_dataset/samples/3a2eca1c4531aea65c300c0e9808dc89585ac9c41b92cea707d40cc1cdb087c1.exe,MALWARE,0.9999
/home/heph/Documents/code/ransom/new/mb_dataset/samples/65fde5e5870f711e845eb74592c1bf784f68d6a7746101a9f6c27afaf4537e42.exe,MALWARE,0.9999
/home/heph/Documents/code/ransom/new/mb_dataset/samples/232d25948db02a80f05a71382a8fda0000fb08df82778f30322d5844ce7d167b.exe,MALWARE,0.9999
/home/heph/Documents/code/ransom/new/mb_dataset/samples/e5d9f02670d27c81762ca962c07dc4b8f3daf4085bfbe77a60d450f3f61684b0.exe,MALWARE,0.9999
/home/heph/Documents/code/ransom/new/mb_dataset/samples/91dcc81e8257de71a0d162f5b02654ce2895518a08112bb8c0ef764d575f1b99.exe,MALWARE,0.9999
/home/heph/Documents/code/ransom/new/mb_dataset/samples/6b263d1547dea150f2a1acc00b1b8f8ef30d400c31fe207e9f38a3a33e6461ee.exe,MALWARE,0.9999
/home/heph/Documents/code/ransom/new/mb_dataset/samples/06388962bb9c2499117a658ac496d9bcc76e29cf560f551fef971996f037327a.exe,MALWARE,0.9999
/home/heph/Documents/code/ransom/new/mb_dataset/samples/9ad258a814d69b7bfb48afaeda5a966308ffedb0cf7454a815c88c42629a745c.exe,MALWARE,0.9999
/home/heph/Documents/code/ransom/new/mb_dataset/samples/e17ee8ffe9bb9062dcf3caad7e79785ec462faca7eb6e44302a5e0c03ad83a91.exe,MALWARE,0.9999
/home/heph/Documents/code/ransom/new/mb_dataset/samples/875ef5b3053d4d322471a9a9c0a7ea0b44c75178add2bb43ac4619ec78209cf1.exe,MALWARE,0.9997
/home/heph/Documents/code/ransom/new/mb_dataset/samples/7e55984b301bf836995807293d281046d0d14f26e113727e2cc8e993f0de45a8.exe,MALWARE,0.9999
/home/heph/Documents/code/ransom/new/mb_dataset/samples/7fb707b6080c884faf366ba8e885c37e68ada8cd96bbc4897a7df0ab00c17270.exe,MALWARE,0.9999
/home/heph/Documents/code/ransom/new/mb_dataset/samples/786bb21f95e657b07a7bfb151e4e0d0f27fe443ac855e467e9b7d3fa643c62ab.exe,MALWARE,0.9999
/home/heph/Documents/code/ransom/new/mb_dataset/samples/df4cf6f6be06bfd7eaf23bffc9c16639573228bc72fd6262352a242b5bdf2080.exe,MALWARE,0.9999
/home/heph/Documents/code/ransom/new/mb_dataset/samples/cbc5ce28b1925b070284c6cb443ef9197ed6d78d3d8b891189e7d103003cf8c0.exe,MALWARE,0.9999
/home/heph/Documents/code/ransom/new/mb_dataset/samples/bf771de1c2a064ca7acf4cecbeeb6a4f23895befc680a76747f8a7c7c7c3d80c.exe,MALWARE,0.9997
/home/heph/Documents/code/ransom/new/mb_dataset/samples/f874d2ec768aac73111ccc280352a8769b03d1789327b0b3e9674c55e0de1c01.exe,MALWARE,0.9993
/home/heph/Documents/code/ransom/new/mb_dataset/samples/68a2463b6158df3417d67dd62a36c2f24a6222f5470c4eed599eb88f6fc0c69f.exe,MALWARE,0.9999
/home/heph/Documents/code/ransom/new/mb_dataset/samples/f7406f510410049b863e7998ee56ed1767400ddce304fcd45aef7a89706d50ee.exe,MALWARE,0.9999
/home/heph/Documents/code/ransom/new/mb_dataset/samples/1b7f7b031d5c653dbedd8e6b6d42ffa38b578487e5665825372ae817ef912089.exe,MALWARE,0.9999
/home/heph/Documents/code/ransom/new/mb_dataset/samples/4129b40320c247d7bb743590ef61dccb01d47485ef6a4d46685f3109bf7c404b.exe,MALWARE,0.9999
/home/heph/Documents/code/ransom/new/mb_dataset/samples/c353239379a79b09a4a4dd594cb1dd338a46d0677bd9d43658be6bdb68cc5097.exe,MALWARE,0.9999
/home/heph/Documents/code/ransom/new/mb_dataset/samples/483ccf8762a7ab5008fc5a878be09c10da5c8da72a8e2323c0e31509f95b7923.exe,MALWARE,0.9999
/home/heph/Documents/code/ransom/new/mb_dataset/samples/d148dedc9b654f78a2ddd2298663df99d57d00cdec9e97a3722496cc51c60701.exe,MALWARE,0.9999
/home/heph/Documents/code/ransom/new/mb_dataset/samples/4bb311ba0e479264b1d3c7deab5bfb44b0c1fb100d82aa7d605369b0ac938981.exe,MALWARE,0.9996
/home/heph/Documents/code/ransom/new/mb_dataset/samples/8cf61c66b1cde95afdc402040152b3ca0022fceb866b84be297572708b08cb5b.exe,MALWARE,0.9998
/home/heph/Documents/code/ransom/new/mb_dataset/samples/d47e05b0ad27c651fb9cf73444e1f6a26514acb16998e92fca8be115ae6a2dee.exe,MALWARE,0.997
/home/heph/Documents/code/ransom/new/mb_dataset/samples/3d557b2b7692818e771d9f0dff1eeab3a5d309b5b627e913e88cbc1d2318d0a8.exe,MALWARE,0.9999
/home/heph/Documents/code/ransom/new/mb_dataset/samples/cbeb7eeb2ba0e370efa87676217c68f0de0067a465d4d0b422d78ddb3168ec1e.exe,MALWARE,0.9999
/home/heph/Documents/code/ransom/new/mb_dataset/samples/567ed29376b1cdfc820544d6d8e38d58187476a0b911226d5cb8e95f69dcba6f.exe,MALWARE,0.9999
/home/heph/Documents/code/ransom/new/mb_dataset/samples/2378e1f171faad176f8cd95a3c106e06dbe74a135ce8e8dabc0e41cf2405ef54.exe,MALWARE,0.9998
/home/heph/Documents/code/ransom/new/mb_dataset/samples/4f9af410240401ada8d2eee48baf81dd7c33e990d7927fa1d456533cbfb37c6e.exe,MALWARE,0.9999
/home/heph/Documents/code/ransom/new/mb_dataset/samples/0aeddd756cf2991b1dcb283318dc895e81b5a54cfa560fef6234936a8f2dbd55.exe,MALWARE,0.9998
/home/heph/Documents/code/ransom/new/mb_dataset/samples/2ce2c104c964166cf5fc95d7c855c173533bf28b7053a398bb01e757fd0d94ea.exe,MALWARE,0.9999
/home/heph/Documents/code/ransom/new/mb_dataset/samples/14d41863a6fcb2d11b554cb85f4f8f00bf8f6c4444ce1c1eadb1c15eccaa01e7.exe,MALWARE,0.9997
/home/heph/Documents/code/ransom/new/mb_dataset/samples/110eedf789feeb746b14dfc2d1a93aa580dfa110a4cb3073ce4d9460de5309cf.exe,MALWARE,0.9999
/home/heph/Documents/code/ransom/new/mb_dataset/samples/6b20888a57749e9e7bdd567daa7347e525018e32aa98d61f684f3ed9372a4239.exe,MALWARE,0.9998
/home/heph/Documents/code/ransom/new/mb_dataset/samples/a4ecbf9d395be341a8a4e042bab9679d4ee6e43f9f9cf1690d88bf277ef09803.exe,MALWARE,0.9999
/home/heph/Documents/code/ransom/new/mb_dataset/samples/0b80ebd4dffd54e98c8dd781246d247546f9e47ca86eca4215b07d8631370891.exe,MALWARE,0.9999
/home/heph/Documents/code/ransom/new/mb_dataset/samples/8b7851ae383ee5e1d106322f99d0a6149044e317ed310ce7464ff7d82afa725c.exe,MALWARE,0.9999
/home/heph/Documents/code/ransom/new/mb_dataset/samples/9c9ed624eaf441b4637d50fe25d386636c5cb59fb69f5b824afc7cec6dfff7f0.exe,MALWARE,0.9999
/home/heph/Documents/code/ransom/new/mb_dataset/samples/f6a6765642f0f8c4b81f45d4e1a9f65505432bbf4c249fa3c96b82d9c712effe.exe,MALWARE,0.9999
/home/heph/Documents/code/ransom/new/mb_dataset/samples/2f48e39c1fa623b569c7580066026dc25e629fcd4a9cdb8a58d22e45c9eb99c2.exe,MALWARE,0.9999
/home/heph/Documents/code/ransom/new/mb_dataset/samples/62623bddab0911eca4cd33135383761dbcf6f22a480eda9761becf638f1c4546.exe,MALWARE,0.9999
/home/heph/Documents/code/ransom/new/mb_dataset/samples/444cf71032e7c7be2a79255af4fb38bab0333fb0a060ecc3fe91473d26ebce83.exe,MALWARE,0.9999
/home/heph/Documents/code/ransom/new/mb_dataset/samples/200690de2b973c6f7a702d5129dea09aec57d548cab07e19f012e5a8e0c6ae64.exe,MALWARE,0.9999
/home/heph/Documents/code/ransom/new/mb_dataset/samples/8e53393db26258fb917fd570861070420d31148c2826dcdbed52ce326c2d5ff6.exe,MALWARE,0.9999
/home/heph/Documents/code/ransom/new/mb_dataset/samples/6c0bd6cae657449a07dcb78940ea732d7e4e24546477b083116bff4c99bd417d.exe,MALWARE,0.9999
/home/heph/Documents/code/ransom/new/mb_dataset/samples/bcbaec2245e008d98b6b8a15dd780aacf1b3afbe3daf68508f48a5e32e283c1c.exe,MALWARE,0.9999
/home/heph/Documents/code/ransom/new/mb_dataset/samples/53193f424f55572d6c57e1efc0d9afbce1fb8d2e09de0669bc230c34dccd330d.exe,MALWARE,0.9999
/home/heph/Documents/code/ransom/new/mb_dataset/samples/946e4a86f1cb22fab17f7e3a9a0422421e781b99357436e816ddb00e5154ed48.exe,MALWARE,0.9999
/home/heph/Documents/code/ransom/new/mb_dataset/samples/d88d0746c4a81d9e858c8d34797799e11b93772bd186548fad99643e14461de0.exe,MALWARE,0.9998
/home/heph/Documents/code/ransom/new/mb_dataset/samples/dc4c90ff7afc701b97de256780991a61a922c3c28c4e1e478793c5b42053dd5d.exe,MALWARE,0.9999
/home/heph/Documents/code/ransom/new/mb_dataset/samples/0aab6f215890584c93d3914606f068adca9679153d271eac2e2ce68ee8842d96.exe,MALWARE,0.9999
/home/heph/Documents/code/ransom/new/mb_dataset/samples/bf586230320fd2bb84f1173e01abbe304392579b55e1f321ce5f60fec7087f14.exe,MALWARE,0.9999
/home/heph/Documents/code/ransom/new/mb_dataset/samples/6aca49f129d7eb89f198149671cfa552ddfbbc5dc40039dbadadcb7158431d61.exe,MALWARE,0.9998
/home/heph/Documents/code/ransom/new/mb_dataset/samples/caeecccfee0962fbe3d4fb4ab336bf3d1230b12ad0821ff66f7a2cabc289c954.exe,MALWARE,0.9998
/home/heph/Documents/code/ransom/new/mb_dataset/samples/fc38866bc8b8cab27e524e8592c185d3876460b3f3cda7fe445276c0f4dfe336.exe,MALWARE,0.9998
/home/heph/Documents/code/ransom/new/mb_dataset/samples/8df072a5fdd3d744912ffd65970e0b8ed9d98ccb234f023a1e81fdfaed81b8f2.exe,MALWARE,0.9998
/home/heph/Documents/code/ransom/new/mb_dataset/samples/9f24cff00ff55730e61d9fd9a182f92f272735ba6ce55bc93bdc7ea24424dc42.exe,MALWARE,0.9999
/home/heph/Documents/code/ransom/new/mb_dataset/samples/557ece892da38340d69ed65ac32d1fe4f714643342dedbcbb166e5f334d82311.exe,MALWARE,0.9998
/home/heph/Documents/code/ransom/new/mb_dataset/samples/e6c6ad948e9ad054f789500a6fda9485c861af7b48ae04001a8fc555ac0b3be5.exe,MALWARE,0.9994
/home/heph/Documents/code/ransom/new/mb_dataset/samples/d4b9f4354252a9c203a211d8d600113f9d236ecca6234f43b5aa02350b5b24cc.exe,MALWARE,0.9999
/home/heph/Documents/code/ransom/new/mb_dataset/samples/971e39310ce70dc7833890a3dd839d7a25565f2e31dac2ac83e67da5e1ed9e44.exe,MALWARE,0.9994
/home/heph/Documents/code/ransom/new/mb_dataset/samples/88968c3b8e6e3fce9e327cb0d92079b88a35962f0503edc0888d2d9883de87c6.exe,MALWARE,0.9999
/home/heph/Documents/code/ransom/new/mb_dataset/samples/1bb689e95fd5ed5f70fd3ac60cf28d7aace52fea6b1bacc0a257e19cbf50a71d.exe,MALWARE,0.9999
/home/heph/Documents/code/ransom/new/mb_dataset/samples/a4b3953a8fdbee6fccaa3c25847c3da85e78d33377e73e6bebe3fe9d00a4de84.exe,MALWARE,0.9999
/home/heph/Documents/code/ransom/new/mb_dataset/samples/3802d96292e6a2968272841a8d9e360e1358d4cd58db35ef04a08da70ce3c329.exe,MALWARE,0.9999
/home/heph/Documents/code/ransom/new/mb_dataset/samples/d5d2f7a0d0ec8cbba0f3f3ad7f4eebdb0e82bb54e0edb6356eccb84b8d9d5736.exe,MALWARE,0.9999
/home/heph/Documents/code/ransom/new/mb_dataset/samples/9d4f3c4a7bce15559a9501b2c7d2ecf8f005a1b325dd407dff8054ed0e3e9b17.exe,MALWARE,0.9999
/home/heph/Documents/code/ransom/new/mb_dataset/samples/44bab40d0ba2224516ff0258b70b04529dee4ff397d0380131725fc19e347cff.exe,MALWARE,0.9999
/home/heph/Documents/code/ransom/new/mb_dataset/samples/f70d4b4fc9941796d149798614345b8e8bf6e0c69022ac407cb8b03bf26fdc7c.exe,MALWARE,0.9973
/home/heph/Documents/code/ransom/new/mb_dataset/samples/e833b7fc4bf14527edb120ee4e691a660b21f93b1ec22bf15881bdcee4c5bb8d.exe,MALWARE,0.9999
/home/heph/Documents/code/ransom/new/mb_dataset/samples/c14987c4c6fc2de2cac43355964465d7611652e29f699d64fa292399f526c103.exe,MALWARE,0.9999
/home/heph/Documents/code/ransom/new/mb_dataset/samples/a0e32603876c3035d76a78e35d5f89576ded2475451b4d27e19331bf9e6abfc3.exe,MALWARE,0.9999
/home/heph/Documents/code/ransom/new/mb_dataset/samples/9ded335a6f346de4aafbc4f8c08e90dce1f064820b13d6580f01731c9837d7a8.exe,MALWARE,0.9999
/home/heph/Documents/code/ransom/new/mb_dataset/samples/7c9bc6a878b6cb355bb2a5c70170aa48b1e8f369dd64ee47df3ac9ea9e213b02.exe,MALWARE,0.9999
/home/heph/Documents/code/ransom/new/mb_dataset/samples/1da3193c52b5ec3a14b36acbc9c92266a2a531399e33c1e3a209e828eda7a0a5.exe,MALWARE,0.9999
/home/heph/Documents/code/ransom/new/mb_dataset/samples/744ec52f480cb86b7e84fbbfe4b1880f57219dae5683b746f88d6ee4ba394751.exe,MALWARE,0.9999
/home/heph/Documents/code/ransom/new/mb_dataset/samples/fdf29de5bc715feaa80709bdddd59b8293aa538d257ba9dd6a287d065ecb68a8.exe,MALWARE,0.9999
/home/heph/Documents/code/ransom/new/mb_dataset/samples/d9135507e8dbcf15a852ec34623ea6b6d633e10032c94f187ef357ba821af893.exe,MALWARE,0.9999
/home/heph/Documents/code/ransom/new/mb_dataset/samples/fd71b1ab3e3823ccd88c0f406c30c4386074c36e1c0432e13121550cd655098f.exe,MALWARE,0.9999
/home/heph/Documents/code/ransom/new/mb_dataset/samples/f46fe1a83f5d560d681d09c2270e8fe0d78cc48bd7d9ef72070fc88152625ce9.exe,MALWARE,0.9999
/home/heph/Documents/code/ransom/new/mb_dataset/samples/e2f55e8e0244d5c2466213f83eb71b46da60c99daf54b15f3469bf45d8b40420.exe,MALWARE,0.9998
/home/heph/Documents/code/ransom/new/mb_dataset/samples/f433f2bb54439aef2f42823d954bcd61a7b3e537b220cc7f8028ab49faa5c01b.exe,MALWARE,0.9999
/home/heph/Documents/code/ransom/new/mb_dataset/samples/d6bb046ae8dc8418fb9c5e3ac71ecf047091ecf7db438a7690a59dae0826d2bf.exe,MALWARE,0.9999
/home/heph/Documents/code/ransom/new/mb_dataset/samples/cfd5d9a4e67799f2428c6071dcc13fcf726f49ec3e706f0302b4592a3a0a08f0.exe,MALWARE,0.9999
/home/heph/Documents/code/ransom/new/mb_dataset/samples/c864a70f78fb972f505ae5b13c0ad984e64c547194beb258926bb4c323fac31d.exe,MALWARE,0.9999
/home/heph/Documents/code/ransom/new/mb_dataset/samples/ca31a3cac8964691deed3b6a613cca11a83a68f87541934c4c6befb480bf1bb7.exe,MALWARE,0.9999
/home/heph/Documents/code/ransom/new/mb_dataset/samples/b228a698ee826b42e19307f2d34c2620819a67a0e98fd2af08aae570b8178cc0.exe,MALWARE,0.9999
/home/heph/Documents/code/ransom/new/mb_dataset/samples/9d3f3db89e771a30c511f90be78c95fe7dbd991a7724b53c0c8e51cf77c1af39.exe,MALWARE,0.9999
/home/heph/Documents/code/ransom/new/mb_dataset/samples/9634bf20af12b966691a5da0e23e203ade4d630dd7da54a4bca035f542e40144.exe,MALWARE,0.9999
/home/heph/Documents/code/ransom/new/mb_dataset/samples/93fd2d3bc51a49491dff17032b34b275fc243fc953ba59ed7b61b9442ffc7daa.exe,MALWARE,0.999
/home/heph/Documents/code/ransom/new/mb_dataset/samples/8d12750b1cbcd0b4927d5401621672288333b425ae796147af1e1e3d670f50b1.exe,MALWARE,0.9999
/home/heph/Documents/code/ransom/new/mb_dataset/samples/7917289fc477adfc13ec816a3aaa9f3f3ef396a6697de08bc993b5b085c06005.exe,MALWARE,0.9999
/home/heph/Documents/code/ransom/new/mb_dataset/samples/6a223ef6338be0da0a6ef3122cbbcee2dba7cd41fa7403a10797f5953138f554.exe,MALWARE,0.9987
/home/heph/Documents/code/ransom/new/mb_dataset/samples/75216960408add421ac158de6f619dbb5bbb55d91346b87b569fc9e197ee6ba9.exe,MALWARE,0.9999
/home/heph/Documents/code/ransom/new/mb_dataset/samples/63396a28b79a7eaa60c384bcb02699398cd3b2b0c14fe9cfaf52b2ffa57798cc.exe,MALWARE,0.9998
/home/heph/Documents/code/ransom/new/mb_dataset/samples/504f7cd3a853f9a06c501ebeec2a95f8d301430edff425ea8620e103d47d758e.exe,MALWARE,0.9999
/home/heph/Documents/code/ransom/new/mb_dataset/samples/47cfe086857686ad181199a846fd931a6dd561fb99822db72e9c451e33e15c63.exe,MALWARE,0.9999
/home/heph/Documents/code/ransom/new/mb_dataset/samples/47a30dd28b7db14409a3cf706854cd27f7f909983789d3530b9ec49dae1387e2.exe,MALWARE,0.9999
/home/heph/Documents/code/ransom/new/mb_dataset/samples/1c77f2a5897570d2017a9cd70ef3f5b88146abebdad839e741b9daeec4aefffb.exe,MALWARE,0.9987
/home/heph/Documents/code/ransom/new/mb_dataset/samples/1c2d5cccca58b469351980895c8a2080c8346de09c2f1ab7a123deb3d3e4a539.exe,MALWARE,0.9999
/home/heph/Documents/code/ransom/new/mb_dataset/samples/1532bba40b917d274d0b3dc2b27c5feacae985ba425f3cffcb5e963e20af5bcb.exe,MALWARE,0.9999
/home/heph/Documents/code/ransom/new/mb_dataset/samples/05ff9a32f9287fd2c16b06a4e3f03742dbbad5fe400b0dcfe53050ab5422334f.exe,MALWARE,0.9999
/home/heph/Documents/code/ransom/new/mb_dataset/samples/0ec2d75e06ae567716d4297bc2f00fab9f6c5d649d2078abe16a6dabd3cd391d.exe,MALWARE,0.9999
/home/heph/Documents/code/ransom/new/mb_dataset/samples/8808e4e220fcda37bdb05b703e86053f88a6ebd68037d37ef89754c459d7ad2b.exe,MALWARE,0.9884
/home/heph/Documents/code/ransom/new/mb_dataset/samples/d16518abb5dc4d76f4f423d02b0b8c99fe5edb89edf3c60ca64ebb2a6879a15e.exe,MALWARE,0.9999
/home/heph/Documents/code/ransom/new/mb_dataset/samples/1cc3b2946bb008c7f0b18225696b2e492b627725a3f4ead9ffb6e49346ca1325.exe,MALWARE,0.9999
/home/heph/Documents/code/ransom/new/mb_dataset/samples/b6ab1591894e586b04090926078ca87e3e8094659a0b60a513f1564a1b037b44.exe,CLEAN,0.277
/home/heph/Documents/code/ransom/new/mb_dataset/samples/3d8b538a62473db2cd132f6eded5ba1c81c1d04702a40399a702c514247c12dc.exe,SUSPICIOUS,0.7443
/home/heph/Documents/code/ransom/new/mb_dataset/samples/5ff8f64c4f30268e388f898e0540163158b5941f9c0900d50c4d2fd9d1062e4c.exe,CLEAN,0.1412
/home/heph/Documents/code/ransom/new/mb_dataset/samples/bdbba6afa1fe6a41d85a712ddb48c6fb9057df42cc9e318ea582d5535008025c.exe,CLEAN,0.2358
/home/heph/Documents/code/ransom/new/mb_dataset/samples/42cf8f16f7a65509a5916cd1f0b25d6192749965fe5ee32c63428cb8f63c6a75.exe,SUSPICIOUS,0.6692
/home/heph/Documents/code/ransom/new/mb_dataset/samples/1776750df4968ba3685419918b3dd262eafabdf36cb10987752fcd15efbf257d.exe,MALWARE,0.9999
/home/heph/Documents/code/ransom/new/mb_dataset/samples/185fafbeb00cd8238fdabee088763e27012dd3a0076e04dddca6266f129f0430.exe,SUSPICIOUS,0.6592
/home/heph/Documents/code/ransom/new/mb_dataset/samples/59e0ab333060b4e510db5d36d87f0fe267ab66b0881955649b06d91d6dd2d486.exe,SUSPICIOUS,0.3731
/home/heph/Documents/code/ransom/new/mb_dataset/samples/39f5b60188d49196e6c10271a084a755f9553190898438b15107cdb950a4bbde.exe,MALWARE,0.9999
/home/heph/Documents/code/ransom/new/mb_dataset/samples/70fa0e970a0c29da67b5f1468996eecf7116256c2b7212fb6667b0fb92ad839d.exe,MALWARE,0.9999
/home/heph/Documents/code/ransom/new/mb_dataset/samples/37ff5b1492fe4e1083bdc87df3524d4ac7b5b604e71dfca3730a6527d3bb7d2a.exe,SUSPICIOUS,0.5742
/home/heph/Documents/code/ransom/new/mb_dataset/samples/36035b1a4995acb201c2b2160000d4477a31a2222c3f6bdc25a32d53d930bcfd.exe,SUSPICIOUS,0.5417
/home/heph/Documents/code/ransom/new/mb_dataset/samples/38df9f7ee6504ebae134f8f446caaa0cf9f7c2c258f51023bc7eddd68e5aad12.exe,SUSPICIOUS,0.8314
/home/heph/Documents/code/ransom/new/mb_dataset/samples/a7f49d965383c1d18343a3469f482820f41ea3d8a908d3e8cf43de0c20aa7442.exe,MALWARE,0.8066
/home/heph/Documents/code/ransom/new/mb_dataset/samples/6884fa613525c3d557cffef160c272b7479656b6d34ef00a527504758274ccaa.exe,MALWARE,0.8518
/home/heph/Documents/code/ransom/new/mb_dataset/samples/21766e51afd193a59b8b32f38d7f852022ee58348537be2fa7620773df237f77.exe,MALWARE,0.8666
/home/heph/Documents/code/ransom/new/mb_dataset/samples/e6fae4d52ed5450e44b6c16ce80abf4e63cdc25d3e4fc4f55c220cc1b740c2f5.exe,MALWARE,0.9999
/home/heph/Documents/code/ransom/new/mb_dataset/samples/daa69519885c0f9f4947c4e6f82a0375656630e0abf55a345a536361f986252e.exe,CLEAN,0.0004
/home/heph/Documents/code/ransom/new/mb_dataset/samples/750984dff0d13260e17e9bb1a3482f1bae834d6e0de1bcd199028748a9f998dc.exe,SUSPICIOUS,0.6879
/home/heph/Documents/code/ransom/new/mb_dataset/samples/fe5d565b1f7b0a5b25edf491dafb826ab4270d99e574ba716baa99fd224aa504.exe,MALWARE,0.9582
/home/heph/Documents/code/ransom/new/mb_dataset/samples/f0a17efd62272b2bb2dfe0d57ca547044da75a558e32b2d94aa5788c18d9168c.exe,MALWARE,0.9999
/home/heph/Documents/code/ransom/new/mb_dataset/samples/90025b71fb52f97a9bb10ef314f7c85f6000619657b2ec7940110da7a9b64703.exe,MALWARE,0.9999
/home/heph/Documents/code/ransom/new/mb_dataset/samples/7fa09b186e668d32c7684c318a8e588448d9b3f55f1b9894d5388ac7cf002174.exe,MALWARE,0.9999
/home/heph/Documents/code/ransom/new/mb_dataset/samples/aaf7bb9ad358726ca367f1827686dc15fea925f26ab1e201a2768c67472e8890.exe,MALWARE,0.9978
/home/heph/Documents/code/ransom/new/mb_dataset/samples/7d4b154e90a8472545d84d7d1ec49888269872c9a8adf3a0411317c8f926f1f5.exe,MALWARE,0.9997
/home/heph/Documents/code/ransom/new/mb_dataset/samples/2aae8c4c79d6332be6f899936c662326250d402f13b1ef85f930d61d4179e183.exe,MALWARE,0.9998
/home/heph/Documents/code/ransom/new/mb_dataset/samples/d9bed1a2f69d9c144006a97ee6eedaaa9cd94960a93d39aa2c7bc59e17527163.exe,CLEAN,0.0767
/home/heph/Documents/code/ransom/new/mb_dataset/samples/008e4c327875110b96deef1dd8ef65cefa201fef60ca1cbb9ab51b5304e66fe1.exe,MALWARE,0.9999
/home/heph/Documents/code/ransom/new/mb_dataset/samples/3757824893405fd34313749b689879b40b02db3d8a682f9f88e23f63908881f7.exe,MALWARE,0.9999
/home/heph/Documents/code/ransom/new/mb_dataset/samples/56f7b48f3877743c44aef0f3e990b3387dd6185f1c40a7477f5b6bad64960659.exe,MALWARE,0.9999
/home/heph/Documents/code/ransom/new/mb_dataset/samples/084c57449c765416706301c723116da5073aa60da415c0eb3013239611135b0e.exe,MALWARE,0.9999
/home/heph/Documents/code/ransom/new/mb_dataset/samples/13c788ccaa70bca1746a8e35a2d9fda5a85b7a225703801baf927b02701886f3.exe,MALWARE,0.9999
/home/heph/Documents/code/ransom/new/mb_dataset/samples/dc4bb89a5e91280cb1fcf1d87f8616fe3cc283159c8babb240b437d2e1e5a309.exe,MALWARE,0.9999
/home/heph/Documents/code/ransom/new/mb_dataset/samples/6b84568ce25ae74bacd0bb7aad5738846ea567180c9139a6de450b82d64e5a1f.exe,MALWARE,0.9999
/home/heph/Documents/code/ransom/new/mb_dataset/samples/d85c1e6750b46ab77dde45ec04683e7ad84ad29db6a22392af1f22c395909c30.exe,MALWARE,0.9999
/home/heph/Documents/code/ransom/new/mb_dataset/samples/33ed85ff368cf9fed46a9a74482a5ff5863175f5fcac44a61ee13d678ad10611.exe,MALWARE,0.9999
/home/heph/Documents/code/ransom/new/mb_dataset/samples/b748273a57cb0c0eff16dd6030920c7794d31118e4796471a2d34684c0756144.exe,MALWARE,0.9999
/home/heph/Documents/code/ransom/new/mb_dataset/samples/a3f6679f856ce665166f3979520936ce148fb216be6ea509fd8f527256191fe5.exe,MALWARE,0.9999
/home/heph/Documents/code/ransom/new/mb_dataset/samples/b08ba51136b2f4ff7a477735d05e91ccc09be3eacbd706331e4a81af7fc68940.exe,MALWARE,0.9999
/home/heph/Documents/code/ransom/new/mb_dataset/samples/867d49ff57da4de9e097bce1fd0ab1a50a755ca39ef9e97bee34a8a6c9d51bbb.exe,MALWARE,0.9999
/home/heph/Documents/code/ransom/new/mb_dataset/samples/267f4251888e56ee84029a34e56fcceb63940f75fa563b20e1a7267806049a97.exe,MALWARE,0.9999
/home/heph/Documents/code/ransom/new/mb_dataset/samples/9c3942cc35345c4ffffdff580e450f86626d89871c853834c2b126afb023ccda.exe,MALWARE,0.9999
/home/heph/Documents/code/ransom/new/mb_dataset/samples/c0a84187653d386349e6426392a5aad656685dbcd1ce7e67877a0071800ee626.exe,MALWARE,0.9999
/home/heph/Documents/code/ransom/new/mb_dataset/samples/ad534790700a9daa5fda6452692590e5e8c86d6a86aec0110822d0b54a6c21d9.exe,MALWARE,0.9959
/home/heph/Documents/code/ransom/new/mb_dataset/samples/a6566bc4c76a36a0e880d2151e0a86a59c3af57082b7c83a669dba3f28afb959.exe,MALWARE,0.9998
/home/heph/Documents/code/ransom/new/mb_dataset/samples/fe52d906fa596e7ae16633074ff7178b3ac40e26a93f0009f1b33d5cbf219e91.exe,MALWARE,0.9998
/home/heph/Documents/code/ransom/new/mb_dataset/samples/d0dd0f7658b938f9a3036ce308f5018ae0cf3bc516aaf3c18b947afee136c043.exe,MALWARE,0.9999
/home/heph/Documents/code/ransom/new/mb_dataset/samples/3b15b66bf6a7d7ebab6437906686037f23a797d15e0fbff3d6741d3f58db8f1e.exe,MALWARE,0.9999
/home/heph/Documents/code/ransom/new/mb_dataset/samples/cfed5d55391704116b3bf68840ebcdd99277054cb1924ecff31876478ed9a927.exe,MALWARE,0.9999
/home/heph/Documents/code/ransom/new/mb_dataset/samples/f4e2bab6cb056c8e644e4b8d4dac7cbf2b972d763f396a475e9fb539438de839.exe,MALWARE,0.9999
/home/heph/Documents/code/ransom/new/mb_dataset/samples/7b367f4c26ea8c16697cd8b2d41e568a1fa3a6a7909475b7e0850dc38f374dce.exe,MALWARE,0.9531
/home/heph/Documents/code/ransom/new/mb_dataset/samples/50b0c7858bc2bb2d1fa3d441bd2c4e3930b88b77c6cef11a51af5705727d6639.exe,CLEAN,0.0038
/home/heph/Documents/code/ransom/new/mb_dataset/samples/4b12f4fdf07d06fb59b5619d01a293c51d32efd183d45a87459b47d5169cfe51.exe,MALWARE,0.9995
/home/heph/Documents/code/ransom/new/mb_dataset/samples/a617fdbff227afe8c89ba96d34724fb03c0c08857c508c8c80f3fedc916fe2b4.exe,MALWARE,0.9999
/home/heph/Documents/code/ransom/new/mb_dataset/samples/bc0ed3e73b8d1fdc839f2e8ed3578ca3221dba4eb984e581cb00dfb4cdfb7d49.exe,MALWARE,0.9999
/home/heph/Documents/code/ransom/new/mb_dataset/samples/94658982002db6acea22c68b7619f71154933effd6428a81a235aba6e2789328.exe,CLEAN,0.1912
/home/heph/Documents/code/ransom/new/mb_dataset/samples/dffefbde27442b9095388b1871ffdc101c430b9a814138be4f962328a5b73fde.exe,MALWARE,0.9933
/home/heph/Documents/code/ransom/new/mb_dataset/samples/0ed05e4be5376f0cf391a78afc7a3114ffbfa064348fb66cd93e8ee6f6b27fe1.exe,CLEAN,0.1257
/home/heph/Documents/code/ransom/new/mb_dataset/samples/c34d0660da24b48480de58aaa394bd27f5a5b1ed9249d897ca4dde70312a87ec.exe,MALWARE,0.9979
/home/heph/Documents/code/ransom/new/mb_dataset/samples/fc257f64a0279bb5ae221b968d3f38bbb7237a8475c165c5a8430fe6633e3fe6.exe,MALWARE,0.9904
/home/heph/Documents/code/ransom/new/mb_dataset/samples/2b5a3934d3e81fee4654bb1a7288c81af158a6d48a666cf8e379b0492551188f.exe,MALWARE,0.9891
/home/heph/Documents/code/ransom/new/mb_dataset/samples/212fda15138c362d0f7b8f5a2bf43cf8dca0030eee02f06cf2b0516325386355.exe,MALWARE,0.9528
/home/heph/Documents/code/ransom/new/mb_dataset/samples/fa2b92d07e6f86bcd56bd1b5d146bedcda1e623028612afab2ee749764046834.exe,MALWARE,0.9998
/home/heph/Documents/code/ransom/new/mb_dataset/samples/e51abdb2023b560244802f7d9687944dc0dff3042c28d7bc7a2b517df6e24942.exe,MALWARE,0.9999
/home/heph/Documents/code/ransom/new/mb_dataset/samples/801384c781c364acdc61e60e5b120359cb4617a42da8155123f3a0381a56495a.exe,MALWARE,0.9985
/home/heph/Documents/code/ransom/new/mb_dataset/samples/f8a505c194572963b8defea169a2bf9b7e87ba2a38df1afb990623715a81daf3.exe,MALWARE,0.9999
/home/heph/Documents/code/ransom/new/mb_dataset/samples/03b5ff330cca623ed119cd2a77b2a142bc38f2a8a3a6e714793fe20f7b0c4051.exe,MALWARE,0.9999
/home/heph/Documents/code/ransom/new/mb_dataset/samples/57eab146f612a387a6d0db7073f200742634a31cc78dda6f59cfdc8996ddca4a.exe,MALWARE,0.9999
/home/heph/Documents/code/ransom/new/mb_dataset/samples/4aa3ae979ad5fb790408c90ebe653592f5861eb7b8dac54cad59e9ac1c54bac4.exe,MALWARE,0.9999
/home/heph/Documents/code/ransom/new/mb_dataset/samples/56074a1d055957fe372a60582fa9603b4d683a029c0abbc490dcb5c44bc56885.exe,MALWARE,0.9999
/home/heph/Documents/code/ransom/new/mb_dataset/samples/bf5f4d7b6ef1fdb903677e4ede04fb49952e08cee79822b9b53642bb5d1e6f02.exe,MALWARE,0.9999
/home/heph/Documents/code/ransom/new/mb_dataset/samples/097d28021ffb26cb5b7d2d1377578cd6e2005549e44b5b2491fd310ecf50f7a8.exe,MALWARE,0.9999
/home/heph/Documents/code/ransom/new/mb_dataset/samples/36a4311ef332b0b5db62f8fcabf004fdcfbbde62f791839a8be0314604d814c4.exe,MALWARE,0.9997
/home/heph/Documents/code/ransom/new/mb_dataset/samples/166eec273d472577682b777f9e12b63697db76c21823abf8c228a8b8b506a4b8.exe,MALWARE,0.9999
/home/heph/Documents/code/ransom/new/mb_dataset/samples/fc82772468e062322e676763a8a22c7604224448b18580fa54fdc37e4a661846.exe,MALWARE,0.9987
/home/heph/Documents/code/ransom/new/mb_dataset/samples/edade6616334f3d313ac3ea7c3e432d8d9461cddad8e2ec3a94ffdc6e336a94e.exe,MALWARE,0.9999
/home/heph/Documents/code/ransom/new/mb_dataset/samples/dd23476649d1dbd1561ae7a3b07e9f7ea49a0cde94c467825a523cd645a08e5b.exe,MALWARE,0.9999
/home/heph/Documents/code/ransom/new/mb_dataset/samples/c64bf1a1e4d47232d1966ec0515f7d80503a001f42b8dd3c99459f94dc0b3132.exe,MALWARE,0.9999
/home/heph/Documents/code/ransom/new/mb_dataset/samples/bf9f6c46bf0d4ddf1e18550a5e2faaf30f19fabe4d8b7b134ffc9bfbacc479fd.exe,MALWARE,0.9999
/home/heph/Documents/code/ransom/new/mb_dataset/samples/b9a33e0225555e2d41582f81a7fa73fe431817f6e169d55540b250907dec7aaf.exe,MALWARE,0.9999
/home/heph/Documents/code/ransom/new/mb_dataset/samples/557314de998d75904fc52be9b37ff297264e8534f74f4d65e0cb862cc68bba49.exe,MALWARE,0.9999
/home/heph/Documents/code/ransom/new/mb_dataset/samples/278f028ba0e2f974cad2299e00089c865fbd5d3b89cc02ed817bc5bbb51887ea.exe,MALWARE,0.9999
/home/heph/Documents/code/ransom/new/mb_dataset/samples/32ff829d4c104583e3b4cc1c10d0ca79b254cfbc20974faa27fdffc6902b098d.exe,MALWARE,0.9999
/home/heph/Documents/code/ransom/new/mb_dataset/samples/9b9afe28f57f6be5a6c9cf168d8576c89bbb2fb12d81a00ffc7f6b5d2d436a42.exe,MALWARE,0.9999
/home/heph/Documents/code/ransom/new/mb_dataset/samples/9b1ee7e79dee8df07307a1be4899fc076a02aac45c55a321fc2f8df1241f1309.exe,MALWARE,0.9999
/home/heph/Documents/code/ransom/new/mb_dataset/samples/8cd9a8d1bfa7a4032cf1863863b0139b53f4adc9a48b38209683c78663e9f4cf.exe,MALWARE,1.0
/home/heph/Documents/code/ransom/new/mb_dataset/samples/7e786e4d49341d855d5dbc719c79358b26cf72331c2e8d06846b25b03a0a277d.exe,MALWARE,0.9999
/home/heph/Documents/code/ransom/new/mb_dataset/samples/5ead6837cbb5d7450c8ae309531e3d1a134e1792f78381ec1642928e2e788e63.exe,MALWARE,0.9999
/home/heph/Documents/code/ransom/new/mb_dataset/samples/5c5464ea8d2bf9fe5f229773e614edfe7e05d1556ace58e0d5778b3b3cec1c39.exe,MALWARE,0.9999
/home/heph/Documents/code/ransom/new/mb_dataset/samples/4e9762d0385abc614f124624ea9be798a831e4075266918dfe1408b695a85731.exe,MALWARE,1.0
/home/heph/Documents/code/ransom/new/mb_dataset/samples/0c920c6592e00f5768964b1e86d21c0248368b04642c1dec8ed287ccd81bd123.exe,MALWARE,0.9999
/home/heph/Documents/code/ransom/new/mb_dataset/samples/7b85a3f5315470c36ba4047a6c849284ff5d738796fcc9d61b8713f8955fa018.exe,MALWARE,0.9999
/home/heph/Documents/code/ransom/new/mb_dataset/samples/c64c3ea2bc5e7a94d67a6cea1abad1b646d9bc43bbee7a62c5980a40c9ea5c9e.exe,MALWARE,0.9988
/home/heph/Documents/code/ransom/new/mb_dataset/samples/d85188c58acb395ae88ad2be1f48044090eb03f125c97692c20787b933bbbd1a.exe,MALWARE,0.9999
/home/heph/Documents/code/ransom/new/mb_dataset/samples/c1eb88cc7f7b43de1ef71fae416c729483d71fa930314c36dfb03b01b8455d31.exe,MALWARE,0.9999
/home/heph/Documents/code/ransom/new/mb_dataset/samples/e50d52fbac295a37f0ed0b724d4ddafca8c86bcd2391b4c481d51d5e279afd20.exe,MALWARE,0.9999
/home/heph/Documents/code/ransom/new/mb_dataset/samples/fefb3c7053a1332b03a4c0523862e8e387a5065b263cf10cb0d7f33f02afc646.exe,MALWARE,0.9999
/home/heph/Documents/code/ransom/new/mb_dataset/samples/bd5ebf9632ad17e9a39393ab94ef055307ec053486fe703e2a614de391bc4a65.exe,MALWARE,0.9999
/home/heph/Documents/code/ransom/new/mb_dataset/samples/2339489be44f93b61688ee3b65d0bd2fede5f6dd494588a6268602d2f006bd16.exe,MALWARE,0.9999
/home/heph/Documents/code/ransom/new/mb_dataset/samples/690be9e806f882774ab1347302bd92236a16499f160f37e59992c220466493c0.exe,MALWARE,0.9999
/home/heph/Documents/code/ransom/new/mb_dataset/samples/602c753ee7337a5398df34b82238dd243d6afc9aa0f2d6e75f9d5a98cb609aa9.exe,MALWARE,0.9999
/home/heph/Documents/code/ransom/new/mb_dataset/samples/40a2ace8bb6e3d7d50bb346344789c2fafd25490fdaa982134aaacce6f971995.exe,MALWARE,0.9999
/home/heph/Documents/code/ransom/new/mb_dataset/samples/8a99a4c58ef5e27d112f0efb4719abe01bcddb5e516114711ee4991f7922ab5f.exe,MALWARE,0.9999
/home/heph/Documents/code/ransom/new/mb_dataset/samples/1d67abe1ec08e6215e08d6bb595ade3d1d33d0e886edf887b29f4d8e1d46e593.exe,MALWARE,0.9999
/home/heph/Documents/code/ransom/new/mb_dataset/samples/e477af6d35159a718921669fe67027ac5d529bdb6b75fd68611735e2fb9c1c9b.exe,MALWARE,0.9966
/home/heph/Documents/code/ransom/new/mb_dataset/samples/8cf50ae247445de2e570f19705236ed4b1e19f75ca15345e5f00857243bc0e9b.exe,SUSPICIOUS,0.3645
/home/heph/Documents/code/ransom/new/mb_dataset/samples/5291232b297dfcb56f88b020ec7b896728f139b98cef7ab33d4f84c85a06d553.exe,SUSPICIOUS,0.6411
/home/heph/Documents/code/ransom/new/mb_dataset/samples/d765e722e295969c0a5c2d90f549db8b89ab617900bf4698db41c7cdad993bb9.exe,MALWARE,0.9999
/home/heph/Documents/code/ransom/new/mb_dataset/samples/215c37360388d16653ffc1740c639d486753a9db69a8ad4f3e1b172b1b712df4.exe,MALWARE,0.9948
/home/heph/Documents/code/ransom/new/mb_dataset/samples/f8da280bb9f81028c14d1e156d6685cdb5f75219a60f645f72e520fb5e388712.exe,CLEAN,0.2688
/home/heph/Documents/code/ransom/new/mb_dataset/samples/5e902a138174c34e5445685c82b2044e0b35565854471aaccef0315c77288dc9.exe,MALWARE,0.9642
/home/heph/Documents/code/ransom/new/mb_dataset/samples/8d2f2ee24882afe11f50e3d6d9400e35fa66724b321cb9f5a246baf63cbc1788.exe,SUSPICIOUS,0.9271
/home/heph/Documents/code/ransom/new/mb_dataset/samples/6df87fb710e47fa8fa5181c0cce49ad33358885a7b96df5ea703557a799d6ba4.exe,MALWARE,0.9998
/home/heph/Documents/code/ransom/new/mb_dataset/samples/e6533a1fe66fdc985140ffd14084c0afd585213797d87a68fea1dd203b7e762b.exe,MALWARE,0.9999
/home/heph/Documents/code/ransom/new/mb_dataset/samples/6a1161e089899bb4d676482893fe478f30a2054d988971f45def7f342cc36906.exe,MALWARE,0.9965
/home/heph/Documents/code/ransom/new/mb_dataset/samples/f0cbec10d08d9fe884e993382d4f89cb156bdc8e60def7c720ba44e2cd8288cb.exe,MALWARE,0.9999
/home/heph/Documents/code/ransom/new/mb_dataset/samples/ef03103f027f862608f7f0ad3cd079af8aa8a7ddc348860db3f38a568614d16a.exe,MALWARE,0.9999
/home/heph/Documents/code/ransom/new/mb_dataset/samples/c2efb7f53b1a7a61f2abf2d1b64d0d5085989ad65a9749a58e54a238e8044dbf.exe,MALWARE,0.9999
/home/heph/Documents/code/ransom/new/mb_dataset/samples/cccf837d7a343519e2ac2821d37046e9a2bf6e3e0b0619b5285d363c86e54a79.exe,MALWARE,0.9991
/home/heph/Documents/code/ransom/new/mb_dataset/samples/69231e9c1f9f307dc3684728ad1f9979dfc81fd840ad03177708aa54e8fb21bb.exe,MALWARE,0.9999
/home/heph/Documents/code/ransom/new/mb_dataset/samples/061cea03cc1ffa7d052caa1efa3c0625da9a0f20d3f22f80d47a7c1e3a174c8f.exe,MALWARE,0.9999
/home/heph/Documents/code/ransom/new/mb_dataset/samples/717d5e5d0e1dd08209b895023d284188798dd7e8b32ced22346b06b706b0f63a.exe,MALWARE,0.9998
/home/heph/Documents/code/ransom/new/mb_dataset/samples/f6e9383a4a359baff5f5a10a63e3f19d583e08c3a62098876a151db801e30436.exe,MALWARE,0.9999
/home/heph/Documents/code/ransom/new/mb_dataset/samples/546953b5e8b9cffc510ab693cde110a9cdd20b375b192f951981b016288fafad.exe,MALWARE,0.9999
/home/heph/Documents/code/ransom/new/mb_dataset/samples/540fd363f22068e0dfb6e56a7e64386d0fcb8cc6f381f06505ebf8033e653c78.exe,MALWARE,0.9945
/home/heph/Documents/code/ransom/new/mb_dataset/samples/96887995ee63caca38177a344721651543b00daf398427b87041ec8aa74406d9.exe,MALWARE,0.9999
/home/heph/Documents/code/ransom/new/mb_dataset/samples/ce2611bd103c49a79329b1825110b238c4424710d4e996ad8b0fef92d6c41393.exe,MALWARE,0.9999
/home/heph/Documents/code/ransom/new/mb_dataset/samples/82744245650ad6d277364380daa06fcbc4c8a26d78f082fab01902b236ff4036.exe,MALWARE,0.9998
/home/heph/Documents/code/ransom/new/mb_dataset/samples/f329fc3bbda4bbe2f21824881a9b1f65e94c8a8b8a43305e69dfe8f336960df1.exe,MALWARE,0.9999
/home/heph/Documents/code/ransom/new/mb_dataset/samples/e2a52c21182e2e78ac543d9ed62f5a6f89dd94aead03e5f8c62d2f78cbea4f49.exe,MALWARE,0.9999
/home/heph/Documents/code/ransom/new/mb_dataset/samples/18bcc45a960987ba95d31d56896101b759069fa092ad583ee418287d12147e5e.exe,MALWARE,0.9999
/home/heph/Documents/code/ransom/new/mb_dataset/samples/54053b77dcb3767ec60d901c448a2e6f978371d1e61206c9fc8b1b2515941181.exe,MALWARE,0.9998
/home/heph/Documents/code/ransom/new/mb_dataset/samples/4ae1ad34591e55c2f2a6c73e9255cada22b86c6300d60629403bf997c34ef1ed.exe,MALWARE,0.9998
/home/heph/Documents/code/ransom/new/mb_dataset/samples/c7386fde4d6b42bc322682a7cb465122859d67804c2f51eeec0d581bfae110d5.exe,MALWARE,0.9998
/home/heph/Documents/code/ransom/new/mb_dataset/samples/514e6f0d3504b099fd92547852eca34774aac787186224c0c3a5a6207be3175b.exe,MALWARE,0.9999
/home/heph/Documents/code/ransom/new/mb_dataset/samples/6b5da1fabaf06b38cbd9d2d2fe6ab878c35d1102f9201f81366bc2df3d6a6603.exe,MALWARE,0.994
/home/heph/Documents/code/ransom/new/mb_dataset/samples/f8e9e1ee90963ca1f8edba227ba7b80b3d3db581c9145c0c7152a97a35dcd695.exe,MALWARE,0.9957
/home/heph/Documents/code/ransom/new/mb_dataset/samples/87feca94fc02b098be787060da09fc6f6473221ddf4aaa2f19321db3de256c0d.exe,MALWARE,0.9998
/home/heph/Documents/code/ransom/new/mb_dataset/samples/78d4fce0c253356bf72cf72f260f27a3f0f3cf0a904a3618f3011cbe0b4e882e.exe,MALWARE,0.9999
/home/heph/Documents/code/ransom/new/mb_dataset/samples/7004af389d633b82c3ee67055ecb0f9accae5dc0a53721da66c76825ece528f8.exe,MALWARE,0.9868
/home/heph/Documents/code/ransom/new/mb_dataset/samples/3372c1edab46837f1e973164fa2d726c5c5e17bcb888828ccd7c4dfcc234a370.exe,MALWARE,0.9999
/home/heph/Documents/code/ransom/new/mb_dataset/samples/2159739a68fa270eb94caddbb7f5d132b1175716efab3b3f25f86dc57c4c0db4.exe,MALWARE,0.9832
/home/heph/Documents/code/ransom/new/mb_dataset/samples/5343947829609f69e84fe7e8172c38ee018ede3c9898d4895275f596ac54320d.exe,MALWARE,0.9999
/home/heph/Documents/code/ransom/new/mb_dataset/samples/98c2a9cccd03a8c3090306c50698fab922d42c7e5aa701089468537d7e78a2e0.exe,MALWARE,0.9998
/home/heph/Documents/code/ransom/new/mb_dataset/samples/4de6675c089aad8a52993b1a21afd06dc7086f4ea948755c09a7a8471e4fddbd.exe,MALWARE,0.9999
/home/heph/Documents/code/ransom/new/mb_dataset/samples/acf76b147e61c5bc21e7a014bff6351d6d80e3cae5be9c6a42c1b86731a70836.exe,MALWARE,0.9999
/home/heph/Documents/code/ransom/new/mb_dataset/samples/dcd725c415cebc7df170edf49af18d6f86e76ef75185737de5959405f4aecc56.exe,MALWARE,0.9004
/home/heph/Documents/code/ransom/new/mb_dataset/samples/cf10abe5b1d03db404ac3f070d390c39e8523e611428903b4034bab5223fc00f.exe,SUSPICIOUS,0.6209
/home/heph/Documents/code/ransom/new/mb_dataset/samples/df93b51dfce7f3f780fe6544a2db728672b9df4e76f2e61be21c87d6d782cce0.exe,MALWARE,0.9999
/home/heph/Documents/code/ransom/new/mb_dataset/samples/b3e1e9d97d74c416c2a30dd11858789af5554cf2de62f577c13944a19623777d.exe,MALWARE,0.7857
/home/heph/Documents/code/ransom/new/mb_dataset/samples/70d6105900816937f3c74dce0c044f03ac72df99485cc9f76bf4e0a47bc3e0da.exe,MALWARE,0.9999
/home/heph/Documents/code/ransom/new/mb_dataset/samples/4a2ad49c934f9ae6ca6b5d0c7cc34f5e12d349640012fa8cf8eb7e2d3acd6c9f.exe,MALWARE,0.9999
/home/heph/Documents/code/ransom/new/mb_dataset/samples/2aebddfd22ccb317b35b54e627d0eb05c59e761edbabe2a5029b19e8866e03c8.exe,MALWARE,0.9999
/home/heph/Documents/code/ransom/new/mb_dataset/samples/d460a39b8a903a1d6a559515723fd55c7ed0a4c06fbce1635fc8e21662250f9e.exe,MALWARE,0.999
/home/heph/Documents/code/ransom/new/mb_dataset/samples/5bd70163b5ee71238d37ffa0ff179e6a42fc28ff5e218c11502e8341b031b951.exe,MALWARE,0.9965
/home/heph/Documents/code/ransom/new/mb_dataset/samples/02ff523b0330900767277b319cba76ee33f47d0a71774155613ed6667855adf6.exe,MALWARE,0.9998
/home/heph/Documents/code/ransom/new/mb_dataset/samples/db47addc5d20966badd482543d67e70a1ef5e719a2c907e80bc1d3a9080c22d4.exe,MALWARE,0.9999
/home/heph/Documents/code/ransom/new/mb_dataset/samples/8cc84c910910535990b7ec98b521f7bb84774a78fa488a27dacff5590a7322e3.exe,MALWARE,0.9998
/home/heph/Documents/code/ransom/new/mb_dataset/samples/48e79c374b29858b59e5b06434e3f54e416ba7f664037d48d4adae5276d6a43b.exe,MALWARE,0.8913
/home/heph/Documents/code/ransom/new/mb_dataset/samples/72d4375c5fe2533acb5e378ddbd3c55f87c61003a492caffdcb40db988c49503.exe,SUSPICIOUS,0.8076
/home/heph/Documents/code/ransom/new/mb_dataset/samples/f9c5420c0f039a178f5495ecfb657f8da383624e0cf7f02c645fbdfa95e2e8b9.exe,SUSPICIOUS,0.8074
/home/heph/Documents/code/ransom/new/mb_dataset/samples/84cbffb84b7c9ced79b511f82a15414d9202ab68479dfe44cec7b745ed12f973.exe,MALWARE,0.9999
/home/heph/Documents/code/ransom/new/mb_dataset/samples/772cad26853c7d8ea8f1023f6e3cba219cc9bb1db1cd31ad2b979e59d3d9c631.exe,MALWARE,0.9999
/home/heph/Documents/code/ransom/new/mb_dataset/samples/eba0482a5b1232db451b1a745dd8e99defb9f1194b070e2f5c20eeb251296a86.exe,MALWARE,0.9999
/home/heph/Documents/code/ransom/new/mb_dataset/samples/078de7d019f5f1e546aa29af7123643bd250341af71506e6256dfee8f245a2a7.exe,MALWARE,0.9998
/home/heph/Documents/code/ransom/new/mb_dataset/samples/b60f2abca2515ab7c447ab5b237a50c634357f7d4c9591b76c0b44829ad30460.exe,MALWARE,0.9998
/home/heph/Documents/code/ransom/new/mb_dataset/samples/0cd28b912cf4d9898a6f03c4edfd73d1d90faf971ad84b28c6c254408ad7630f.exe,MALWARE,0.9998
/home/heph/Documents/code/ransom/new/mb_dataset/samples/3bb5725f06379a042e81b51ef32617f5ea8e02ef2c5bab4ae602bc3bd181c972.exe,MALWARE,0.9998
/home/heph/Documents/code/ransom/new/mb_dataset/samples/81c85319217d31eca7968a889105cac75ef32be409978dba5bdfe47cbe8ff485.exe,MALWARE,0.9999
/home/heph/Documents/code/ransom/new/mb_dataset/samples/a1a1e34dbc30a46811f5b717f808908412aa6f3d6840aa526d5c0154e008558e.exe,MALWARE,0.9969
/home/heph/Documents/code/ransom/new/mb_dataset/samples/deb1f9d82f62df4f707e68af480ccbb365ebd65eb9606c11c08a2b610f32ff7d.exe,MALWARE,0.9983
/home/heph/Documents/code/ransom/new/mb_dataset/samples/9f7966228999bbe7b3ad36e9d5c95d4b3d400e078f0046db908788d07fbd7dc6.exe,MALWARE,0.9999
/home/heph/Documents/code/ransom/new/mb_dataset/samples/242181fc34195146896cf99a1d3796b89485b2fa3668122f430ac8107320948d.exe,MALWARE,0.9998
/home/heph/Documents/code/ransom/new/mb_dataset/samples/a387b102b68e3a206d4b6cb5f0d2100b9082746be283fbb333a1d4c3dc8272d5.exe,MALWARE,0.9969
/home/heph/Documents/code/ransom/new/mb_dataset/samples/28b28111884badedf0870be7bef1e417b3ddea12eb06b1c431e992be39d6bf8e.exe,MALWARE,0.9999
/home/heph/Documents/code/ransom/new/mb_dataset/samples/21043cb4d201a6a5daf06ff34f703d6e306da8ff14aaf1b0880bcd79bf5833a7.exe,MALWARE,0.9998
/home/heph/Documents/code/ransom/new/mb_dataset/samples/7d4feff258cc047570614cc192706671e30cfa8fb81f23356f6c2c794ca4e68c.exe,MALWARE,0.9998
/home/heph/Documents/code/ransom/new/mb_dataset/samples/1f767e658585f751002e4b3ef083ae7317628a0edb068b5c00aee13a11fc6e63.exe,MALWARE,0.9975
/home/heph/Documents/code/ransom/new/mb_dataset/samples/8a2fb749949f4733b0825f66e880940ee5527156074d3aaaaf37ee3b7b90785d.exe,MALWARE,0.9999
/home/heph/Documents/code/ransom/new/mb_dataset/samples/679684697ee06a22c48b9ffa98fc4aa76ebec4ca1433b21ae19e0c7f8a5eeab3.exe,MALWARE,0.9999
/home/heph/Documents/code/ransom/new/mb_dataset/samples/52d15703f2f8c463669b05d48914d0905e2d9c2628f3d48b2f4c935b034e6f64.exe,MALWARE,0.995
/home/heph/Documents/code/ransom/new/mb_dataset/samples/9a6164b2628a14950961ff1031f5f2a77f3d5920c92174abd6802e66eb2229a9.exe,MALWARE,0.9999
/home/heph/Documents/code/ransom/new/mb_dataset/samples/18fa8f54d2df6708c2c66ed4e3b1e465e1d7464ede7e2d76bde18bf8f620c3e4.exe,MALWARE,0.9981
/home/heph/Documents/code/ransom/new/mb_dataset/samples/10c4aa6aeb88bc3da851b75a2363178aa543002233be9eb97464623f7994291d.exe,MALWARE,0.9997
/home/heph/Documents/code/ransom/new/mb_dataset/samples/75dd3608de0296ec53cebaf935b7142265799894b4eeea2a7794a059ffc5e3e6.exe,MALWARE,0.9999
/home/heph/Documents/code/ransom/new/mb_dataset/samples/a3f6405a4093b2c4ae24b1c097b7b6903d4d014bb4761e30ffbf4c398e426c1a.exe,MALWARE,0.9993
/home/heph/Documents/code/ransom/new/mb_dataset/samples/d98f9c981da1fa1dfba351472d8eec3ab2adf6b2b58b1c4ec42ac8204fbfb45a.exe,MALWARE,0.9998
/home/heph/Documents/code/ransom/new/mb_dataset/samples/3a7e74f0ecf5c9b44add16fceb394def8a7789334906a710e476e7f361cd38c2.exe,MALWARE,0.9969
/home/heph/Documents/code/ransom/new/mb_dataset/samples/eec41a3e29e670a2590f9e37a8e1640853dd92aa70e00661c9e047b61273757d.exe,MALWARE,0.9998
/home/heph/Documents/code/ransom/new/mb_dataset/samples/1255ae363438f2b5cd225c2f1863bb27d337fa247d4f49328ac1d0ad3592a665.exe,MALWARE,0.9975
/home/heph/Documents/code/ransom/new/mb_dataset/samples/a4c83fdffbf371ea337a753c609af49e62a1f8d4a41dd5914d16f7e2cbc7cb0f.exe,MALWARE,0.9999
/home/heph/Documents/code/ransom/new/mb_dataset/samples/7a61ca0cd624f85a02a3d168764a589593ff19ca4edb41be92f16ffb521ffad1.exe,MALWARE,0.9999
/home/heph/Documents/code/ransom/new/mb_dataset/samples/6b9693bfc7e7b3d26bafb65e7368c091e874fc8b05ca202076fd3ee3c2e9550a.exe,MALWARE,0.9998
/home/heph/Documents/code/ransom/new/mb_dataset/samples/331cc04171c61e3b49128146d708622058815469911fe15aad1f16a4d0ff1fe1.exe,MALWARE,0.9983
/home/heph/Documents/code/ransom/new/mb_dataset/samples/fca593068c0edebe88c5393b04c10c717d136f7edc3749d8ecb23ab98322c7ed.exe,MALWARE,0.9999
/home/heph/Documents/code/ransom/new/mb_dataset/samples/cbd0406e2311f9852fc7d5e836ce28886b84bf95aa9ff4b0f27beddd8c35fd6c.exe,MALWARE,0.9969
/home/heph/Documents/code/ransom/new/mb_dataset/samples/1eef5d3f564b8768d3356319fb4bd081b961bfb2fd7fefce3f4dadc80ef534d4.exe,MALWARE,0.9999
/home/heph/Documents/code/ransom/new/mb_dataset/samples/e464a735624284456d3eb1708d718c768afbf5f4ed603984bdacdc7120408765.exe,MALWARE,0.9975
/home/heph/Documents/code/ransom/new/mb_dataset/samples/96e4b1a3d225d6a3a49b89d3a4a0f2095e5e667ecc2168fc91fbc1612fdfab1b.exe,MALWARE,0.9998
/home/heph/Documents/code/ransom/new/mb_dataset/samples/726f87f336b6d8257d564bf27f2f8fd22ee3a9a6da2e2a2103fe764a5e8af04d.exe,MALWARE,0.9998
/home/heph/Documents/code/ransom/new/mb_dataset/samples/446a7327773eff4c2cbd0ded843603517e1f06ae2dcc194d0fa525de5f3d98af.exe,MALWARE,0.9998
/home/heph/Documents/code/ransom/new/mb_dataset/samples/3d027f93694b68a89a385c28217b35806eec19e6f9433da82a2b61eb85398019.exe,MALWARE,0.9999
/home/heph/Documents/code/ransom/new/mb_dataset/samples/0927d239277035f28b64f69428bca288a2efed9cbcf2addfe0c43cf32b7a180f.exe,MALWARE,0.995
/home/heph/Documents/code/ransom/new/mb_dataset/samples/a71db9bee94bb26348cf911d8aae34e84cdf94317ce65e1bd749391125ffaade.exe,MALWARE,0.9999
/home/heph/Documents/code/ransom/new/mb_dataset/samples/b56a8326c87bb9f8aa3d277dbd99c0657dd518fbc6f142ab61276e42bf9b1973.exe,MALWARE,0.9995
/home/heph/Documents/code/ransom/new/mb_dataset/samples/e12a4ebbb7481c4e357853bd2613a51bfc5186cba74e2d45918c8e3d4a63d1ee.exe,MALWARE,0.9981
/home/heph/Documents/code/ransom/new/mb_dataset/samples/225ec52d18f40326301666d1914aa870b2c2c77a9891e1baffd67d34bb508c97.exe,MALWARE,0.9997
/home/heph/Documents/code/ransom/new/mb_dataset/samples/47f4229f3f433d5591fa59599a2496a21030b13187c7ebf8759beec2a25c0a5d.exe,MALWARE,0.9999
/home/heph/Documents/code/ransom/new/mb_dataset/samples/eef9b5684b6e673999c963232a0635744c8853a3758b7177e81afdef71249200.exe,MALWARE,0.9999
/home/heph/Documents/code/ransom/new/mb_dataset/samples/e5348cbab8d7d3b245db81c6db8bdf6102db8afd231a8b6836d985d3d0878e64.exe,MALWARE,0.995
/home/heph/Documents/code/ransom/new/mb_dataset/samples/871093a0f144cdc4e6f47058f824db4bb6c3f06493c64465e8717488fcb6fd90.exe,MALWARE,0.9999
/home/heph/Documents/code/ransom/new/mb_dataset/samples/af06022fe587fd5c32e9974b20b21b5333b5f20b0d6fda3f537ebc470e3ba685.exe,MALWARE,0.9999
/home/heph/Documents/code/ransom/new/mb_dataset/samples/60d73258ca23674507f4a882a2c49faa648975e9ed810d9a93d49e6de207b060.exe,MALWARE,0.9999
/home/heph/Documents/code/ransom/new/mb_dataset/samples/9db8770e6d1f18eb98aecd9cb18e67c85baa53ba1b53e02cb12dd897f93e3ac7.exe,MALWARE,0.9981
/home/heph/Documents/code/ransom/new/mb_dataset/samples/60f8b6d462659f2e33e2d80ee76961e809b631b29958472be6d16304631f7b44.exe,MALWARE,0.9999
/home/heph/Documents/code/ransom/new/mb_dataset/samples/744ac9ddf206073aa4e2b92a61bca40abe6c022d7aeee3921e7639036f23a667.exe,MALWARE,0.9997
/home/heph/Documents/code/ransom/new/mb_dataset/samples/824ab34b2a34ccc9ef69f5fa851ba7ec87042443ecaeb6a573f43f9c944f43a4.exe,MALWARE,0.9999
/home/heph/Documents/code/ransom/new/mb_dataset/samples/8b3f0b07b8b423bf8b708d06ed59f028b7c5a62f2ef8c0a108409fcd58dd791a.exe,MALWARE,0.9981
/home/heph/Documents/code/ransom/new/mb_dataset/samples/a497dfdbf21b6b6a32fcc1a9bafa7066e8e66fda0875fcbc4c7080a4f8654130.exe,MALWARE,0.9997
/home/heph/Documents/code/ransom/new/mb_dataset/samples/1cb6e2a2526f332fe132ab8905cd4cae65a1f7ef7aa4f9bf351f7f323f3b32c9.exe,MALWARE,0.9999
/home/heph/Documents/code/ransom/new/mb_dataset/samples/721b2b38e67387f73ebad1c347c8190d222034cbf6527bcfe9053dde8fcdd3cc.exe,MALWARE,0.9998
/home/heph/Documents/code/ransom/new/mb_dataset/samples/a44a932f0ae375fab03a7098806bec205b2692bd50fdb533c39c0eb94797feae.exe,MALWARE,0.9978
/home/heph/Documents/code/ransom/new/mb_dataset/samples/620d00c17bff11803acd34235d44d8ef07550877a9168cf95fdd081de9ae18b2.exe,MALWARE,0.9345
/home/heph/Documents/code/ransom/new/mb_dataset/samples/0d5461dd543b8c6a71c7987d7069b8c81ad40d28d7fb31da7796f463e351020d.exe,MALWARE,0.9934
/home/heph/Documents/code/ransom/new/mb_dataset/samples/16e2c661b13089b38aa8f3ade233d3cdd2a8b682fc2d9e0795279f782171474d.exe,MALWARE,0.9984
/home/heph/Documents/code/ransom/new/mb_dataset/samples/b2f2ac6419392e3202cf057ef928104f795afb3e96747d85a62937cc6c7d8c9b.exe,MALWARE,0.9999
/home/heph/Documents/code/ransom/new/mb_dataset/samples/aba33cab56f5d74348b88cacc3db1464c0a2922633d76f445842c18aa3b3b7dd.exe,MALWARE,0.9832
/home/heph/Documents/code/ransom/new/mb_dataset/samples/0d56de71fd541b777edbd246e23360cbcab6bddd2ed18ac078fcf29533738a93.exe,MALWARE,0.9909
/home/heph/Documents/code/ransom/new/mb_dataset/samples/b9170a6678f62a8484ec8c75b1a0d5d3ee620154d8d8f07a7a748f45781e3116.exe,MALWARE,0.94
/home/heph/Documents/code/ransom/new/mb_dataset/samples/33f51bc65501f737c3411ddc0645a26b0777c912bf6b66a62e8cf7b433d04e9b.exe,MALWARE,0.9988
/home/heph/Documents/code/ransom/new/mb_dataset/samples/b2f644f5e3d2040ef24f9ca3a36de0c8606a00f30a0da4fbad471db7d2b2a377.exe,MALWARE,0.9999
/home/heph/Documents/code/ransom/new/mb_dataset/samples/f540851ddbe177871c4b65f11a10bc1c047253d7de4bcda89918de821eac3b8b.exe,MALWARE,0.9999
/home/heph/Documents/code/ransom/new/mb_dataset/samples/eebc9333049be75082af1cb0c8ecb798bcbea50e4b0208fa97a96c71aa68dc62.exe,MALWARE,0.9898
/home/heph/Documents/code/ransom/new/mb_dataset/samples/e87a4702ca5a64b7c10f7ccd6ebc8bc454560e58dcbc78a0e74f15fc9a59cdc5.exe,MALWARE,0.9975
/home/heph/Documents/code/ransom/new/mb_dataset/samples/2cd577befde2603f367979b1673b5d9723dbc0111ff61c8c0886f2be5e3d9bf0.exe,MALWARE,0.9632
/home/heph/Documents/code/ransom/new/mb_dataset/samples/3ae96f73d805e1d3995253db4d910300d8442ea603737a1428b613061e7f61e7.exe,MALWARE,0.9662
/home/heph/Documents/code/ransom/new/mb_dataset/samples/9c748a69c48b79e6422b3bea1766e415de5532cb7ba2b9673d5a51163e6c1df2.exe,MALWARE,0.9996
/home/heph/Documents/code/ransom/new/mb_dataset/samples/6c6c416e7f5f748b6369b4eee9212932740124e375439222cdc649fb2d63d7e5.exe,SUSPICIOUS,0.4231
/home/heph/Documents/code/ransom/new/mb_dataset/samples/df049efbfa7ac0b76c8daff5d792c550c7a7a24f6e9e887d01a01013c9caa763.exe,MALWARE,0.9998
/home/heph/Documents/code/ransom/new/mb_dataset/samples/ee35526d4b26d6cccbdc1fc8e6c94cf02e5f9be32b6b43390167804a0ce6c50f.exe,CLEAN,0.1229
/home/heph/Documents/code/ransom/new/mb_dataset/samples/9c24785c1d429ce1cc9c72613993d12f2b1b95d96e834f3d3736b26221027094.exe,MALWARE,0.9691
/home/heph/Documents/code/ransom/new/mb_dataset/samples/8f368b029a3a5517cb133529274834585d087a2d3a5875d03ea38e5774019c8a.exe,MALWARE,0.9997
/home/heph/Documents/code/ransom/new/mb_dataset/samples/302fa0883fe21e4d0b56c68574a8073edb05b20325c41ea41e6d4e4005d0f9e1.exe,MALWARE,0.9689
/home/heph/Documents/code/ransom/new/mb_dataset/samples/d6b7b27e13700aaa7f108bf9e76473717a7a1665198e9aafcc2d2227ca11bba9.exe,MALWARE,0.9984
/home/heph/Documents/code/ransom/new/mb_dataset/samples/8da85cb00f7ba5e8c23b058d31a4b169c18936a8f7181015ce27e871d8b8cccd.exe,MALWARE,0.9965
/home/heph/Documents/code/ransom/new/mb_dataset/samples/6cbc05acf871c106f7804069fffef908472a31ea1a782add45a100d14c8f5ea0.exe,MALWARE,0.9998
/home/heph/Documents/code/ransom/new/mb_dataset/samples/91450f9e8aeb0361867cdefc0bb7e5bad8941b5081db549d34a91072df4db5dc.exe,MALWARE,0.9825
/home/heph/Documents/code/ransom/new/mb_dataset/samples/7cdbe203acf89434221c69804bf8bd1e44b413376fbb509301c80a84d73e3ee9.exe,MALWARE,0.9972
/home/heph/Documents/code/ransom/new/mb_dataset/samples/79a98588b501d1fdb5de009a49dccaaf2f7683407c856f5007c062f36823aad0.exe,MALWARE,0.9996
/home/heph/Documents/code/ransom/new/mb_dataset/samples/6b22aa631597af44672174cec2c7e6c87741db9bcca6c59cf54eade02dae451b.exe,MALWARE,0.9996
/home/heph/Documents/code/ransom/new/mb_dataset/samples/a9643eb83d509ad4eac20a2a89d8571f8d781979ad078e89f5b75b4bcb16f65e.exe,MALWARE,0.9981
/home/heph/Documents/code/ransom/new/mb_dataset/samples/bf575ce1c9425bc44f5cabbc34366e0e92ef369db0a8b69942c5bdb1cca9b800.exe,MALWARE,0.9967
/home/heph/Documents/code/ransom/new/mb_dataset/samples/23bdeb9ae6a8f414c33ed8baf2de46477d0bc7f469dd543d60332a04e0b7c039.exe,SUSPICIOUS,0.5989
/home/heph/Documents/code/ransom/new/mb_dataset/samples/7a8a0e69f5b95082af078c47676bab17c0210d6c2d97e2631d147ead1a4505d3.exe,MALWARE,0.9769
/home/heph/Documents/code/ransom/new/mb_dataset/samples/23f8aa94ffb3c08a62735fe7fee5799880a8f322ce1d55ec49a13a3f85312db2.exe,MALWARE,0.9986
/home/heph/Documents/code/ransom/new/mb_dataset/samples/40b865d1c3ab1b8544bcf57c88edd30679870d40b27d62feb237a19f0c5f9cd1.exe,MALWARE,0.9999
/home/heph/Documents/code/ransom/new/mb_dataset/samples/e6762cb7d09cd90d5469e3c3bfc3b47979cd67aa06c06e893015a87b0348c32c.exe,MALWARE,0.9998
/home/heph/Documents/code/ransom/new/mb_dataset/samples/cc4a0b4080844e20fb9535679f7b09a3e2449729ce1815d1e5a64272b0225465.exe,MALWARE,0.9998
/home/heph/Documents/code/ransom/new/mb_dataset/samples/a1ce52437252001b56c9ccd2d2da46240dc38db8074a5ed39a396e8c8e387fc2.exe,MALWARE,0.9998
/home/heph/Documents/code/ransom/new/mb_dataset/samples/7faeb64c50cd15d036ca259a047d6c62ed491fff3729433fefba0b02c059d5ed.exe,CLEAN,0.0086
/home/heph/Documents/code/ransom/new/mb_dataset/samples/180f82bbedb03dc29328e32e054069870a1e65078b78b2120a84c96aaed7d843.exe,MALWARE,0.9977
/home/heph/Documents/code/ransom/new/mb_dataset/samples/9eb7abf2228ad28d8b7f571e0495d4a35da40607f04355307077975e271553b8.exe,MALWARE,0.9998
/home/heph/Documents/code/ransom/new/mb_dataset/samples/05e06709523fd798da963c2c24254de0fcca6c57e1052996798ecc74ff43b41f.exe,MALWARE,0.9987
/home/heph/Documents/code/ransom/new/mb_dataset/samples/88b1b4966650de59cef20c340b28739c52dc9ead91d9959a338a8e531ad38335.exe,MALWARE,0.998
/home/heph/Documents/code/ransom/new/mb_dataset/samples/781bc4dcbd459893397a8b987bf697f5b95435dfaf7fe3f4d2224728e7a2202a.exe,MALWARE,0.9966
/home/heph/Documents/code/ransom/new/mb_dataset/samples/2ec5256a7edb90b1c05c92f79e8a48c205b29e1ac910a535aa83c30b8dbbeff8.exe,MALWARE,0.9705
/home/heph/Documents/code/ransom/new/mb_dataset/samples/5e2c9d80fa4528fe9777738a9cba9ede08cdae353fd4cb2d9caf0c9801fd5711.exe,MALWARE,0.9644
/home/heph/Documents/code/ransom/new/mb_dataset/samples/8862b060db997bc9077e3bece06529c1c116af379985f6138a07ab5fde61b54c.exe,MALWARE,0.9922
/home/heph/Documents/code/ransom/new/mb_dataset/samples/cfdc2cb47ef3d2396307c487fc3c9fe55b3802b2e570bee9aea4ab1e4ed2ec28.exe,MALWARE,0.9976
/home/heph/Documents/code/ransom/new/mb_dataset/samples/ec3da4ac9ec917e66ab943ab149119807922f64f2e4960ebadc36fe7520b300f.exe,MALWARE,0.9705
/home/heph/Documents/code/ransom/new/mb_dataset/samples/d7333223dcc1002aae04e25e31d8c297efa791a2c1e609d67ac6d9af338efbe8.exe,MALWARE,0.9978
/home/heph/Documents/code/ransom/new/mb_dataset/samples/d0d7a8f588693b7cc967fb4069419125625eb7454ba553c0416f35fc95307cbe.exe,MALWARE,0.9922
/home/heph/Documents/code/ransom/new/mb_dataset/samples/5b1f242aee0eabd4dffea0fe5f08aba60abf7c8d1e4f7fc7357af7f20ccd0204.exe,MALWARE,0.9578
/home/heph/Documents/code/ransom/new/mb_dataset/samples/92f124ea5217f3fe5cbab1c37a961df0437d5a9cbde1af268c60c4b3194b80ed.exe,MALWARE,0.9998
/home/heph/Documents/code/ransom/new/mb_dataset/samples/e8a0e80dfc520bf7e76c33a90ed6d286e8729e9defe6bb7da2f38bc2db33f399.exe,MALWARE,0.9952
/home/heph/Documents/code/ransom/new/mb_dataset/samples/cfe1678a7f2b949966d9a020faafb46662584f8a6ac4b72583a21fa858f2a2e8.exe,MALWARE,0.9952
/home/heph/Documents/code/ransom/new/mb_dataset/samples/bbbf38de4f40754f235441a8e6a4c8bdb9365dab7f5cfcdac77dbb4d6236360b.exe,MALWARE,0.9886
/home/heph/Documents/code/ransom/new/mb_dataset/samples/327da452b8c86ed8910056646771de8fb92a928c3d135efb2d41e6cb26806382.exe,MALWARE,0.9021
/home/heph/Documents/code/ransom/new/mb_dataset/samples/d5d744e0f7984ec01593da35f26bf24e95e4b1cc8bd1c0ff4f31de5dbf94e38f.exe,MALWARE,0.9644
/home/heph/Documents/code/ransom/new/mb_dataset/samples/3ee706f07d13cb9e617eac2b4442479634ab48f11005568c739c6dcab75052a4.exe,SUSPICIOUS,0.949
/home/heph/Documents/code/ransom/new/mb_dataset/samples/0cf36731f5b8651d53fc651607c3fccac24b631c08dca4493d8e07d2fbff1db3.exe,MALWARE,0.9999
/home/heph/Documents/code/ransom/new/mb_dataset/samples/a671d564c50b3056b915bdc6b063b781989b42e01a3743a1cb82849414fed0f8.exe,MALWARE,0.9959
/home/heph/Documents/code/ransom/new/mb_dataset/samples/daa0ac4896cdfdae324b228d5c620fb3ab4a33ff73d991a3587a086c7ffb5e93.exe,MALWARE,0.9999
/home/heph/Documents/code/ransom/new/mb_dataset/samples/6a22220c0fe5f578da11ce22945b63d93172b75452996defdc2ff48756bde6af.exe,MALWARE,0.9999
/home/heph/Documents/code/ransom/new/mb_dataset/samples/3885589a3c94d0475a6d994e4644e682f4cff93f8b4d65f37508ffe706861363.exe,MALWARE,0.9999
/home/heph/Documents/code/ransom/new/mb_dataset/samples/4263eacd358d5ef9efacff1f63ff79487639136c0268938755a4bfe3f5797167.exe,MALWARE,0.9979
/home/heph/Documents/code/ransom/new/mb_dataset/samples/e8a091a84dd2ea7ee429135ff48e9f48f7787637ccb79f6c3eb42f34588bc684.exe,MALWARE,0.9999
/home/heph/Documents/code/ransom/new/mb_dataset/samples/4e2554b448424859b508433e6c4a043718343febc7894a849f446dd197b47d1e.exe,MALWARE,0.9999
/home/heph/Documents/code/ransom/new/mb_dataset/samples/f03172bd32ed16df6dda8e8146d24b073b864da59d669218fcc5e97835a5e956.exe,MALWARE,0.9999
/home/heph/Documents/code/ransom/new/mb_dataset/samples/d65fa9ed1220cfa12d22239ca62a4b5978bb613090fc1dcb0cccdf191151d125.exe,MALWARE,0.9999
/home/heph/Documents/code/ransom/new/mb_dataset/samples/ac457fc7c907ca04a4aa2e243d4b5120c58d338b44771c84e0d282d625d463a0.exe,MALWARE,0.9999
/home/heph/Documents/code/ransom/new/mb_dataset/samples/63545fa195488ff51955f09833332b9660d18f8afb16bdf579134661962e548a.exe,MALWARE,0.9999
/home/heph/Documents/code/ransom/new/mb_dataset/samples/630325cac09ac3fab908f903e3b00d0dadd5fdaa0875ed8496fcbb97a558d0da.exe,MALWARE,0.9693
/home/heph/Documents/code/ransom/new/mb_dataset/samples/8ebc97e05c8e1073bda2efb6f4d00ad7e789260afa2c276f0c72740b838a0a93.exe,MALWARE,0.9722
/home/heph/Documents/code/ransom/new/mb_dataset/samples/624391da604c4f5a032783234edc2f22338150656d90179a910e1e45cbfaf566.exe,MALWARE,0.9999
/home/heph/Documents/code/ransom/new/mb_dataset/samples/542d67073cbc5c7ce38ebcd31809591f54e000d901048c9e11870faa98cbf67d.exe,MALWARE,0.9999
/home/heph/Documents/code/ransom/new/mb_dataset/samples/db28d5d2a0e2b0320748a4f68156463642ab59671a3c8f7266c23fdffe186ac1.exe,SUSPICIOUS,0.4735
/home/heph/Documents/code/ransom/new/mb_dataset/samples/a8df7571e871d22f13ba3eb376eddd1f73ce241d24caa878494e1805219b342a.exe,MALWARE,0.9998
/home/heph/Documents/code/ransom/new/mb_dataset/samples/30a8cf3e6863030c762b468bf48d679f3dd053a80793770443938fa18de89617.exe,MALWARE,0.9999
/home/heph/Documents/code/ransom/new/mb_dataset/samples/f0ec54b9dc2e64c214e92b521933cee172283ff5c942cf84fae4ec5b03abab55.exe,MALWARE,0.9999
/home/heph/Documents/code/ransom/new/mb_dataset/samples/5874159ac61ab0349f29c8336c6d31d27c4df181318942ace320f4a6c6d24abe.exe,MALWARE,0.9999
/home/heph/Documents/code/ransom/new/mb_dataset/samples/79a67070f0fbff66cb39f3dadd3e3565b1b1b98ed9e079562aabd90d10ad75ac.exe,MALWARE,0.9982
/home/heph/Documents/code/ransom/new/mb_dataset/samples/decc924c5d9724166e627622abfe52636a28c89253307aa88966c70b77a3e1a6.exe,MALWARE,0.9999
/home/heph/Documents/code/ransom/new/mb_dataset/samples/a72cd6dcf20df1725db00b53e95a35cc02490a974845b2f0e45db94d85eb69ff.exe,MALWARE,0.9999
/home/heph/Documents/code/ransom/new/mb_dataset/samples/01d4ced698c9826e5879e235a74bab2b794e85df04b3c693345ef1925a20aeb9.exe,MALWARE,0.9999
/home/heph/Documents/code/ransom/new/mb_dataset/samples/01c647838c374e91e8f9fe967fd25235d72264414bb0d5b82c4fbd4151a9717f.exe,MALWARE,0.9999
/home/heph/Documents/code/ransom/new/mb_dataset/samples/87b9b910d5d5a053e3b39989cc6fd51601abdaea207a26c765f21f43a4cd4dcb.exe,MALWARE,0.9999
/home/heph/Documents/code/ransom/new/mb_dataset/samples/d066e2aa9b600e2f1b8515016e65bc030d48462af178c7944979d73839012ca8.exe,MALWARE,0.9788
/home/heph/Documents/code/ransom/new/mb_dataset/samples/50eba374f306f9a8094b7458dd19001b4a921b8c955eb2b5c7a42f41ff45f865.exe,SUSPICIOUS,0.9208
/home/heph/Documents/code/ransom/new/mb_dataset/samples/764fa73478783cf7d93bb29e519d267efc451b587a4dc6eea939760e1c9419d2.exe,MALWARE,0.9999
/home/heph/Documents/code/ransom/new/mb_dataset/samples/10843ab4b6e4c9592a31a72bc5f7ccfa48fd365e6fba1b100319f40125f8da6f.exe,MALWARE,0.9999
/home/heph/Documents/code/ransom/new/mb_dataset/samples/6bfaba7f6d10242872a5616340c1e6beba3b2d285d59ed79b63272ea1f2c968e.exe,SUSPICIOUS,0.6186
/home/heph/Documents/code/ransom/new/mb_dataset/samples/bcb5833e9b9ff99e6d2001552ad663f511bc57af02ca6ecacb188130fd8d753f.exe,CLEAN,0.2015
/home/heph/Documents/code/ransom/new/mb_dataset/samples/84b9d55a0e240587fc7d4be0d73ca623d1e1b126b963df2b5e3c71d73818c5fd.exe,SUSPICIOUS,0.3337
/home/heph/Documents/code/ransom/new/mb_dataset/samples/f62f4261c914202f3445e122283178a508fa9cc0c480daddc180b5901557b2d7.exe,SUSPICIOUS,0.3861
/home/heph/Documents/code/ransom/new/mb_dataset/samples/6195f07015a3408f58375cf7dd2444f3fe1a751cea0052cad9024fc55e8aa320.exe,MALWARE,0.9999
/home/heph/Documents/code/ransom/new/mb_dataset/samples/0a640b6cbb482a05a67cd670e60b582f9176f964ad0fa61e70a35b828e422596.exe,MALWARE,0.8707
/home/heph/Documents/code/ransom/new/mb_dataset/samples/0a506b1798561b784921b7070c88fbd2e2cdef6d17a500583b1cbd03c5181999.exe,MALWARE,0.9999
/home/heph/Documents/code/ransom/new/mb_dataset/samples/91bd5168b9b0026bfcc02f4a30c11f76d8663ef3ccf734afcc490098b517fa25.exe,MALWARE,0.9688
/home/heph/Documents/code/ransom/new/mb_dataset/samples/88f9515a15433092c34ef33860d1f4994fed90c52bbc219493f4cee2cb2ccbfa.exe,MALWARE,0.9999
/home/heph/Documents/code/ransom/new/mb_dataset/samples/4aeef1dbe94a24070d22718ef75b990fb7763598fa1d966806ae77cbff226722.exe,MALWARE,0.9998
/home/heph/Documents/code/ransom/new/mb_dataset/samples/508a579ec458c954c0aa9d3411ce9e6fac8bff91ad269d4a414e192b464af2d1.exe,MALWARE,0.9921
/home/heph/Documents/code/ransom/new/mb_dataset/samples/51c86805e6350412f78a21f197aa00b4c9d4484118dd0261bd03e8539109f569.exe,MALWARE,0.9999
/home/heph/Documents/code/ransom/new/mb_dataset/samples/b4ecf72fa4af827c32bbc16c05597dbc1216c2fb0b9c2fdff757300e9ab20cef.exe,MALWARE,0.9916
/home/heph/Documents/code/ransom/new/mb_dataset/samples/f4c2169dab08ca0aa12fe0e35a0424b6de1396b719a3eb34c3f7ce205a99dd46.exe,MALWARE,0.9999
/home/heph/Documents/code/ransom/new/mb_dataset/samples/ab8eee432fa636360b3c6724fe6851e9cf8eeae1ee9da6fc576bee1cd5d7fad2.exe,MALWARE,0.9999
/home/heph/Documents/code/ransom/new/mb_dataset/samples/f8cfcd21368ff8d8590000adf0b18d03aa49364a344bffeed9a8f32d5af1148f.exe,MALWARE,0.9925
/home/heph/Documents/code/ransom/new/mb_dataset/samples/e08f17b42e47bf973bf866f167a49b931b99fe1b50bc820078ac2644bd8c209c.exe,MALWARE,0.9999
/home/heph/Documents/code/ransom/new/mb_dataset/samples/1d5f8c4e2cb635bb5cfb001dfd0db882b9eeea700f04a6b9cb1a934667b85368.exe,MALWARE,0.9999
/home/heph/Documents/code/ransom/new/mb_dataset/samples/d9d01bff3bf98b37793eb9d74e713cc340b7d9ad40d0c6437f422c41fca73364.exe,MALWARE,0.9587
/home/heph/Documents/code/ransom/new/mb_dataset/samples/9f7d6949fd359dce79d3233eb80101ff706a35de5308543b0488450c19eba0f0.exe,SUSPICIOUS,0.7
/home/heph/Documents/code/ransom/new/mb_dataset/samples/393a7a313548a4edc025fb47c6c8e614ecc2b41db880ecb59f20cf238e9a864c.exe,MALWARE,0.9999
/home/heph/Documents/code/ransom/new/mb_dataset/samples/00fdeee2f48cc21a5b3da49aacda35513a98d671c8309557b37a378ed57c63bd.exe,MALWARE,0.9999
/home/heph/Documents/code/ransom/new/mb_dataset/samples/80c58ad933073630a37ad8d78739807b1f4b6f5f65900c59c8424b5df11c632b.exe,MALWARE,0.9999
/home/heph/Documents/code/ransom/new/mb_dataset/samples/25835a890a218fd26bfd8b23696576402b5eb8a4c9af4a51529e14c4f00a9cce.exe,MALWARE,0.9999
/home/heph/Documents/code/ransom/new/mb_dataset/samples/c94a81fdf688d220827320e88cc0b89af8690142abe5c602131b6659297c7d24.exe,MALWARE,0.9997
/home/heph/Documents/code/ransom/new/mb_dataset/samples/1d28c4c85e241efbbe326051999b9a8e1d8eeb9a3322da5cb9a93c31c65bbb49.exe,SUSPICIOUS,0.3312
/home/heph/Documents/code/ransom/new/mb_dataset/samples/341061776f03453e20f9e7eb3d91ff7b7842ec1322aab5d0dae4fba7c3d89eef.exe,CLEAN,0.0591
/home/heph/Documents/code/ransom/new/mb_dataset/samples/32f8bb15e0cf8c8988ec4dfe9486291eabf401bfb919598ab850199cc4afea75.exe,CLEAN,0.057
/home/heph/Documents/code/ransom/new/mb_dataset/samples/2bf730fe355eb8301a064b1fb368abff003e59357ee8e68b473767b41f7e9bc5.exe,CLEAN,0.0859
/home/heph/Documents/code/ransom/new/mb_dataset/samples/245e191bfe998ad9ef2d6b169af22f3c290e9950234f8ddd0f4a03cb3eebf761.exe,MALWARE,0.9999
/home/heph/Documents/code/ransom/new/mb_dataset/samples/eb180fcc43380b15013d9fe42e658fc6f6c32cf23426ef10b89bc6548d40523b.exe,MALWARE,0.9999
/home/heph/Documents/code/ransom/new/mb_dataset/samples/77c7839c7e8d4aaf52e33a2f29db8459381b5cc3b2700072305a8bae5e0762a9.exe,MALWARE,0.9999
/home/heph/Documents/code/ransom/new/mb_dataset/samples/ca0d9c8e8b2ed05fcf10178e1d194f5e484892dbe59ede4ae9549d27a5c8fd75.exe,MALWARE,0.9999
/home/heph/Documents/code/ransom/new/mb_dataset/samples/a52267dc795a51404cbf2a7e8e7875929783bcc62abd6b7cfd1921c938cf2756.exe,MALWARE,0.9999
/home/heph/Documents/code/ransom/new/mb_dataset/samples/575c7b60f3b1dfc3cdd42e868b88df19cef81a5577254a314dc7d1da0fd64cfb.exe,MALWARE,0.9999
/home/heph/Documents/code/ransom/new/mb_dataset/samples/71936bc3ee40c7ea678889d2ad5fa7eb39401752cd58988ce462f9d4048578ac.exe,MALWARE,0.9999
/home/heph/Documents/code/ransom/new/mb_dataset/samples/105af5c40c65f51979308e022c25dd285db3cd20e9656caaba0e9b1fc253898b.exe,MALWARE,0.989
/home/heph/Documents/code/ransom/new/mb_dataset/samples/13ccf6c512823f7d30f14d06fd50e00bce8dd03ca331dd5c5d9fee64c340c92d.exe,MALWARE,0.9893
/home/heph/Documents/code/ransom/new/mb_dataset/samples/752d66990097c8be7760d8d6011b1e91daa1d5518951d86f9fdf3d126d54872a.exe,CLEAN,0.0591
/home/heph/Documents/code/ransom/new/mb_dataset/samples/ae6020a06d2a95cbe91b439f4433e87d198547dec629ab0900ccfe17e729cff1.exe,MALWARE,0.9999
/home/heph/Documents/code/ransom/new/mb_dataset/samples/1f2edda243404918b78aa6123aa1fc5b18dd9506e4042c7a1547b565334527e1.exe,MALWARE,0.9999
/home/heph/Documents/code/ransom/new/mb_dataset/samples/54c82ad27174fd6ed72793b1ccf9d26613eb572960e847a63538420c69d06c5b.exe,MALWARE,1.0
/home/heph/Documents/code/ransom/new/mb_dataset/samples/6d4ced2e85587e81d6a09b147ec7cccc054bc0fbb92afc39586de1b2bf57f812.exe,MALWARE,0.9999
/home/heph/Documents/code/ransom/new/mb_dataset/samples/6103e26f6f9d5fd895d9c06e1f5e141ce74d8ebda999cda6a58a4393de5ed094.exe,MALWARE,0.9999
/home/heph/Documents/code/ransom/new/mb_dataset/samples/a2b5ebfc52a447cde255e1ec1ac8797ad49b156ed427df8c292d6aeb4dad5523.exe,MALWARE,1.0
/home/heph/Documents/code/ransom/new/mb_dataset/samples/b4be6b8acda97f36c448365751d5c9a9e1b91f47cedfde79e1de258413c3de71.exe,MALWARE,1.0
/home/heph/Documents/code/ransom/new/mb_dataset/samples/678bfbf5d73d6cf38532e11b11dbed17668d94711e2e2ea27311dd46490201b7.exe,MALWARE,0.9999
/home/heph/Documents/code/ransom/new/mb_dataset/samples/c4282e9040cdc1df92b722568a8b4c42ce9f6533fed0bd34b7fdbae264947784.exe,MALWARE,0.9999
/home/heph/Documents/code/ransom/new/mb_dataset/samples/ed0f154481261e9a08dcc4f7e4d396bce75526811216106daa70d4148c660d76.exe,MALWARE,0.9998
/home/heph/Documents/code/ransom/new/mb_dataset/samples/bb31f235e86b0fda185e6580ef5327f80d6a6c754f78499e8647de5e229769cc.exe,MALWARE,0.9999
/home/heph/Documents/code/ransom/new/mb_dataset/samples/18e299d4331ccff805275b21f33be0a3bd3d1d9ce72a79ba78d2f32dd657bfbb.exe,MALWARE,0.9999
/home/heph/Documents/code/ransom/new/mb_dataset/samples/f1719415abe4dcba0daef0a1e5c8994d1d3c0c659d3e0a11b34f307370dd8683.exe,MALWARE,0.9999
/home/heph/Documents/code/ransom/new/mb_dataset/samples/2138c8a34a1eff40ba3fc81b6e3b7564c6b695b140e82f3fcf23b2ec2bf291cf.exe,MALWARE,0.9999
/home/heph/Documents/code/ransom/new/mb_dataset/samples/cbdc8fd073176c4e0328aff65147f37e5d46847de62508e7a3cf12f49a40b799.exe,MALWARE,0.9966
/home/heph/Documents/code/ransom/new/mb_dataset/samples/81e7942a1f32fb18e37cf622c5a24b7c54c4792549363fddf9a3a9095a07f23e.exe,MALWARE,0.9988
/home/heph/Documents/code/ransom/new/mb_dataset/samples/1deb1efad2c469198aabbb618285e2229052273cf654ee5925c2540ded224402.exe,MALWARE,0.9999
/home/heph/Documents/code/ransom/new/mb_dataset/samples/9a089790e04683ebf37d9746e0284322f59c46eef2a86cc231839482f323e871.exe,MALWARE,0.9999
/home/heph/Documents/code/ransom/new/mb_dataset/samples/ab4eae618bb05b4fb4a8d3790a0d18a3e1566ab477519991cb161398803a8847.exe,MALWARE,0.9999
/home/heph/Documents/code/ransom/new/mb_dataset/samples/499e43933c5ee3bb730417e07d74c93a5f7d7dee05db31714e09dffeb7e3c285.exe,MALWARE,0.9999
/home/heph/Documents/code/ransom/new/mb_dataset/samples/391cfcd153881743556f76de7bbca5b19857f8b69a6f6f6dfde6fd9b06c17f5e.exe,MALWARE,0.9999
/home/heph/Documents/code/ransom/new/mb_dataset/samples/58ccba4fb2b3ed8b5f92adddd6ee331a6afdedfc755145e0432a7cb324c28053.exe,MALWARE,0.9998
/home/heph/Documents/code/ransom/new/mb_dataset/samples/3dda3ee9164d6815a18a2c23651a53c35d52e3a5ad375001ec824cf532c202e6.exe,MALWARE,0.9997
/home/heph/Documents/code/ransom/new/mb_dataset/samples/afcf265a1dcd9eab5aab270d48aa561e4ddeb71c05e32c857d3b809bb64c0430.exe,MALWARE,0.9998
/home/heph/Documents/code/ransom/new/mb_dataset/samples/06d370217abec9468bc22c30ba3be72b8de1a7459f9e927656dcf2613a314bf6.exe,MALWARE,0.9984
/home/heph/Documents/code/ransom/new/mb_dataset/samples/1b9412ca5e9deb29aeaa37be05ae8d0a8a636c12fdff8c17032aa017f6075c02.exe,MALWARE,0.9993
/home/heph/Documents/code/ransom/new/mb_dataset/samples/550771bbf8a3e5625d6ec76d70ed86f6e443f07ce80ff73e47f8249ddd72a8cf.exe,MALWARE,0.9996
/home/heph/Documents/code/ransom/new/mb_dataset/samples/704a0fa7de19564bc743fb68aa0652e38bf86e8ab694bc079b15f945c85f4320.exe,MALWARE,0.9998
/home/heph/Documents/code/ransom/new/mb_dataset/samples/8203c2f00ecd3ae960cb3247a7d7bfb35e55c38939607c85dbdb5c92f0495fa9.exe,MALWARE,0.9997
/home/heph/Documents/code/ransom/new/mb_dataset/samples/26ebdda500de80766d1d4d080d608d6e3ee48a78401c1084f0c2399f1605c7c2.exe,MALWARE,0.9939
/home/heph/Documents/code/ransom/new/mb_dataset/samples/46878cf16c919445a9e5ada3ff03ca3465c03323a3e8b31c2de38eae1c9259e4.exe,MALWARE,0.9999
/home/heph/Documents/code/ransom/new/mb_dataset/samples/db665f26dbc4ca92d326f2cb98faafb9e84d404346b201cd88bec91ce4206bb2.exe,MALWARE,0.9983
/home/heph/Documents/code/ransom/new/mb_dataset/samples/597ab9cbb4beea848beed36fe7ef634130e649e15ae8c1161fd6baec16408803.exe,MALWARE,0.9998
/home/heph/Documents/code/ransom/new/mb_dataset/samples/ec9b412e9a6e0da1a21c01158c4c8313b61b033f58d16d913d72229794069d18.exe,MALWARE,0.9999
/home/heph/Documents/code/ransom/new/mb_dataset/samples/4d7e4660c8e71d4d663dac8ea2b8cde6e07277b2839beda6ad88eb66f3f5a71b.exe,MALWARE,0.9999
/home/heph/Documents/code/ransom/new/mb_dataset/samples/7de425238719622bf2b2150591631b0a71d6a5dade419a4e67b9bdbfa272b559.exe,MALWARE,0.9999
/home/heph/Documents/code/ransom/new/mb_dataset/samples/6d35b01dbe014c6efc18d587c2be5e12617e1681cc670ba5c49fe7ead9de780e.exe,MALWARE,0.9999
/home/heph/Documents/code/ransom/new/mb_dataset/samples/37a30621364d3083424b24b0255fc8f5752d88c381600d840574e551c284fb6e.exe,MALWARE,0.9999
/home/heph/Documents/code/ransom/new/mb_dataset/samples/ab007094afec534a2aa64436f214866014a664e7399aeaf361790ede5eec6b56.exe,MALWARE,0.9999
/home/heph/Documents/code/ransom/new/mb_dataset/samples/d054e9223a2665b1746727d7bf9b008181c2d60c6a20b27490e4adb151560823.exe,MALWARE,0.9999
/home/heph/Documents/code/ransom/new/mb_dataset/samples/7a45a4ae68992e5be784b4a6da7acd98dc28281fe238f22c1f7c1d85a90d144a.exe,MALWARE,0.9999
/home/heph/Documents/code/ransom/new/mb_dataset/samples/9744b5f5d07149c5619d7fec67622b4e43bf3b28a803c2ab4121be4080e2b165.exe,MALWARE,0.9813
/home/heph/Documents/code/ransom/new/mb_dataset/samples/06e3e56153ca25cb9790495f0768e9b615e088f9241ac7f3b974f2e9cd97bd21.exe,MALWARE,0.9999
/home/heph/Documents/code/ransom/new/mb_dataset/samples/633e3f41ab072d59eb255348209fd3228a8abc3168601c7f95342ef85efdc6b2.exe,MALWARE,0.9847
/home/heph/Documents/code/ransom/new/mb_dataset/samples/8dc3389d37519b24aef2bcf2a15530ea1b13ff4b98228967c9876835bdb99a01.exe,MALWARE,0.9985
/home/heph/Documents/code/ransom/new/mb_dataset/samples/0e061255b12ade5dc10f4ad9aeca9ebe5496d28ed251acb376c66c1d9f405821.exe,MALWARE,0.9589
/home/heph/Documents/code/ransom/new/mb_dataset/samples/905ea119ad8d3e54cd228c458a1b5681abc1f35df782977a23812ec4efa0288a.exe,MALWARE,0.9656
/home/heph/Documents/code/ransom/new/mb_dataset/samples/aa05e7a187ddec2e11fc1c9eafe61408d085b0ab6cd12caeaf531c9dca129772.exe,MALWARE,0.9936
/home/heph/Documents/code/ransom/new/mb_dataset/samples/5cd04805f9753ca08b82e88c27bf5426d1d356bb26b281885573051048911367.exe,MALWARE,0.9935
/home/heph/Documents/code/ransom/new/mb_dataset/samples/887aac61771af200f7e58bf0d02cb96d9befa11deda4e448f0a700ccb186ce9d.exe,MALWARE,0.9929
/home/heph/Documents/code/ransom/new/mb_dataset/samples/8897db876553f942b2eb4005f8475a232bafb82a50ca7761a621842e894a3d80.exe,MALWARE,0.9999
/home/heph/Documents/code/ransom/new/mb_dataset/samples/bcdac1a2b67e2b47f8129814dca3bcf7d55404757eb09f1c3103f57da3153ec8.exe,MALWARE,0.9999
/home/heph/Documents/code/ransom/new/mb_dataset/samples/e3bf41de3a7edf556d43b6196652aa036e48a602bb3f7c98af9dae992222a8eb.exe,MALWARE,0.9837
/home/heph/Documents/code/ransom/new/mb_dataset/samples/ed0632acb266a4ec3f51dd803c8025bccd654e53c64eb613e203c590897079b3.exe,MALWARE,0.9738
/home/heph/Documents/code/ransom/new/mb_dataset/samples/47c6ba872eea70cf59233fabbdb6d1978cfc7c5602d4710b4f3d123e91f91822.exe,MALWARE,0.9995
/home/heph/Documents/code/ransom/new/mb_dataset/samples/88bf2b111d33ff40ccb89dc61ead7385a1a3d134bd88946527b85a9b36d34036.exe,MALWARE,0.9999
/home/heph/Documents/code/ransom/new/mb_dataset/samples/e90bd4ffc09f362b480fd8b751fc055476bb250e33236230d5058bc73c04ee36.exe,MALWARE,0.9999
/home/heph/Documents/code/ransom/new/mb_dataset/samples/a61687dca6e71baa451a3ba677299af8c0b8d576f7e348609aa43162ca550dc3.exe,MALWARE,0.9999
/home/heph/Documents/code/ransom/new/mb_dataset/samples/637be4d4df565ad9299be22e19deacaa343f05d56fb9ea0a201fb012ac8f4df9.exe,MALWARE,0.9999
/home/heph/Documents/code/ransom/new/mb_dataset/samples/032690f113289d50b672fb3e95b64c801454e8e07fe3cdcb072efeaabcc7a374.exe,MALWARE,0.9989
/home/heph/Documents/code/ransom/new/mb_dataset/samples/7df420f9c3846e357c6667378c6430fb32f9c964f4cc48838e61d2ba1d019519.exe,MALWARE,0.9999
/home/heph/Documents/code/ransom/new/mb_dataset/samples/180e93a091f8ab584a827da92c560c78f468c45f2539f73ab2deb308fb837b38.exe,MALWARE,0.9992
/home/heph/Documents/code/ransom/new/mb_dataset/samples/dd55d238ff30d685f2f5fa84cdd7a5343963dab0f81cd997cad57507af35df6d.exe,MALWARE,0.9999
/home/heph/Documents/code/ransom/new/mb_dataset/samples/392f4f64305a84b2c1451761f931fe21eae4a1329864c5a83c3fdc8356b07ef9.exe,MALWARE,0.7114
/home/heph/Documents/code/ransom/new/mb_dataset/samples/f734bc911b2662cc5fad02e4750911bfc9c150b14735c3a984ddade48c3eacd4.exe,MALWARE,0.9999
/home/heph/Documents/code/ransom/new/mb_dataset/samples/9a007e70a934bc617f93d4c2ea08f2b7c6238562529bc90d89c990bd7d2983c4.exe,MALWARE,0.9999
/home/heph/Documents/code/ransom/new/mb_dataset/samples/7ed131e9cf7d7f87b0c7e95e121025f35f526c927e8dda59196c9022870193b1.exe,MALWARE,0.9999
/home/heph/Documents/code/ransom/new/mb_dataset/samples/251297b055aa4decdab1a1d8e14ea1331bcbe00974515a647f55b0e0c23e29f5.exe,MALWARE,0.9999
/home/heph/Documents/code/ransom/new/mb_dataset/samples/67ac04c1b7526288194e53da33cc0e9661687fd4fbbf12156e5ef6dd2a4108eb.exe,MALWARE,0.9998
/home/heph/Documents/code/ransom/new/mb_dataset/samples/4f76df691e2ea292b56812eb3167efcab655382d632048ff63781f5d41f86433.exe,MALWARE,0.9901
/home/heph/Documents/code/ransom/new/mb_dataset/samples/4ff3b5ae26ae039c77e17e057cd7a05556c13c78ff47da3323e4fd3ef2c732d6.exe,MALWARE,0.9989
/home/heph/Documents/code/ransom/new/mb_dataset/samples/33376f74c2f071ff30bab1c2d19d9361d16ebaa3dee73d3b595f6d789c15f620.exe,MALWARE,0.9988
/home/heph/Documents/code/ransom/new/mb_dataset/samples/48e2033a286775c3419bea8702a717de0b2aaf1e737ef0e6b3bf31ef6ae00eb5.exe,MALWARE,0.9999
/home/heph/Documents/code/ransom/new/mb_dataset/samples/3552dda80bd6875c1ed1273ca7562c9ace3de2f757266dae70f60bf204089a4a.exe,MALWARE,0.9999
/home/heph/Documents/code/ransom/new/mb_dataset/samples/3dc6902dc87d976787bdf0878e7174ec526df613645d3f275e0216d05cf2d217.exe,MALWARE,0.9986
/home/heph/Documents/code/ransom/new/mb_dataset/samples/82b336cd120ef07d8df5a3e3fa082bcca8b5c0a3481fae78cb5dd29072979f69.exe,MALWARE,0.9999
/home/heph/Documents/code/ransom/new/mb_dataset/samples/f53ac28e9b0ec8535333795ab9e0e52b17a77ad5eabc7b5172bd7e7aac41df12.exe,SUSPICIOUS,0.5559
/home/heph/Documents/code/ransom/new/mb_dataset/samples/5fddbc9fe214eafa3fce0cfa5aea3fc3283a62db82a7e86307a00cd345af57ee.exe,MALWARE,0.9999
/home/heph/Documents/code/ransom/new/mb_dataset/samples/105912c9995a1d718c5442349d2cc4bb99426f75ff34554cdfd9a7272eeca398.exe,MALWARE,0.9999
/home/heph/Documents/code/ransom/new/mb_dataset/samples/166bba02413995aff28ffeb27d3bf3d5a5f6a6cd36893e252c7b9a22836f4980.exe,SUSPICIOUS,0.9353
/home/heph/Documents/code/ransom/new/mb_dataset/samples/e082c6d30278139fdab5a7ddddecbcbafad12ab4dff1d5a960d9704fe635c007.exe,MALWARE,0.8327
/home/heph/Documents/code/ransom/new/mb_dataset/samples/deb43e7f95ff24a190394c9c92b56c33d31fd10c9a52c19694c5d45b2a60b7b5.exe,SUSPICIOUS,0.5807
/home/heph/Documents/code/ransom/new/mb_dataset/samples/2c85d7c4dd069fff494edd19387d56e54a52f6ef1b557f3d775f999410eb5a4d.exe,CLEAN,0.0616
/home/heph/Documents/code/ransom/new/mb_dataset/samples/315d043b99f988ce9d9f69d7225292eb44623a97c1a029933b62ede699fa9f13.exe,MALWARE,0.9999
/home/heph/Documents/code/ransom/new/mb_dataset/samples/8da728a03e795aa9fb0aa4613759d6bdb10797107dcfb0bb23253514f890a062.exe,SUSPICIOUS,0.5538
/home/heph/Documents/code/ransom/new/mb_dataset/samples/8dd64e306731d5a21d7805c485d6312444be01e2a8dee0807f7f6c401669e685.exe,MALWARE,0.9999
/home/heph/Documents/code/ransom/new/mb_dataset/samples/d12c35c8825aad5b09855a89102236774ca847a7559132c4e9d92aaf69772815.exe,MALWARE,0.9999
/home/heph/Documents/code/ransom/new/mb_dataset/samples/05f9891bb4ca2b87b476e3d3f415e329a547d3cb65741b908cd570eb96575767.exe,MALWARE,0.9999
/home/heph/Documents/code/ransom/new/mb_dataset/samples/d20d22dd302f51341405794a8fb3866c234fafe614b67b55934a9a959a4cd847.exe,MALWARE,0.9999
/home/heph/Documents/code/ransom/new/mb_dataset/samples/e173dd358ec750f561ec4eec0c6d75e8709bc32fbe43a5e9a92dd0db96c82b58.exe,MALWARE,0.9999
/home/heph/Documents/code/ransom/new/mb_dataset/samples/3c13ae9a53b29849fd3bb75d3259a23658cd687441f8bdd610487007c51d2eac.exe,MALWARE,0.9999
/home/heph/Documents/code/ransom/new/mb_dataset/samples/8d52782438c7f8de34e301a512613cb028c0b80f00c3e4011e618be72fdb7243.exe,SUSPICIOUS,0.412
/home/heph/Documents/code/ransom/new/mb_dataset/samples/0fb86a8ba8fdf57990c283080a671c1320cbcdfd0e8b5f5a250d9c38a6fce305.exe,MALWARE,0.9999
/home/heph/Documents/code/ransom/new/mb_dataset/samples/f28599b06560617bccdfb56acc841f3e642ff51b9956632fcc4204f026711e23.exe,MALWARE,0.9999
/home/heph/Documents/code/ransom/new/mb_dataset/samples/7de7ce42cde20847749fa5bc4048cf5cacec8c2bf49169d7d262ea38630640ea.exe,MALWARE,0.9999
/home/heph/Documents/code/ransom/new/mb_dataset/samples/311edf744c2e90d7bfc550c893478f43d1d7977694d5dcecf219795f3eb99b86.exe,MALWARE,0.9999
/home/heph/Documents/code/ransom/new/mb_dataset/samples/7f0e85440e7ec1f44a4f827475e93d2e5dc101f66f2068ca71af9beaf9a75800.exe,MALWARE,0.9999
/home/heph/Documents/code/ransom/new/mb_dataset/samples/83600bb9bb3eba4ca5d64a300bcdb8bc9c988570f5acdb6aecae77f4f75d2e68.exe,MALWARE,0.9999
/home/heph/Documents/code/ransom/new/mb_dataset/samples/b880c184a1c9a3b02e845d258c2e80a216a196bc6f4326312416a895bbdde4af.exe,MALWARE,0.9999
/home/heph/Documents/code/ransom/new/mb_dataset/samples/bcea9c692ea75839ea142f9b441130f636e17ed203a44157a18e97e4cf69b11c.exe,MALWARE,0.9999
/home/heph/Documents/code/ransom/new/mb_dataset/samples/086072e97dedb1ebff0dac070acfbd1410fdacee2e62ff2b8a0bcd286c31c529.exe,MALWARE,0.9999
/home/heph/Documents/code/ransom/new/mb_dataset/samples/0ea60d1ef2e6e5cff1e312e7ecd9df3146ddb87a81ede58fc74987df93288b31.exe,MALWARE,0.9999
/home/heph/Documents/code/ransom/new/mb_dataset/samples/ae378e9945904bf8b4c090d697fe2395a511ed2a36176ddfb7530f22dfc32ac8.exe,MALWARE,0.9999
/home/heph/Documents/code/ransom/new/mb_dataset/samples/7bb3816e58d8a956b13aac53f75f762442a9849cd0ab324be6334e9a5e4b718f.exe,MALWARE,0.9999
/home/heph/Documents/code/ransom/new/mb_dataset/samples/03db266db5b96223ef42206d57e30fa58c59e70b1d14c017422f097af1560ad1.exe,MALWARE,0.9999
/home/heph/Documents/code/ransom/new/mb_dataset/samples/cd727c8fc0303b9a77641cc43061fa6ae9de3a0af40fd525c4a745c1dcdd5965.exe,MALWARE,0.9999
/home/heph/Documents/code/ransom/new/mb_dataset/samples/9cb76090b74457b23fd3daf8af4793510cb94a970046de0ea4d3bb05527ba2e1.exe,MALWARE,0.9999
/home/heph/Documents/code/ransom/new/mb_dataset/samples/58260a6687486e39dc46461270b391280b7d59997d84b6639230d95e3bdfca23.exe,MALWARE,0.9999
/home/heph/Documents/code/ransom/new/mb_dataset/samples/86e17aa882c690ede284f3e445439dfe589d8f36e31cbc09d102305499d5c498.exe,MALWARE,0.9999
/home/heph/Documents/code/ransom/new/mb_dataset/samples/a83796aa471d9710b44d2ca9196d990b189cb9cbe1846e688be8660c5a6298dd.exe,MALWARE,0.9999
/home/heph/Documents/code/ransom/new/mb_dataset/samples/b800bf6f11170ff68cd552484fa144571069513adad2d75ac7462b126b5f0816.exe,MALWARE,0.9999
/home/heph/Documents/code/ransom/new/mb_dataset/samples/cb97e89541d61de376a4e041b66f80181811dfadb4b4d6c094a42632017604c2.exe,MALWARE,0.9999
/home/heph/Documents/code/ransom/new/mb_dataset/samples/8cc0af07f6a734190daa831d3636db4d88a5c9e74872ebcfb3aa9b5beea77804.exe,MALWARE,0.9999
/home/heph/Documents/code/ransom/new/mb_dataset/samples/d1506903fdc36b31f8a448f127982b2559e06210bb51579bdfa4fc61871c71d6.exe,MALWARE,0.9999
/home/heph/Documents/code/ransom/new/mb_dataset/samples/d9243af49f96c8b66715287d0dc26dbd82eab8570d5f20629ddf9e5fe06c051c.exe,MALWARE,0.9999
/home/heph/Documents/code/ransom/new/mb_dataset/samples/565ff723884f77bf7e744527b0eb736373183ce1cc6c6df0fdee4b2929f685c2.exe,MALWARE,0.9999
/home/heph/Documents/code/ransom/new/mb_dataset/samples/ff95e6d148e53e60b113f05bb54557315ec9b8af82adfaa276a21fbc561a9b77.exe,MALWARE,0.9999
/home/heph/Documents/code/ransom/new/mb_dataset/samples/d6c1d2e77ce21d5a026e7abf99c9fffe55d87b282f460dc737da231211a12a0d.exe,MALWARE,1.0
/home/heph/Documents/code/ransom/new/mb_dataset/samples/eb3f700f8de227faa4c7fe679f5280203b709f5b88a1267f53167864158aca1d.exe,MALWARE,0.9359
/home/heph/Documents/code/ransom/new/mb_dataset/samples/c0a2e1ecf57ee83b649f1d8ff8dd37049865edc8b9a837f3b4ebb5e767229c23.exe,MALWARE,0.9967
/home/heph/Documents/code/ransom/new/mb_dataset/samples/c366c4e26ec3d2698a94dc04afb58dad429d6c28dff1820d53e277e108103f8f.exe,MALWARE,0.912
/home/heph/Documents/code/ransom/new/mb_dataset/samples/7ccd2066aa7194f5ae343eb6fa26ac0db06e3380af47974f86a20f0db98f1230.exe,MALWARE,0.9804
/home/heph/Documents/code/ransom/new/mb_dataset/samples/1ba48c78b0826e7cd6a9d2a927e1575c561d23782a9c094cd3a9e6096297e937.exe,MALWARE,0.9847
/home/heph/Documents/code/ransom/new/mb_dataset/samples/b6baee7c17b0c7603c639172e6ff9f642ce4508ba64afedf969a3608204c64e0.exe,MALWARE,0.9986
/home/heph/Documents/code/ransom/new/mb_dataset/samples/91d1851a7dfd2133102df6f58b34823726796744e62f61e4181b977026b19d6b.exe,MALWARE,0.8587
/home/heph/Documents/code/ransom/new/mb_dataset/samples/4332bb07339c3096997fbb89b695afeb3b1e21632c8ecb4e144ec883d61ab066.exe,MALWARE,0.8597
/home/heph/Documents/code/ransom/new/mb_dataset/samples/db601f84fd39ba6be26e7a6c0cc1a74da424698244d9a1861b2f9fb980ab7dea.exe,MALWARE,0.9625
/home/heph/Documents/code/ransom/new/mb_dataset/samples/1e0215f67fb7b02bc44f33bf6a5b884c3061cbeb38e0150b559635458951fa53.exe,MALWARE,0.9996
/home/heph/Documents/code/ransom/new/mb_dataset/samples/81fa8a3bdc452dd2b279b61fed92fe83d65e650e06bca9ee4dfcf991a4a59e77.exe,MALWARE,0.9882
/home/heph/Documents/code/ransom/new/mb_dataset/samples/342f04c4720590c40d24078d46d9b19d8175565f0af460598171d58f5ffc48f3.exe,MALWARE,0.9992
/home/heph/Documents/code/ransom/new/mb_dataset/samples/de10ae21bb262728c616a707f90aa05088c9d8f2b810fc0f2fb1bddcf9aba938.exe,MALWARE,0.9983
/home/heph/Documents/code/ransom/new/mb_dataset/samples/a2581ec030e1fb08e26ddc61b11445286aaf7271932146e7e1442a49fff734de.exe,MALWARE,0.9975
/home/heph/Documents/code/ransom/new/mb_dataset/samples/837c0f1e9749121e4f8204c2b5546964c10d4e3d85a514458c35cbc021762d5c.exe,MALWARE,0.9963
/home/heph/Documents/code/ransom/new/mb_dataset/samples/306ef92a9e862d187c890fc88b26b395692e93c2f92eaa6430c5de2177d269c2.exe,MALWARE,0.9998
/home/heph/Documents/code/ransom/new/mb_dataset/samples/583f35d8d15dd19cd1cdcc1e03f6b3e1eaf1fa0df452eb80868d3767292d523b.exe,MALWARE,0.9999
/home/heph/Documents/code/ransom/new/mb_dataset/samples/f6dfa1e569f6c7da647224cf0553694462c5717c4793fb21f8e1d7476f5f708d.exe,MALWARE,0.9999
/home/heph/Documents/code/ransom/new/mb_dataset/samples/eae876886f19ba384f55778634a35a1d975414e83f22f6111e3e792f706301fe.exe,MALWARE,0.9755
/home/heph/Documents/code/ransom/new/mb_dataset/samples/c743ba08610d442531bb897a35748ba6fe897e730cea6e29377ba21141901326.exe,MALWARE,0.9982
/home/heph/Documents/code/ransom/new/mb_dataset/samples/3d4f84e20d5cf317edcefcc98bdd7e126078b25cdc56b816edbec532a8763096.exe,MALWARE,0.9941
/home/heph/Documents/code/ransom/new/mb_dataset/samples/2ee6dfbfb2afd7442c9f2212eb142876698851c3ffb552ee420c0281e35a836e.exe,MALWARE,0.9626
/home/heph/Documents/code/ransom/new/mb_dataset/samples/139a8bb2c5537190e747d2f651b423147018fd9a9a21bb36281d4ce1c61727c1.exe,MALWARE,0.9999
/home/heph/Documents/code/ransom/new/mb_dataset/samples/fbe45ed19fa942cc5e767acc0ef638447c4aa4b52d4900627a0a0ae71d543bee.exe,MALWARE,0.9993
/home/heph/Documents/code/ransom/new/mb_dataset/samples/d29080809ab1fb959dbab1a1168e9b136aece03c7f91f071f7283aaa445e7eec.exe,MALWARE,0.9993
/home/heph/Documents/code/ransom/new/mb_dataset/samples/c5ef104253ed4c066104a184ab368630027831b627c043d63170ff8f89c6a2bb.exe,MALWARE,0.9993
/home/heph/Documents/code/ransom/new/mb_dataset/samples/746ac121ae024e51aa3129699cae278990cf392a661b40361d9d15b86635da94.exe,MALWARE,0.9993
/home/heph/Documents/code/ransom/new/mb_dataset/samples/8f11bb9536cb885bc57144392bc35e19dbc0f683d57c2c423c87a9d1c6d9d0ae.exe,MALWARE,0.9993
/home/heph/Documents/code/ransom/new/mb_dataset/samples/fd7caea00d7f25ea02bb9c447410659c12ca35ebbb67c95c7296e6232a08ce93.exe,MALWARE,0.9993
/home/heph/Documents/code/ransom/new/mb_dataset/samples/d7573284c29cf5f68bb64860f1be0a696c852678fac36f176fd88f555ed853f2.exe,MALWARE,0.9993
/home/heph/Documents/code/ransom/new/mb_dataset/samples/b68f76d17c4343e1a3a709c09d37a5e069ce1aec55dcb1861b2af79cc1aef47b.exe,MALWARE,0.9993
/home/heph/Documents/code/ransom/new/mb_dataset/samples/977083fc01e2982258eac0a13e56cd697d9f6941f5a365e9d02d544fc3e15000.exe,MALWARE,0.9971
/home/heph/Documents/code/ransom/new/mb_dataset/samples/f725792a5ef0512f3c5356d79fb3be5afcbaffaa4af41498342f7d09d703761f.exe,MALWARE,0.9971
/home/heph/Documents/code/ransom/new/mb_dataset/samples/d826f4cb8240f894e43fea3c84b14fd85be9758d7ad4eafa113ad7d45c30bc26.exe,MALWARE,0.9736
/home/heph/Documents/code/ransom/new/mb_dataset/samples/bcf49782d7dc8c7010156b31d3d56193d751d0dbfa2abbe7671bcf31f2cb190a.exe,MALWARE,0.9977
/home/heph/Documents/code/ransom/new/mb_dataset/samples/a4337294dc51518284641982a28df585ede9b5f0e3f86be3c2c6bb5ad766a50f.exe,MALWARE,0.9977
/home/heph/Documents/code/ransom/new/mb_dataset/samples/e22ff5594ab357da993651bf7decf035400d42bf37cca943495e1ac9bd7721c4.exe,MALWARE,0.9999
/home/heph/Documents/code/ransom/new/mb_dataset/samples/cf171b1cdce590f64c7d23c7900f7e0f66c42840c626115980df807d754552b5.exe,MALWARE,0.9999
/home/heph/Documents/code/ransom/new/mb_dataset/samples/ea4170be281262d89d924959b4db36ba239395dd5d2dc769fbb7f7238adc67e5.exe,MALWARE,0.9999
/home/heph/Documents/code/ransom/new/mb_dataset/samples/7f6421cdf6355edfdcbddadd26bcdfbf984def301df3c6c03d71af8e30bb781f.exe,MALWARE,0.9993
/home/heph/Documents/code/ransom/new/mb_dataset/samples/8b80be99079be38e93c1712b95bc012ac3017ff9eb2a052a2f2dbde7210110b1.exe,MALWARE,0.9975
/home/heph/Documents/code/ransom/new/mb_dataset/samples/05bbf1c653825b757ee73b59df45410070a28841819362462162d9547adb3d5a.exe,MALWARE,0.9998
/home/heph/Documents/code/ransom/new/mb_dataset/samples/a136190624eaf67e798d4463dc19411006385efc50ab51ccd93a2fbcd8e7d72a.exe,MALWARE,0.9985
/home/heph/Documents/code/ransom/new/mb_dataset/samples/460877f22626abf2f3e95a1951d67bba7ab83a78603ced8d174b8d744d0f0359.exe,MALWARE,0.9985
/home/heph/Documents/code/ransom/new/mb_dataset/samples/702099b63cb2384e11f088d6bc33afbd43a4c91848f393581242a6a17f1b30a0.exe,MALWARE,0.9998
/home/heph/Documents/code/ransom/new/mb_dataset/samples/b14cde376a8a7a9d7ad34cdfd07108c132ad8be7f60c5c0a0f17b6b63eb28b49.exe,MALWARE,0.9978
/home/heph/Documents/code/ransom/new/mb_dataset/samples/39b74b2fb057e8c78a2ba6639cf3d58ae91685e6ac13b57b70d2afb158cf742d.exe,MALWARE,0.9808
/home/heph/Documents/code/ransom/new/mb_dataset/samples/d6386b2747335f7b0d13b1f69d995944ad8e9b71e09b036dbc0b907e583d857a.exe,MALWARE,0.9992
/home/heph/Documents/code/ransom/new/mb_dataset/samples/b39fcf37d9019cc92127ee82c03df5e37aa8238cd76cc6eca2e3d1e7e977fc26.exe,MALWARE,0.9958
/home/heph/Documents/code/ransom/new/mb_dataset/samples/e75717be1633b5e3602827dc3b5788ff691dd325b0eddd2d0d9ddcee29de364f.exe,MALWARE,0.9992
/home/heph/Documents/code/ransom/new/mb_dataset/samples/840af927adbfdeb7070e1cf73ed195cf48c8d5f35b6de12f58b73898d7056d3d.exe,MALWARE,0.9992
/home/heph/Documents/code/ransom/new/mb_dataset/samples/3e035f2d7d30869ce53171ef5a0f761bfb9c14d94d9fe6da385e20b8d96dc2fb.exe,MALWARE,0.9992
/home/heph/Documents/code/ransom/new/mb_dataset/samples/e49fd2651d5f3d5ffd999104841edd3e6e6dbd342507df6d2201720bdca65a74.exe,MALWARE,0.9999
/home/heph/Documents/code/ransom/new/mb_dataset/samples/6c2b5abc372e31cd7f8da045400abc0b10149f4f7b7def48a6bf9d0071f805d2.exe,MALWARE,0.999
/home/heph/Documents/code/ransom/new/mb_dataset/samples/7f6dbd9fa0cb7ba2487464c824b6d7e16ace9d4cd15e4452df4c9a9fd6bd1907.exe,MALWARE,0.9999
/home/heph/Documents/code/ransom/new/mb_dataset/samples/d8158db5cbae0845b9ced65cc4a6581bfe08ba5361b1294b2dfb6ef4c711fd15.exe,MALWARE,0.9968
/home/heph/Documents/code/ransom/new/mb_dataset/samples/e1b147aa2efa6849743f570a3aca8390faf4b90aed490a5682816dd9ef10e473.exe,MALWARE,0.9998
/home/heph/Documents/code/ransom/new/mb_dataset/samples/980cc58338038f70184403a98f1166b17938ebe362f373f4f366be1aaeecc923.exe,MALWARE,0.9999
/home/heph/Documents/code/ransom/new/mb_dataset/samples/41324493142b10db127217274e21df37f6ccd13f01a8d29d2b23b7b1463423a7.exe,MALWARE,0.9963
/home/heph/Documents/code/ransom/new/mb_dataset/samples/9aed278f54f65e546fb9f7f34dff26d0835a0a21a5a4fc4c026bf84596ed277e.exe,MALWARE,0.9965
/home/heph/Documents/code/ransom/new/mb_dataset/samples/2d33ac8fce0592ef88bdeeee00e840c41a5a8fccc85c67316b74cc06c13ba0c5.exe,MALWARE,0.9999
/home/heph/Documents/code/ransom/new/mb_dataset/samples/1dea453e5344898c9a66309bd6d1cf6e21c56eb1427c026aac84b14a6b23f7fc.exe,MALWARE,0.9999
/home/heph/Documents/code/ransom/new/mb_dataset/samples/930ec6d08e9d29fa23805ff9784cb0d78b1dc4cc4d58daa0e653dfe478c45d3a.exe,MALWARE,0.9721
/home/heph/Documents/code/ransom/new/mb_dataset/samples/ed4afa874e75b7bac665b9bcbf1d8e1324d4f9263c862755101cd79bb087ad45.exe,MALWARE,0.9802
/home/heph/Documents/code/ransom/new/mb_dataset/samples/ea524e8b0dd046561b59a8d4da5a122aeff02036c87bb03056437a1d0f584039.exe,MALWARE,0.9999
/home/heph/Documents/code/ransom/new/mb_dataset/samples/cf487bd54e487585cd052e982fd765cbc0d8d164cc21b8635e55475182dadf00.exe,MALWARE,0.9999
/home/heph/Documents/code/ransom/new/mb_dataset/samples/2586026617b117506dfe326f50e45476ce765a74fe48c8650d32980a4dfe5ee9.exe,MALWARE,0.9999
/home/heph/Documents/code/ransom/new/mb_dataset/samples/004ede55a972e10d9a21bcf338b4907d6eed65bf5ad6abbbd5aec7d8484bdedf.exe,MALWARE,0.9983
/home/heph/Documents/code/ransom/new/mb_dataset/samples/24ac73821de77cc9644d2ac40e97067ff63f625b5f20e085ad10535e47d7db59.exe,MALWARE,0.9999
/home/heph/Documents/code/ransom/new/mb_dataset/samples/133bf8be0cf7003b83b03579970997d408a930e58ec2726715140520900c06de.exe,MALWARE,0.9997
/home/heph/Documents/code/ransom/new/mb_dataset/samples/861e2544ddb9739d79b265aab1e327d11617bc9d9c94bc5b35282c33fcb419bc.exe,MALWARE,0.9995
/home/heph/Documents/code/ransom/new/mb_dataset/samples/0c10cf1b1640c9c845080f460ee69392bfaac981a4407b607e8e30d2ddf903e8.exe,MALWARE,0.9996
/home/heph/Documents/code/ransom/new/mb_dataset/samples/02a526d298e49da19220022a71e31434183e520c2845c6f3eb23169602f0ed63.exe,CLEAN,0.2348
/home/heph/Documents/code/ransom/new/mb_dataset/samples/15e3b8471e4afea6e07423d88c141e9ae454c27fa901fe320f0885298426abec.exe,CLEAN,0.2348
/home/heph/Documents/code/ransom/new/mb_dataset/samples/ab0aa003d7238940cbdf7393677f968c4a252516de7f0699cd4654abd2e7ae83.exe,MALWARE,0.9999
/home/heph/Documents/code/ransom/new/mb_dataset/samples/c2cf2118550a0fd7f81fe9913fe36be24c03a0ae5430b94557e0ee71c550a58c.exe,MALWARE,0.9999
/home/heph/Documents/code/ransom/new/mb_dataset/samples/9b11711efed24b3c6723521a7d7eb4a52e4914db7420e278aa36e727459d59dd.exe,MALWARE,1.0
/home/heph/Documents/code/ransom/new/mb_dataset/samples/d55f983c994caa160ec63a59f6b4250fe67fb3e8c43a388aec60a4a6978e9f1e.exe,MALWARE,0.9935
/home/heph/Documents/code/ransom/new/mb_dataset/samples/d74f04f0b948d9586629e06e2a2a21bdf20d678e47058afb637414eb3701c1f6.exe,MALWARE,0.9999
/home/heph/Documents/code/ransom/new/mb_dataset/samples/93c4b144a4ef5e9ebcb5de425f6151fb6fd892d1042b21e639ab6c358cad3940.exe,MALWARE,0.9999
/home/heph/Documents/code/ransom/new/mb_dataset/samples/7e70460a2e395485fe6328a58e09400fc7963afeb29fdadb924c340e758b267c.exe,MALWARE,0.9999
/home/heph/Documents/code/ransom/new/mb_dataset/samples/66060484cccedb839fb646d4e6020e079319374b2847c52dcec55c5ad60b1beb.exe,MALWARE,0.9999
/home/heph/Documents/code/ransom/new/mb_dataset/samples/52612bceee07152f2e2e6699b3c085149e11979f34fe248bda14e03a0d950e85.exe,MALWARE,0.9999
/home/heph/Documents/code/ransom/new/mb_dataset/samples/42438a67636a6981b4e3209449040f6b393f10fe0636dfca2260fc0f4271e135.exe,MALWARE,0.9999
/home/heph/Documents/code/ransom/new/mb_dataset/samples/2df2fab33c1db5b049284a6bd5aa1f58bec4cb370b0663870b6a57ef33b5028c.exe,MALWARE,0.9999
/home/heph/Documents/code/ransom/new/mb_dataset/samples/1fb2178279b76d9ed5e3c24b24885a31ec521e58a4688597600d26f88df5b8e1.exe,MALWARE,0.9999
/home/heph/Documents/code/ransom/new/mb_dataset/samples/12d8bfa1aeb557c146b98f069f3456cc8392863a2f4ad938722cd7ca1a773b39.exe,MALWARE,0.9999
/home/heph/Documents/code/ransom/new/mb_dataset/samples/7394136299802ff82b9b08a43b196a803949be752fb9efd378d4936ff91bcb90.exe,MALWARE,0.713
/home/heph/Documents/code/ransom/new/mb_dataset/samples/5f56d5748940e4039053f85978074bde16d64bd5ba97f6f0026ba8172cb29e93.exe,MALWARE,0.9999
/home/heph/Documents/code/ransom/new/mb_dataset/samples/9443d7f2890e26024ee0b8067ac2609fcdbd4bcc6981a7ab1aa8671be232b1f6.exe,SUSPICIOUS,0.6482
/home/heph/Documents/code/ransom/new/mb_dataset/samples/f4f73a451c1ec493eb3b4395d06de73598fcf5b8f7d13e81418238824d90fda3.exe,MALWARE,0.9999
/home/heph/Documents/code/ransom/new/mb_dataset/samples/d91f951bdcf35012ac6b47c28cf32ec143e4269243d8c229f6cb326fd343df95.exe,MALWARE,0.9997
/home/heph/Documents/code/ransom/new/mb_dataset/samples/329983dc2a23bd951b24780947cb9a6ae3fb80d5ef546e8538dfd9459b176483.exe,MALWARE,0.9994
/home/heph/Documents/code/ransom/new/mb_dataset/samples/8c716101e118ac65d7bdb900e0100d012256abb1d7cdf64830e5943a795ccce2.exe,MALWARE,0.9646
/home/heph/Documents/code/ransom/new/mb_dataset/samples/2d73ce9f8e11bbbce1bec1147bf30ef60a6d362504fbf650b3c8a0ea6f7c4fbb.exe,MALWARE,0.9999
/home/heph/Documents/code/ransom/new/mb_dataset/samples/602375762d88d24ae659c47d25959e52ed5cea1d227609ec486bd42d551ca009.exe,MALWARE,0.9999
/home/heph/Documents/code/ransom/new/mb_dataset/samples/e453400f413b4ad2e996c28b7e72be2d42fc2a8d30e9c91a67a0e0e6915aff7f.exe,MALWARE,0.9999
/home/heph/Documents/code/ransom/new/mb_dataset/samples/735ff072077023765e445b284f072946ffad2e36fa8aba9f1b8f93fef885352c.exe,MALWARE,0.9966
/home/heph/Documents/code/ransom/new/mb_dataset/samples/9d3a482d9441876096e0cee429fedf7b9f7e1c6a50b3e4b2009884019627d879.exe,MALWARE,0.9996
/home/heph/Documents/code/ransom/new/mb_dataset/samples/6295da1218817aaac71447d83d2221d251724dd33751d94581e3f10e76da1280.exe,MALWARE,0.9996
/home/heph/Documents/code/ransom/new/mb_dataset/samples/e0ae340425fbb9afd4a463345d1fb470bd81110c4ae6a89f1727a8307a4070db.exe,MALWARE,0.9999
/home/heph/Documents/code/ransom/new/mb_dataset/samples/c2a96c37b4beef66ee7b650c9043d693a1d939527aed13c58f6b1706b8d016e0.exe,MALWARE,0.9988
/home/heph/Documents/code/ransom/new/mb_dataset/samples/454fe83bd5a26429ea01b37105bd41718f97359933d272799309ccc6fbcdcb7c.exe,MALWARE,0.9988
/home/heph/Documents/code/ransom/new/mb_dataset/samples/429b96b0c9a715d0d7735ed12cec95b5183cd398f7291546478cb7ac12451df6.exe,MALWARE,0.9988
/home/heph/Documents/code/ransom/new/mb_dataset/samples/0425f6cf8c9cc7c507e766119262f9c7c5c90baf9ef744d64f9f7b4fe526fb45.exe,MALWARE,1.0
/home/heph/Documents/code/ransom/new/mb_dataset/samples/8edf732c9138a27c8bd12286450034e5b524b468a9bb6a36ccf3c4ab2c4302f5.exe,MALWARE,0.9999
/home/heph/Documents/code/ransom/new/mb_dataset/samples/6ed3e4d85b44330f9e8254aec9b0055cbc51438472b366dd653201abf452bb89.exe,MALWARE,0.9988
/home/heph/Documents/code/ransom/new/mb_dataset/samples/6e57810c41f253c8725d738cc83e703c1defaa1c2477314165d12bfd81e23417.exe,MALWARE,1.0
/home/heph/Documents/code/ransom/new/mb_dataset/samples/d4fdf1950183893b509bea00c233ae5d54b87bdd57a0b90aa6bf27181ab108d4.exe,MALWARE,0.9999
/home/heph/Documents/code/ransom/new/mb_dataset/samples/bc81f86bdc1b3a0a3229b88981c62ccdc754f90d0760405991896ad2f21a7c2a.exe,MALWARE,0.9999
/home/heph/Documents/code/ransom/new/mb_dataset/samples/d10b2371ee70189abe37e8f0779ce3ecca51fd896cdda991289dfe14eaae1a76.exe,MALWARE,0.9999
/home/heph/Documents/code/ransom/new/mb_dataset/samples/c068e2fe99d491ce2dc1db43bcad040038be3f9b30c67b779c4f5c8f3e710312.exe,MALWARE,0.9999
/home/heph/Documents/code/ransom/new/mb_dataset/samples/bfbe9826927232ab355f0dc6343175dec5244026bdead1ca7033f4ba62d9a65c.exe,MALWARE,0.9999
/home/heph/Documents/code/ransom/new/mb_dataset/samples/b9f3199637a3662429d829e2eb2d210fc96bf282883e721da1704981c136b143.exe,MALWARE,0.9999
/home/heph/Documents/code/ransom/new/mb_dataset/samples/ae9e7267039039c83022e9991d04e9010f4d987826b0fa09eaffaad599c54ee0.exe,MALWARE,0.9999
/home/heph/Documents/code/ransom/new/mb_dataset/samples/a3412b72b53e761867623cbb41acfc2b48fd7372f4b7f387047ca82dbc387de3.exe,MALWARE,0.9999
/home/heph/Documents/code/ransom/new/mb_dataset/samples/a6cb88a93bf6e53517d871f6055ca962422a5b4c3c0b7441018270748fa6590a.exe,MALWARE,0.9999
/home/heph/Documents/code/ransom/new/mb_dataset/samples/75175009b6864cf3a0147051272ccf63d8fac7f7a521e32f9d3c69a7acd4866d.exe,MALWARE,0.9999
/home/heph/Documents/code/ransom/new/mb_dataset/samples/8005fd566349d5bde690c1f32e67dc3fbd9e195c63bf10ef05d51cfe040335f1.exe,MALWARE,0.9999
/home/heph/Documents/code/ransom/new/mb_dataset/samples/7789ea5daa745b54c53ccc3ef91589e3583f1c80d0985d74717bcd2be22f859b.exe,MALWARE,0.9999
/home/heph/Documents/code/ransom/new/mb_dataset/samples/6081e88fe927e60d87da7a0bf1cc748f3c52f951a80dd3e4bd16ceaadc80571a.exe,MALWARE,0.9999
/home/heph/Documents/code/ransom/new/mb_dataset/samples/5219bdf17e6cf7552c564701ac7b2ceb46ee165840d9cf22c1291fa43ca4d56f.exe,MALWARE,0.9999
/home/heph/Documents/code/ransom/new/mb_dataset/samples/81b452c5cfc9b054231b73c412e06335770965ec8ec92a309df18c1909233a70.exe,MALWARE,0.9999
/home/heph/Documents/code/ransom/new/mb_dataset/samples/75fafe3d3519a16ec537108780cab1d2c3f37bc297b494f49ebf544f3f356f72.exe,MALWARE,0.9999
/home/heph/Documents/code/ransom/new/mb_dataset/samples/9c7a33d57688c7a82516a378cf014acadf68e39d0b13063f75c108dc2a40587d.exe,MALWARE,0.9999
/home/heph/Documents/code/ransom/new/mb_dataset/samples/6e5f225b72d932fa68cafd3e0366298d5b1b92098049dcf01f6e3f2ad0f9b92e.exe,MALWARE,0.9999
/home/heph/Documents/code/ransom/new/mb_dataset/samples/5fa14751ef7fa7299d9ac8a13a45d50c91fc787e720ae661742a211861319972.exe,MALWARE,0.9999
/home/heph/Documents/code/ransom/new/mb_dataset/samples/5a9c0945beff64f70dd87931c2537f87e9b6b975c9a936be9832323c0ddc473c.exe,MALWARE,0.9999
/home/heph/Documents/code/ransom/new/mb_dataset/samples/3ba4483c761a05e590671f54a39032630f82820177bbe7fcee9c445f6d5fd6db.exe,MALWARE,0.9999
/home/heph/Documents/code/ransom/new/mb_dataset/samples/3b5e260a1db66a360c9e4c210fbccdb1aa197bffa4fd6344fff9ca9d21559566.exe,MALWARE,0.9999
/home/heph/Documents/code/ransom/new/mb_dataset/samples/2e050601b908a29f8c0d113abdb0ed867d6c310b2bb58bf3ce607a9f33338a55.exe,MALWARE,0.9999
/home/heph/Documents/code/ransom/new/mb_dataset/samples/c9b04ec734151245774b54df09fc77011d703f4c93c277dbd26b998e7b6db29c.exe,MALWARE,0.9988
/home/heph/Documents/code/ransom/new/mb_dataset/samples/6727edbb5d6abee908851a8c5fd7b4aca6d664634fdcdfc15e04502b960abbc5.exe,MALWARE,0.9998
/home/heph/Documents/code/ransom/new/mb_dataset/samples/464622890dea3c326440b7d1f6da9f63dd2dfd98678965aa220ed62773a2cc70.exe,MALWARE,0.9999
/home/heph/Documents/code/ransom/new/mb_dataset/samples/81689f1be92c8fb7e94fe241441c7eb43cfb77c6d23592b0248566bd709ff2ed.exe,MALWARE,0.9997
/home/heph/Documents/code/ransom/new/mb_dataset/samples/6628de7ffbbe168a4fa9ff0a1a29b54e88a32e5963db0dd1aea4b80102c8ce01.exe,MALWARE,0.9996
/home/heph/Documents/code/ransom/new/mb_dataset/samples/17d153a225ea04a229862875795eeec0adb8c3e2769ba0e05073baaf86850467.exe,MALWARE,0.9999
/home/heph/Documents/code/ransom/new/mb_dataset/samples/3cff33197edc918d47d08f44d6ddbdda157337f0ad58288d15746cf72c0e4c57.exe,MALWARE,0.9996
/home/heph/Documents/code/ransom/new/mb_dataset/samples/3fdad99a17a6766fe396081f82394f5e2da0142651427da64a5b6e28c9df2fd4.exe,MALWARE,0.9998
/home/heph/Documents/code/ransom/new/mb_dataset/samples/42c28feb23c992a350673d63413bf11bc816d00a079462ab524934219d46430d.exe,MALWARE,0.9996
/home/heph/Documents/code/ransom/new/mb_dataset/samples/5cba3e44271279e747a67dd312d4dca18832b5a850ea6b85a460846ef0101fb6.exe,MALWARE,0.9996
/home/heph/Documents/code/ransom/new/mb_dataset/samples/5d9b75e2cb84333c6b56604ce47af75b11f80bf9079054f6619251b68357d87c.exe,MALWARE,0.9996
/home/heph/Documents/code/ransom/new/mb_dataset/samples/3e6fbc358e0204cb67a41b05771fac74f1b49737c7ab7138e415c7e9628ef545.exe,MALWARE,0.9999
/home/heph/Documents/code/ransom/new/mb_dataset/samples/15ef2d6ef402a46165be39d9dbc0081cf28ebca0f407306dd80ac3a73a32c07b.exe,MALWARE,0.9998
/home/heph/Documents/code/ransom/new/mb_dataset/samples/d09338f3248b7c43b4c58274d453732fca910a0cee2ca50a2b72fe0364fb615c.exe,MALWARE,0.9996
/home/heph/Documents/code/ransom/new/mb_dataset/samples/93ce973daa9687f185966b3133f7003006655ec9d5bf3edb881efaf0e4fbafc7.exe,MALWARE,0.9934
/home/heph/Documents/code/ransom/new/mb_dataset/samples/50fdb342de90ce63c31625156beb9ed968bf11527ce7c4c3bd4a3f3f7c4cf730.exe,MALWARE,0.9999
/home/heph/Documents/code/ransom/new/mb_dataset/samples/41a94f3cd67e479980e15c3e5fe56ad49593e8f3100a7c886397af5f7640c998.exe,MALWARE,0.9999
/home/heph/Documents/code/ransom/new/mb_dataset/samples/ff0d99ed61293668c0a81cc3e0ead43d1c7392ac351e34e1219f22a1b671aa72.exe,MALWARE,0.9998
/home/heph/Documents/code/ransom/new/mb_dataset/samples/2896b38ec3f5f196a9d127dbda3f44c7c29c844f53ae5f209229d56fd6f2a59c.exe,MALWARE,0.9999
/home/heph/Documents/code/ransom/new/mb_dataset/samples/5168a54f2a95db57fee8d606918b80792d84e0990936a86b4f0030ec47624e85.exe,MALWARE,0.9797
/home/heph/Documents/code/ransom/new/mb_dataset/samples/ee0ac14a60605773834649b40c22acecfee0cc34f7f50ec30c42f15605ccb27c.exe,MALWARE,0.9999
/home/heph/Documents/code/ransom/new/mb_dataset/samples/2f6a3d6c711c00876a9427c5fd359dcbe3de6197bb22ef6e2456ecc943996ae6.exe,MALWARE,0.9999
/home/heph/Documents/code/ransom/new/mb_dataset/samples/206cfba26e29e00c639a60755dec8714df8b4ea0e17b02906db7b7a9ec5820ef.exe,MALWARE,0.9999
/home/heph/Documents/code/ransom/new/mb_dataset/samples/d2ca509fa08758736aff9abb54b5c6183130f25e6ca91bbd6e6464d2f0597f83.exe,MALWARE,0.9999
/home/heph/Documents/code/ransom/new/mb_dataset/samples/b88951ceb296c8f01a8e13bc4efa4eb754361ee8ad3d64063d14489bc139a492.exe,MALWARE,0.9999
/home/heph/Documents/code/ransom/new/mb_dataset/samples/ddd7392f2c3f567ff4af6f55e3af1967d4575768696a998dc6f333b0230ef5c7.exe,MALWARE,0.9999
/home/heph/Documents/code/ransom/new/mb_dataset/samples/9a19fff2b18432bb4a6d409a755fc712ee4f60f5a4b46b07bff21f229e5dcdc3.exe,MALWARE,0.9999
/home/heph/Documents/code/ransom/new/mb_dataset/samples/4b9d2b24706d5462680423b09280e88e8b3902a4a15431081dbf94d9a25eb9c8.exe,MALWARE,0.9999
/home/heph/Documents/code/ransom/new/mb_dataset/samples/7b0673e022585bf4aa208b1e3d215549842fabe78dfeaf9ae0a074a6c05c07fd.exe,MALWARE,0.9999
/home/heph/Documents/code/ransom/new/mb_dataset/samples/60c49baa290de5336e5903286d1e8ff8b8b833046a63be00966695dc9d3f6dbb.exe,MALWARE,0.9999
/home/heph/Documents/code/ransom/new/mb_dataset/samples/9f31413bf3c33baac4cdac9557567109318cc355919b25d7b69cd64db25ff55c.exe,MALWARE,0.9999
/home/heph/Documents/code/ransom/new/mb_dataset/samples/d821b0ee9766ec7da7d7dc179a3ef189ffd3e681d787c1f11fedb270fdad96d2.exe,MALWARE,0.9999
/home/heph/Documents/code/ransom/new/mb_dataset/samples/349bdb12a75fbfc2803f988862764ba6058b371728930f8dcb248f105ce607f7.exe,MALWARE,0.9999
/home/heph/Documents/code/ransom/new/mb_dataset/samples/7546e51b37738965704fadb25674f7fe69ea047ce5eb425c916cfa3048c78cda.exe,MALWARE,0.9999
/home/heph/Documents/code/ransom/new/mb_dataset/samples/6bfd4fd81e590d1aee9451d5fde3cf5d22706a85e71583a4cce1683d50b89df0.exe,MALWARE,0.9999
/home/heph/Documents/code/ransom/new/mb_dataset/samples/b5e73c65a92abd6d8ea6040739e6b71a207035f1517f3813c56fbac937b8ff06.exe,MALWARE,0.9996
/home/heph/Documents/code/ransom/new/mb_dataset/samples/74bc2f9a81ad2cc609b7730dbabb146506f58244e5e655cbb42044913384a6ac.exe,MALWARE,0.9928
/home/heph/Documents/code/ransom/new/mb_dataset/samples/b78469fb8eff53d82081bdcb0dbb3436f239b8ca6ef7fd800ce5ba7e098c256f.exe,MALWARE,0.9999
/home/heph/Documents/code/ransom/new/mb_dataset/samples/a29f63484f53d2cf832b2bc70d6b66378b87b86221f885d0f43166503d631ef3.exe,MALWARE,0.9996
/home/heph/Documents/code/ransom/new/mb_dataset/samples/56e7073e0f7b2cacaa30f77eaee4b036b480b1992ade5e55bfa2ff062eda4d8a.exe,MALWARE,0.9996
/home/heph/Documents/code/ransom/new/mb_dataset/samples/2bad63edfca3e163691110868bfafe4c2fea3ee72f5dc520bee5d4401cec3cec.exe,MALWARE,0.9999
/home/heph/Documents/code/ransom/new/mb_dataset/samples/ecac12520eaa08addb97ed05c2ac1406d56e58eb422954b704ef5c5516e02397.exe,MALWARE,0.995
/home/heph/Documents/code/ransom/new/mb_dataset/samples/b8a3da8c60459974767732321a29b91dfea59ab5ad993caf832f2bb2484b5c96.exe,MALWARE,0.9954
/home/heph/Documents/code/ransom/new/mb_dataset/samples/9f256973ee6ddcd3d781761480c00220a140fad833dc9a6a085f45c419d1714e.exe,MALWARE,1.0
/home/heph/Documents/code/ransom/new/mb_dataset/samples/7cd8f10164a6c3209574751d16c4e9297334f11a08ade649055450d41e0d31e9.exe,MALWARE,0.9999
/home/heph/Documents/code/ransom/new/mb_dataset/samples/fd164c4c121371f94cfd3a034ad8cf8edc7c0f7141a8f4c9da1683d41b212a87.exe,MALWARE,0.9999
/home/heph/Documents/code/ransom/new/mb_dataset/samples/de20c90de7becbb2f8b92ac42d71a3db3db498472746d0d6f53c368dadba44b0.exe,MALWARE,0.9999
/home/heph/Documents/code/ransom/new/mb_dataset/samples/db59d4ab0aaf660fe778f9190102e1b808bc5d357026736ca335e4858ec512eb.exe,MALWARE,0.9999
/home/heph/Documents/code/ransom/new/mb_dataset/samples/cb4af8d6d57163b0322bd033b36379f805bdb59ec550049ea568cc0a7dfe52cd.exe,MALWARE,0.9999
/home/heph/Documents/code/ransom/new/mb_dataset/samples/b9924321b4f05ec0b98e272ddd4f91feb69eb93c44186ca165a4d51beed91152.exe,MALWARE,0.9999
/home/heph/Documents/code/ransom/new/mb_dataset/samples/9df39b3b2b0ed8ed469d028cc4269655d6b70aef8b22a308f34e1929e4b00992.exe,MALWARE,0.9999
/home/heph/Documents/code/ransom/new/mb_dataset/samples/94379bb2c305a5754d60ae3d27daf5f7f4758ed3dad21ee1969640fd9e84e83f.exe,MALWARE,0.9999
/home/heph/Documents/code/ransom/new/mb_dataset/samples/7c8cb66e9e5ac66415273a48528e1b2f781003f2109b5d704254b9e91d745a34.exe,MALWARE,0.9999
/home/heph/Documents/code/ransom/new/mb_dataset/samples/6834005e47c6ad53cb0793e1f13b6ea45383d86691b179f4229214d8768d0ceb.exe,MALWARE,0.9999
/home/heph/Documents/code/ransom/new/mb_dataset/samples/44cd22cb40115a504bf933ec006d47ae0076f450f76b54783f846beca81c4c93.exe,MALWARE,0.9999
/home/heph/Documents/code/ransom/new/mb_dataset/samples/3b0cf9bc480a7fc4a560ab26cd35a72313b1fa49bf6ef208c434a32b3f1588c4.exe,MALWARE,0.9999
/home/heph/Documents/code/ransom/new/mb_dataset/samples/2f00cd865ea857a2d9d399385c408e99f9daaa1b6c193f2195393bd459524b3e.exe,MALWARE,0.9999
/home/heph/Documents/code/ransom/new/mb_dataset/samples/20d46f118a5e925f992932f20dd658e4d464ac8d8218f7fba683029d51761709.exe,MALWARE,0.9999
/home/heph/Documents/code/ransom/new/mb_dataset/samples/04419b76566142902680b2c44b216905b44a5743502530066e408bac72d20864.exe,MALWARE,0.9999
/home/heph/Documents/code/ransom/new/mb_dataset/samples/f51fc0ab96d1aee49950b8ca91ef67c330b8593340cc3002513100ac9bf163b0.exe,MALWARE,0.9998
/home/heph/Documents/code/ransom/new/mb_dataset/samples/dc6b0e8c1e9c113f0364e1c8370060dee3fcbe25b667ddeca7623a95cd21411f.exe,MALWARE,0.9967
/home/heph/Documents/code/ransom/new/mb_dataset/samples/8bd2067d088dad4df24e11244f5b72ce1fd22b686e2ce9ba6ee8711f8f6a836d.exe,MALWARE,0.9999
/home/heph/Documents/code/ransom/new/mb_dataset/samples/1fe9b489c25bb23b04d9996e8107671edee69bd6f6def2fe7ece38a0fb35f98e.exe,MALWARE,0.9922
/home/heph/Documents/code/ransom/new/mb_dataset/samples/0a471df64b677fd6608c72626444d22381f7fc20ea0165cc5b88fdad0402d32f.exe,MALWARE,0.9999
/home/heph/Documents/code/ransom/new/mb_dataset/samples/2ea781140f7e86c63b636249b5fdba9828661bdd846fd95c195c5b986b84a507.exe,MALWARE,0.9998
/home/heph/Documents/code/ransom/new/mb_dataset/samples/4f6ce92fccafa6d2454a12022e21fbd6adf1a6ec2d45c71de6f8729ec3ad195f.exe,MALWARE,0.9978
/home/heph/Documents/code/ransom/new/mb_dataset/samples/5d9b68455031f1c5b78d6fc0af037cb7ea72b465fd32fdce368420b8b816e3e1.exe,MALWARE,0.9999
/home/heph/Documents/code/ransom/new/mb_dataset/samples/6c5ddbe058da35b2731fe10234520a6bb78604f860ed4188a1bd07e62fe4ec11.exe,MALWARE,0.9999
/home/heph/Documents/code/ransom/new/mb_dataset/samples/54f07b825fd662618e1142ee47ef5c988c08ae59c60209bef250fc68bfd3826c.exe,MALWARE,0.9999
/home/heph/Documents/code/ransom/new/mb_dataset/samples/74ce1be7fe32869dbbfe599d7992c306a7ee693eb517924135975daa64a3a92f.exe,MALWARE,0.9999
/home/heph/Documents/code/ransom/new/mb_dataset/samples/5467fe3f38ccf0c56c1aba7cbbc56109b747f7a53c333a3f5a1cfe6094e1fa2b.exe,MALWARE,0.9999
/home/heph/Documents/code/ransom/new/mb_dataset/samples/08c2d24cb9c632f9aa84254bb673c9df04d4ac23ee07e840794e9438b06e9bd2.exe,MALWARE,0.9999
/home/heph/Documents/code/ransom/new/mb_dataset/samples/f0a16b0224a24647e9e8cf2f6f4479d93c8fb540a7ca656023a41f399e6c69c2.exe,MALWARE,0.9646
/home/heph/Documents/code/ransom/new/mb_dataset/samples/df8d000833243acc0004595b3a8d4b66fcd7b76d8685d5c2ff61ee2a40a0e92c.exe,MALWARE,0.9999
/home/heph/Documents/code/ransom/new/mb_dataset/samples/bc8832f5a8911a1f6f979cbc37e33689f0066078d88bf5c14df534133175d75f.exe,MALWARE,0.9999
/home/heph/Documents/code/ransom/new/mb_dataset/samples/46daafc57c385a2d0b5516c058ead1ee9a49c7e5c0d411f546fb31985a61fe38.exe,MALWARE,0.9999
/home/heph/Documents/code/ransom/new/mb_dataset/samples/62ae5ad22213d2adaf0e7cf1ce23ff47b996f60065244b63f361a22daed2bdda.exe,MALWARE,0.9999
/home/heph/Documents/code/ransom/new/mb_dataset/samples/38d5f4f37686dab8b082b591224e272883644caab6a814e7751981da00523c51.exe,MALWARE,0.9999
/home/heph/Documents/code/ransom/new/mb_dataset/samples/1d6d47bf20d21b860d232a358481c477c36491134ea976372c69a0483e05a556.exe,MALWARE,0.9999
/home/heph/Documents/code/ransom/new/mb_dataset/samples/4729c95c7b1da0c7176d100bb5fccea3b1c467f295e37677fab3b50d41ff1ff0.exe,MALWARE,0.9778
/home/heph/Documents/code/ransom/new/mb_dataset/samples/e9cef52bf082c87766bbac0b3324c3d76e66e9d5b943e751a04583dc041a0273.exe,MALWARE,0.9999
/home/heph/Documents/code/ransom/new/mb_dataset/samples/e160b6348f6fbdc444125bb65dbd94606d99da48c8334c8e6b2ee4429f813293.exe,MALWARE,0.9998
/home/heph/Documents/code/ransom/new/mb_dataset/samples/aba1639c22467782c13a6dbe25c7b79e75b40ab440b7b54454ae9bc54dd6ae51.exe,MALWARE,0.9999
/home/heph/Documents/code/ransom/new/mb_dataset/samples/6253659a160638bb4622dcf28a4f0e0474129794827de68bc276bc4b29e0addf.exe,MALWARE,0.9999
/home/heph/Documents/code/ransom/new/mb_dataset/samples/82c3e0dffa77510e2c6b53fefa34379912b986bf5666a34f018f77038cc5bea8.exe,MALWARE,0.9999
/home/heph/Documents/code/ransom/new/mb_dataset/samples/326993f7e516c7a9608bb8bdc9a7ae162ca485f70a97ede3fd9ba137878c66e5.exe,MALWARE,0.9999
/home/heph/Documents/code/ransom/new/mb_dataset/samples/e3ab77bd18631ec47eeaed44753cd9d55db0db7e5961f486f5963013656dc3df.exe,MALWARE,0.9999
/home/heph/Documents/code/ransom/new/mb_dataset/samples/53570d6534ecb6c826a2ae043a6d9ae6c026bbb35a48d8bb750a6b6f03525a03.exe,MALWARE,0.9999
/home/heph/Documents/code/ransom/new/mb_dataset/samples/e5627c7b3e95c75c95e4532b3204209ed8c6786a159804702e0a3d03cdce7bed.exe,MALWARE,0.9999
/home/heph/Documents/code/ransom/new/mb_dataset/samples/c4c49d2da33892fc0fb8d961a5d504b9f458206e0366132c8a0d017d6e8767ff.exe,MALWARE,0.9999
/home/heph/Documents/code/ransom/new/mb_dataset/samples/74abc075fc1d5c8985c952afc25a48ba874e76f96af4dc33414e84db9e10b9ee.exe,MALWARE,0.9999
/home/heph/Documents/code/ransom/new/mb_dataset/samples/72f0981f18b969db2781e874d249d8003c07f99786e217f84cf54a148de259cc.exe,MALWARE,0.9999
/home/heph/Documents/code/ransom/new/mb_dataset/samples/3d457b11a195ea28d5ce30afa350c5e718302a310da4eb0746406dba270f55b3.exe,MALWARE,0.9999
/home/heph/Documents/code/ransom/new/mb_dataset/samples/86ccc74375405ef5a86bb26071ec345d3d800438d1e0caa4a6d0cb43bd8562df.exe,MALWARE,0.9999
/home/heph/Documents/code/ransom/new/mb_dataset/samples/5165cd61158a14ba2f90c275d29d8271b1f0c5669ebcdc620edd86ee90474dbc.exe,MALWARE,0.9999
/home/heph/Documents/code/ransom/new/mb_dataset/samples/1b90e6f959db883fb4a036dac06242be724a7637708058e2c439e2250222d6d1.exe,MALWARE,0.9973
/home/heph/Documents/code/ransom/new/mb_dataset/samples/e88795f5be1970400521e0041c4603c62ff681f24ac75f926d524d092eecb6ee.exe,MALWARE,0.9999
/home/heph/Documents/code/ransom/new/mb_dataset/samples/bd4e603e953d8c7803f3c7d72cd7197d996ab80ce80b9da96a4df7d10969bb55.exe,MALWARE,0.9999
/home/heph/Documents/code/ransom/new/mb_dataset/samples/e55cc3426298f9f848849304d10b9222925eb19caebaebaa44dfb85ad2346062.exe,MALWARE,0.9999
/home/heph/Documents/code/ransom/new/mb_dataset/samples/214ea9347df948e515af3f0ed446722e36f011e8cd34a221eb6e506269b955f3.exe,MALWARE,0.9999
/home/heph/Documents/code/ransom/new/mb_dataset/samples/c124dc2c4f82b3258f1538656de8cbd2c5133137cad2d6c7b874de8232763d95.exe,MALWARE,0.9999
/home/heph/Documents/code/ransom/new/mb_dataset/samples/25364fb9f14a97437eb079e0778f724f3817faa7d23de316b2eca11bdae1e343.exe,MALWARE,0.9999
/home/heph/Documents/code/ransom/new/mb_dataset/samples/1048a41107f4d9a68c1f5fc0b99ac75dc198047f18bb6e50f3d462f262b8f6cd.exe,MALWARE,0.9999
/home/heph/Documents/code/ransom/new/mb_dataset/samples/655abd0b5067ec53b25ea387c9aebe0fbafd5209e53bc7447c7d7425cb76b175.exe,MALWARE,0.9999
/home/heph/Documents/code/ransom/new/mb_dataset/samples/f837f1cd60e9941aa60f7be50a8f2aaaac380f560db8ee001408f35c1b7a97cb.exe,MALWARE,0.9999
/home/heph/Documents/code/ransom/new/mb_dataset/samples/bb6b249336cd7001b1c55d3724b5e35a150e752ed795c36e0d5dcba00eedb62a.exe,MALWARE,0.9999
/home/heph/Documents/code/ransom/new/mb_dataset/samples/acf8884a4bfb9ebfe99ed607c4f1cf625cd705ac4317c092ef6dcca3d47027aa.exe,MALWARE,0.9999
/home/heph/Documents/code/ransom/new/mb_dataset/samples/82479ba19531a5b3f108f21f939190de2073395a708bb4446d6acc398518b802.exe,MALWARE,0.9999
/home/heph/Documents/code/ransom/new/mb_dataset/samples/32304c278117353bd112132323055e113b62182d1efcc83abec1e736cf8da9e1.exe,MALWARE,0.9999
/home/heph/Documents/code/ransom/new/mb_dataset/samples/94e56379b7a31b01cf826076a74fc4ddb7f86f7991a6f58300f28712d484aa33.exe,MALWARE,0.9999
/home/heph/Documents/code/ransom/new/mb_dataset/samples/87a14583b72250a660b74f1e475a268f95285820d72fbd5115f1b8c6ec787a9a.exe,MALWARE,0.9999
/home/heph/Documents/code/ransom/new/mb_dataset/samples/8a22a91c931ac80ca91cf91fef678c4bee00e3eb5ad24f209bc8595e012ba5b0.exe,MALWARE,0.9999
/home/heph/Documents/code/ransom/new/mb_dataset/samples/1e8696116c400742d13d6dfcad676badee68eac4a42a0693556f5dcfa82d0a46.exe,MALWARE,0.9999
/home/heph/Documents/code/ransom/new/mb_dataset/samples/99d09068ac1b9d6db4f8bcff698ffff8e112a506c0f01afff460c5a3b1393ef8.exe,MALWARE,0.9999
/home/heph/Documents/code/ransom/new/mb_dataset/samples/3de2a56cc13e85bc214d583dbd101857a129b796dae0c499fb5045a1508231ef.exe,MALWARE,0.9999
/home/heph/Documents/code/ransom/new/mb_dataset/samples/4fea41b61b2bd700fc6613c18c05aeb4df37bcbe777868081b0ed1076ee7aacb.exe,MALWARE,0.9999
/home/heph/Documents/code/ransom/new/mb_dataset/samples/99c71640bc985654db23b81ecb00e4d0cc160a25e1c58b6a90e379a559ea3440.exe,MALWARE,0.9999
/home/heph/Documents/code/ransom/new/mb_dataset/samples/942946c6ae139b1f1efc91262f91034542eb75b80c3c66c10d69dda014d706d6.exe,MALWARE,0.9999
/home/heph/Documents/code/ransom/new/mb_dataset/samples/3c300726a6cdd8a39230f0775ea726c2d42838ac7ff53bfdd7c58d28df4182d5.exe,MALWARE,0.996
/home/heph/Documents/code/ransom/new/mb_dataset/samples/847fb7609f53ed334d5affbb07256c21cb5e6f68b1cc14004f5502d714d2a456.exe,MALWARE,0.9999
/home/heph/Documents/code/ransom/new/mb_dataset/samples/382da46b770736639b495071c4c5a0b139eb486583b7b9548274ce6e4f663cb8.exe,MALWARE,0.9999
/home/heph/Documents/code/ransom/new/mb_dataset/samples/0b80b497370f99697e74c7cef81ef4ba42a436ff52e6a5af031a8e615a937555.exe,MALWARE,0.9739
/home/heph/Documents/code/ransom/new/mb_dataset/samples/12138a12e35563461860d8c39d80e7cbf80aced9a3f197bf7e6a452a70e07048.exe,MALWARE,0.9999
/home/heph/Documents/code/ransom/new/mb_dataset/samples/3a96c3075b8494fe6a76c6325946ab3f200e75ce26ad886446ea1394b5ac6ba1.exe,MALWARE,0.9999
/home/heph/Documents/code/ransom/new/mb_dataset/samples/c50bca08a8e80850ec18d258ff937b7b72a500d9027c730c86b05aa73c938b5d.exe,MALWARE,0.9999
/home/heph/Documents/code/ransom/new/mb_dataset/samples/6dd995d896a9a593b2c48d09da60bd83866d8577273f36d38788d83ad8173e68.exe,MALWARE,0.9999
/home/heph/Documents/code/ransom/new/mb_dataset/samples/a15f278540238f0308608e76a76c01c60e04f5e5bbe9ffce5455f2e965574a12.exe,MALWARE,0.9999
/home/heph/Documents/code/ransom/new/mb_dataset/samples/d0e0923cf7f97c86b6cde608bc7a0332d03881e598de7b8e41c114d1576e4534.exe,MALWARE,0.9999
/home/heph/Documents/code/ransom/new/mb_dataset/samples/3ed830b0803b63aca0a82661475c863801afd2e2b03c2675b05019d55f25a1f4.exe,MALWARE,0.9999
/home/heph/Documents/code/ransom/new/mb_dataset/samples/3850817e83a1cf4195920110bb2995a0386fdaeacbf81e13f52bdb3d124911f5.exe,MALWARE,0.9999
/home/heph/Documents/code/ransom/new/mb_dataset/samples/3b18241ac1018db1c2fb5c9e8306490bcafb373c852f1c5ebae65c672632a620.exe,MALWARE,0.9999
/home/heph/Documents/code/ransom/new/mb_dataset/samples/9fb1067dd3edf3d517517e9c191f3f07067bf30aa034a36ebf6543d83cea5ec1.exe,MALWARE,0.9999
/home/heph/Documents/code/ransom/new/mb_dataset/samples/e69a13add1245bc1b7b6337e64eee9b53395b9574f2b85d32f891680c7165ff5.exe,MALWARE,0.9999
/home/heph/Documents/code/ransom/new/mb_dataset/samples/d3fd49f8f42fa571209af568a65119433e114bb66da21eda12b96a16b5ebfe21.exe,MALWARE,0.9999
/home/heph/Documents/code/ransom/new/mb_dataset/samples/7bb383b31d1b415bc067e612203cc6bda53e914f7ca5291299e92f59d47cabf8.exe,MALWARE,0.9999
/home/heph/Documents/code/ransom/new/mb_dataset/samples/f2b3f1ed693021b20f456a058b86b08abfc4876c7a3ae18aea6e95567fd55b2e.exe,MALWARE,0.9999
/home/heph/Documents/code/ransom/new/mb_dataset/samples/bacedbb23254934b736a9daf6de52620c9250a49686d519ceaf0a8d25da0a97f.exe,MALWARE,0.9999
/home/heph/Documents/code/ransom/new/mb_dataset/samples/6660d0e87a142ab1bde4521d9c6f5e148490b05a57c71122e28280b35452e896.exe,MALWARE,0.9999
/home/heph/Documents/code/ransom/new/mb_dataset/samples/67d1f4077e929385cfd869bf279892bf10a2c8f0af4119e4bc15a2add9461fec.exe,MALWARE,0.9999
/home/heph/Documents/code/ransom/new/mb_dataset/samples/5a604a8f0e72f3bf7901b7b67f881031a402ab8072269c00233a554df548f54d.exe,MALWARE,0.9999
/home/heph/Documents/code/ransom/new/mb_dataset/samples/3c8ad2dae0b1bb536925b4e8d5a87e77c6134371eada2c7628358d6c6d3083dc.exe,MALWARE,0.9999
/home/heph/Documents/code/ransom/new/mb_dataset/samples/8dc43793450f2c7f5953e0eb912356113346b6afd48f9400a26c35cdf0ffdd07.exe,MALWARE,0.9989
/home/heph/Documents/code/ransom/new/mb_dataset/samples/731adcf2d7fb61a8335e23dbee2436249e5d5753977ec465754c6b699e9bf161.exe,MALWARE,0.9999
/home/heph/Documents/code/ransom/new/mb_dataset/samples/59868f4b346bd401e067380cac69080709c86e06fae219bfb5bc17605a71ab3f.exe,MALWARE,0.9999
/home/heph/Documents/code/ransom/new/mb_dataset/samples/cefea76dfdbb48cfe1a3db2c8df34e898e29bec9b2c13e79ef40655c637833ae.exe,MALWARE,0.9999
/home/heph/Documents/code/ransom/new/mb_dataset/samples/7e363b5f1ba373782261713fa99e8bbc35ddda97e48799c4eb28f17989da8d8e.exe,MALWARE,0.9999
/home/heph/Documents/code/ransom/new/mb_dataset/samples/3d7cf20ca6476e14e0a026f9bdd8ff1f26995cdc5854c3adb41a6135ef11ba83.exe,MALWARE,0.9999
/home/heph/Documents/code/ransom/new/mb_dataset/samples/4544458cd52f7440464cde95e74e7812f7aa6ba936bda011a5b1e6f684fafa47.exe,MALWARE,0.9207
/home/heph/Documents/code/ransom/new/mb_dataset/samples/f3f25af554bedfa4ee2824bb858280282bd87828d446048619dc49fe061741b4.exe,MALWARE,0.9999
/home/heph/Documents/code/ransom/new/mb_dataset/samples/2de09a815efcc64810046de69b8e0aa1c9e9beee77b66560a0b15d737485e3c5.exe,MALWARE,0.9999
/home/heph/Documents/code/ransom/new/mb_dataset/samples/4098b54c9d27b00ce34d04ffac24213ed28993a2854827851b157d63407c2e4e.exe,MALWARE,0.9999
/home/heph/Documents/code/ransom/new/mb_dataset/samples/1d4c0b32aea68056755daf70689699200ffa09688495ccd65a0907cade18bd2a.exe,MALWARE,0.9994
/home/heph/Documents/code/ransom/new/mb_dataset/samples/6931b124d38d52bd7cdef48121fda457d407b63b59bb4e6ead4ce548f4bbb971.exe,MALWARE,0.9999
/home/heph/Documents/code/ransom/new/mb_dataset/samples/973dfafc3051d8c2849f62c556ab8057da706f15d1ffd8871de894ae3a24d86b.exe,MALWARE,0.9995
/home/heph/Documents/code/ransom/new/mb_dataset/samples/bc32a2ccf158ebe2b76646be865a4c6dd91da6b8e5bb0dd9520102a9bfea5439.exe,MALWARE,0.9995
/home/heph/Documents/code/ransom/new/mb_dataset/samples/4d9432e8a0ceb64c34b13d550251b8d9478ca784e50105dc0d729490fb861d1a.exe,MALWARE,0.9999
/home/heph/Documents/code/ransom/new/mb_dataset/samples/61ca175c2f04cb5279f8507e69385577cf04e4e896a01d0b5357746a241c7846.exe,MALWARE,0.9998
/home/heph/Documents/code/ransom/new/mb_dataset/samples/bfb31c96f9e6285f5bb60433f2e45898b8a7183a2591157dc1d766be16c29893.exe,MALWARE,0.9998
/home/heph/Documents/code/ransom/new/mb_dataset/samples/a11cc5051e3a88428db495f6d8e4b6381a1cb3fa5946a525ef5c00bfcb44e210.exe,MALWARE,0.9998
/home/heph/Documents/code/ransom/new/mb_dataset/samples/029c5d48e425206e2ae84a63d62bdbc80362702913b38618a423c541c8a0ed40.exe,MALWARE,0.9998
/home/heph/Documents/code/ransom/new/mb_dataset/samples/2d82be244e23001148ed5a6d83856b6f7cd20c3f7786481303d5d584c51ff5f0.exe,MALWARE,0.9998
/home/heph/Documents/code/ransom/new/mb_dataset/samples/516664139b0ddd044397a56482d7308d87c213c320a3151ccb9738e8f932654b.exe,MALWARE,0.9999
/home/heph/Documents/code/ransom/new/mb_dataset/samples/56e7b9c4b8962b6ff0d1e0162ca8515a07b576cd47ba90221354838733f8689a.exe,MALWARE,0.9999
/home/heph/Documents/code/ransom/new/mb_dataset/samples/e0493b082077648eb33ca1294f2b26bc4c96d3820913c46330923e8bb3d73230.exe,MALWARE,0.9999
/home/heph/Documents/code/ransom/new/mb_dataset/samples/cc54647e8c3fe7b701d78a6fa072c52641ac11d395a6d2ffaf05f38f53112556.exe,MALWARE,0.9996
/home/heph/Documents/code/ransom/new/mb_dataset/samples/ac092962654b46a670b030026d07f5b8161cecd2abd6eece52b7892965aa521b.exe,MALWARE,0.9996
/home/heph/Documents/code/ransom/new/mb_dataset/samples/533672da9d276012ebab3ce9f4cd09a7f537f65c6e4b63d43f0c1697e2f5e48d.exe,MALWARE,0.9996
/home/heph/Documents/code/ransom/new/mb_dataset/samples/78782fd324bc98a57274bd3fff8f756217c011484ebf6b614060115a699ee134.exe,MALWARE,0.9996
/home/heph/Documents/code/ransom/new/mb_dataset/samples/68872cc22fbdf0c2f69c32ac878ba9a7b7cf61fe5dd0e3da200131b8b23438e7.exe,MALWARE,0.9996
/home/heph/Documents/code/ransom/new/mb_dataset/samples/151fbd6c299e734f7853497bd083abfa29f8c186a9db31dbe330ace2d35660d5.exe,MALWARE,0.9996
/home/heph/Documents/code/ransom/new/mb_dataset/samples/43e61519be440115eeaa3738a0e4aa4bb3c8ac5f9bdfce1a896db17a374eb8aa.exe,MALWARE,0.9996
/home/heph/Documents/code/ransom/new/mb_dataset/samples/1ef8db7e8bd3aaba8b1cef96cd52fde587871571b1719c5d40f9a9c98dd26f84.exe,MALWARE,0.9996
/home/heph/Documents/code/ransom/new/mb_dataset/samples/1cc7c198a8a2c935fd6f07970479e544f5b35a8eb3173de0305ebdf76a0988cb.exe,MALWARE,0.9996
/home/heph/Documents/code/ransom/new/mb_dataset/samples/ec368752c2cf3b23efbfa5705f9e582fc9d6766435a7b8eea8ef045082c6fbce.exe,MALWARE,0.951
/home/heph/Documents/code/ransom/new/mb_dataset/samples/508dd6f7ed6c143cf5e1ed6a4051dd8ee7b5bf4b7f55e0704d21ba785f2d5add.exe,MALWARE,0.9996
/home/heph/Documents/code/ransom/new/mb_dataset/samples/12ee27f56ec8a2a3eb2fe69179be3f7a7193ce2b92963ad33356ed299f7ed975.exe,MALWARE,0.9996
/home/heph/Documents/code/ransom/new/mb_dataset/samples/8cfd28911878af048fb96b6cc0b9da770542576d5c2b20b193c3cfc4bde4d3bc.exe,MALWARE,0.9996
/home/heph/Documents/code/ransom/new/mb_dataset/samples/fb76b4a667c6d790c39fcc93a3aac8cd2a224f0eb9ece4ecfd7825f606c2a8b6.exe,MALWARE,0.9995
/home/heph/Documents/code/ransom/new/mb_dataset/samples/d43b271fb4931263f8fa54b297e3cf60762a0fe5c50ed76999f276dcc3c283be.exe,MALWARE,0.9995
/home/heph/Documents/code/ransom/new/mb_dataset/samples/bafa2efff234303166d663f967037dae43701e7d63d914efc8c894b3e5be9408.exe,MALWARE,0.9989
/home/heph/Documents/code/ransom/new/mb_dataset/samples/521c503bc3f5d8b2aa8819e8e30e2019e74ea9649a57529fb32c3dfc66a1e7ef.exe,MALWARE,0.9998
/home/heph/Documents/code/ransom/new/mb_dataset/samples/0a0c225f0e5ee941a79f2b7701f1285e4975a2859eb4d025d96d9e366e81abb9.exe,MALWARE,0.9999
/home/heph/Documents/code/ransom/new/mb_dataset/samples/cbbc7052fed8d0002d07736a68219f01a5a4e1c19ee50310e2381e96fa8836ed.exe,MALWARE,0.9998
/home/heph/Documents/code/ransom/new/mb_dataset/samples/e51e4c372edf2bbe476a4b7630225c1875c5ccea2ed55b418bd793c54ce9a84d.exe,MALWARE,0.9998
/home/heph/Documents/code/ransom/new/mb_dataset/samples/bac7f1cb70a0fe909590f7b270248705d216b4abaf4e5dd4969fa4f1949badec.exe,MALWARE,0.9999
/home/heph/Documents/code/ransom/new/mb_dataset/samples/b6855793aebdd821a7f368585335cb132a043d30cb1f8dccceb5d2127ed4b9a4.exe,MALWARE,0.9999
/home/heph/Documents/code/ransom/new/mb_dataset/samples/665afa26d6110bb35ec8a60878068a0e69e1c805d9073bef71a48a3404c164e9.exe,MALWARE,0.9983
/home/heph/Documents/code/ransom/new/mb_dataset/samples/243dff06fc80a049f4fb37292f8b8def0fce29768f345c88ee10699e22b0ae60.exe,MALWARE,0.9996
/home/heph/Documents/code/ransom/new/mb_dataset/samples/17139a10fd226d01738fe9323918614aa913b2a50e1a516e95cced93fa151c61.exe,MALWARE,0.9996
/home/heph/Documents/code/ransom/new/mb_dataset/samples/1667e1635736f2b2ba9727457f995a67201ddcd818496c9296713ffa18e17a43.exe,MALWARE,0.9678
/home/heph/Documents/code/ransom/new/mb_dataset/samples/47eccaaa672667a9cea23e24fd702f7b3a45cbf8585403586be474585fd80243.exe,MALWARE,0.9982
/home/heph/Documents/code/ransom/new/mb_dataset/samples/533d26fdacdcaf1b908458c39bb503e5aa94025811c6b6d1f3c8a9142ade8404.exe,MALWARE,0.9999
/home/heph/Documents/code/ransom/new/mb_dataset/samples/f42bcc81c05e8944649958f8b9296c5523d1eb8ab00842d66530702e476561ef.exe,MALWARE,0.9999
/home/heph/Documents/code/ransom/new/mb_dataset/samples/e0c0cbc50a9ed4d01a176497c8dba913cbbba515ea701a67ef00dcb7c8a84368.exe,MALWARE,0.9999
/home/heph/Documents/code/ransom/new/mb_dataset/samples/6d656f110246990d10fe0b0132704b1323859d4003f2b1d5d03f665c710b8fd3.exe,MALWARE,0.9996
/home/heph/Documents/code/ransom/new/mb_dataset/samples/9cee5522a7ca2bfca7cd3d9daba23e9a30deb6205f56c12045839075f7627297.exe,MALWARE,0.9999
/home/heph/Documents/code/ransom/new/mb_dataset/samples/afb22b1ff281c085b60052831ead0a0ed300fac0160f87851dacc67d4e158178.exe,MALWARE,0.9996
/home/heph/Documents/code/ransom/new/mb_dataset/samples/946410c4b8d333a3b8fb34b76e684eee539cf063aa268720e9e60b04aae70059.exe,MALWARE,0.9999
/home/heph/Documents/code/ransom/new/mb_dataset/samples/6d9f17932c1736527b80db9f3bb6ccc693ef22695a349fbc1d96e845ae5930c6.exe,MALWARE,0.9999
/home/heph/Documents/code/ransom/new/mb_dataset/samples/68666eec45ae5f29e414dbcca1a99d2a767c45f934c7490d3464f0ce7e8cd833.exe,MALWARE,0.9999
/home/heph/Documents/code/ransom/new/mb_dataset/samples/71744a88ccca712ad9b74087ba046be05625b4ac83e1c65a1fd5259584aa109d.exe,MALWARE,0.9999
/home/heph/Documents/code/ransom/new/mb_dataset/samples/1589fc5bd6b430feec62c625914d94f73e261e45655f98f8553fdda708d12800.exe,MALWARE,0.9999
/home/heph/Documents/code/ransom/new/mb_dataset/samples/67acb73457262a41508e41e7777113937594ce158e6a8e73eef2c5a2b16ce384.exe,MALWARE,0.9999
/home/heph/Documents/code/ransom/new/mb_dataset/samples/3ab171a4fe9b095f4bc79b88b6425a88e6962cbba0d763117a01918829fe59fb.exe,MALWARE,0.9999
/home/heph/Documents/code/ransom/new/mb_dataset/samples/80d42d9d8d97f4245bf6a279a8f83668385812337d39e0282068c8e344dc755d.exe,MALWARE,0.9999
/home/heph/Documents/code/ransom/new/mb_dataset/samples/0ff637682614ed66cdc76643efc709b6af08351dd701f92604a406ccbb3bf045.exe,MALWARE,0.9999
/home/heph/Documents/code/ransom/new/mb_dataset/samples/2212b78bedb274dd6be7bbebdeeffe9406197cb065fedb370b302b720573fb25.exe,MALWARE,0.9999
/home/heph/Documents/code/ransom/new/mb_dataset/samples/8fb06ea350e49fa9ef38c56e731adf6713a47c8de714fe55aee6519cfd6b4da3.exe,MALWARE,0.9999
/home/heph/Documents/code/ransom/new/mb_dataset/samples/b6ffdb84f61503fa0b8cead54a5479af317d3adec7fd375f3df2337575981b6f.exe,MALWARE,0.9999
/home/heph/Documents/code/ransom/new/mb_dataset/samples/8540b955e851488606b3508211167daf280af7b6fc11caea4aa7f4cccda8e307.exe,MALWARE,0.9999
/home/heph/Documents/code/ransom/new/mb_dataset/samples/83313da4c33e6c413933e577f94e86c575b54a4a2480cba90c3407c99c27113f.exe,MALWARE,0.9999
/home/heph/Documents/code/ransom/new/mb_dataset/samples/e3a3d9e668fa8c144c48299206d7eff67a7dbbf3410ddc2aefc440b6e072bf6f.exe,MALWARE,0.9999
/home/heph/Documents/code/ransom/new/mb_dataset/samples/0f14a05d458d8645c63e666c96ff0314fe2461daf81a19feae74ef748378f60e.exe,MALWARE,0.9999
/home/heph/Documents/code/ransom/new/mb_dataset/samples/4be3266e0c7427823adb0b3b5136bb89d9f59bc1eff9e89456cb9517f585e52a.exe,MALWARE,0.9999
/home/heph/Documents/code/ransom/new/mb_dataset/samples/2322908792f3bd634a139411d42474c93951599c5356195b6f1f7f09bd455023.exe,MALWARE,0.9999
/home/heph/Documents/code/ransom/new/mb_dataset/samples/c2e8cdd98f0d5c1882920816ff19adaaf0961462d117ca47ea0cd00545dd3ad9.exe,MALWARE,0.9999
/home/heph/Documents/code/ransom/new/mb_dataset/samples/99ac02e76e50e0a053e19611e97965105796f0da7fa1959e59d7b5327869e19d.exe,MALWARE,0.9999
/home/heph/Documents/code/ransom/new/mb_dataset/samples/46bb3df9a85c89c546cf5a01f5b8d7e9ae0d6bf4d92372c82d0764bb89dd5421.exe,MALWARE,0.9999
/home/heph/Documents/code/ransom/new/mb_dataset/samples/267df6cfd790b8c9dfd48f518f5cad435df3158344f7f5adb8b6ab1e0a6aa251.exe,MALWARE,0.9999
/home/heph/Documents/code/ransom/new/mb_dataset/samples/56dab61397e1cbea1d8dfe7cf728ca9d61c0040881780b5f45cfe68fcd47ed6d.exe,MALWARE,0.9999
/home/heph/Documents/code/ransom/new/mb_dataset/samples/48975e8570cc778b5b94e51237d1c67f923047d0c90e5f9a0eb8b8da04fe04bc.exe,MALWARE,0.9999
/home/heph/Documents/code/ransom/new/mb_dataset/samples/857a902aeaa351e72676fb764543e2e8fc5c332b5881ea8dfe407ff257f913e7.exe,MALWARE,0.9999
/home/heph/Documents/code/ransom/new/mb_dataset/samples/3bb10edb151f0b54ea11de5b216a0f7e4c6b899bcae54da97b3ec87b5b862359.exe,MALWARE,0.9999
/home/heph/Documents/code/ransom/new/mb_dataset/samples/b67e5f6e9fb2273ac8ae5dd3b49c7695bc680686cf93a729bbdef2669f18d429.exe,MALWARE,0.9999
/home/heph/Documents/code/ransom/new/mb_dataset/samples/7ba1caff23d3a218037c59ac9ec7228af4a8db03577292404b1cfea6bb79023c.exe,MALWARE,0.9999
/home/heph/Documents/code/ransom/new/mb_dataset/samples/55cc603248b4c0858d18c029c500c2663394102b6b63b06cb147eab2168448ae.exe,MALWARE,0.9999
/home/heph/Documents/code/ransom/new/mb_dataset/samples/6e549de24c05fcf0c5c66111e9ab8686bb9ec02677fcdc219d994cd6857f5891.exe,MALWARE,0.9999
/home/heph/Documents/code/ransom/new/mb_dataset/samples/a28e55a948927ae556de391674d88cde33a4ad9700f7e5e21a94d8d3755ebe70.exe,MALWARE,0.9999
/home/heph/Documents/code/ransom/new/mb_dataset/samples/7744909ba1357e348376c7dcd1bc097d63d6d018e6da04287ebb763f073d60f1.exe,MALWARE,0.9999
/home/heph/Documents/code/ransom/new/mb_dataset/samples/da9b344bd9920b1d403a0d62f94881acf5d65b6fea495b04855aba40188e6e36.exe,MALWARE,0.9999
/home/heph/Documents/code/ransom/new/mb_dataset/samples/68863b0942c76880c9e9abb4c93ea235501974af3d04fa82228068878d0f4bae.exe,MALWARE,0.9999
/home/heph/Documents/code/ransom/new/mb_dataset/samples/5a3e61eab1551f1459ec1a0303f5b37b981161c21bf7d1818893415711e52cc1.exe,MALWARE,0.9999
/home/heph/Documents/code/ransom/new/mb_dataset/samples/023280288a154681b1652c24289acc49e44beb65e1f12948aee25dad981b3e0e.exe,MALWARE,0.9999
/home/heph/Documents/code/ransom/new/mb_dataset/samples/db176add8daa4f1b68ad74b7ed6a123003a7705badcd119086f4f5d9f4083469.exe,MALWARE,0.9999
/home/heph/Documents/code/ransom/new/mb_dataset/samples/6c0127433f689c0861355352460f7dc6b6ae3d86aa7db0747e60b3b9a18c4a87.exe,MALWARE,0.9999
/home/heph/Documents/code/ransom/new/mb_dataset/samples/41fb6be80f588c9e7823f862baf7b43dff49206a1c45f8a03e3dbd5f15678e14.exe,MALWARE,0.9999
/home/heph/Documents/code/ransom/new/mb_dataset/samples/1d218f810f262659fc2b6fa8a42b2fe217580666546ff802840a1350624766f0.exe,MALWARE,0.9999
/home/heph/Documents/code/ransom/new/mb_dataset/samples/64c924b671ac30fb16981fe3473e6241f41bb8ddd39d342d279f2c5ecba65fc2.exe,MALWARE,0.9999
/home/heph/Documents/code/ransom/new/mb_dataset/samples/ebd465cbb6b7718f33aac20528ffa75ae4ac433d8ab7c5c7a734c472f1c16a87.exe,MALWARE,0.9999
/home/heph/Documents/code/ransom/new/mb_dataset/samples/1b01ad0f500a671f4afb488b2106559a42ffccf2ef8fabd31642df361b19adc0.exe,MALWARE,0.9999
/home/heph/Documents/code/ransom/new/mb_dataset/samples/8a56e5f619b2abde688af72a1e714b096fab5e93cf89693fbb68adb0fc5a6321.exe,MALWARE,0.9999
/home/heph/Documents/code/ransom/new/mb_dataset/samples/6f3d87f3dcfd248e64d26cf338a19f41a6f93affdde5fab071a631ff38637757.exe,MALWARE,0.9999
/home/heph/Documents/code/ransom/new/mb_dataset/samples/5c54bd1aa2abf024f53490b7d93101496b5842a5a81a51955fe7f1d5e4281409.exe,MALWARE,0.9999
/home/heph/Documents/code/ransom/new/mb_dataset/samples/88169b1d4778ed6c5fda97375efb5b9171ea52649c8715bb449801c39bce4ad4.exe,MALWARE,0.9999
/home/heph/Documents/code/ransom/new/mb_dataset/samples/f4fb0f2ae098850f2a8ffb771ae4c6c8aaa81144fe53228a2c01df2d34307053.exe,MALWARE,0.9999
/home/heph/Documents/code/ransom/new/mb_dataset/samples/22a164ed481ba88df26ce7e819f2240d7fafa5b6ee2cd2993cb5fae3d566be7f.exe,MALWARE,0.9999
/home/heph/Documents/code/ransom/new/mb_dataset/samples/d582110cd8a31d867e1a1eada4fb726acbbf960bed0aafeec854e455bc53403f.exe,MALWARE,0.9999
/home/heph/Documents/code/ransom/new/mb_dataset/samples/a736269f5f3a9f2e11dd776e352e1801bc28bb699e47876784b8ef761e0062db.exe,MALWARE,0.9998
/home/heph/Documents/code/ransom/new/mb_dataset/samples/274844568a6a9ce334d71efeac21f528d7b54b2cd4377c978cc1270c6ad986c4.exe,MALWARE,0.9999
/home/heph/Documents/code/ransom/new/mb_dataset/samples/622f0a32c590c461a03a3ce3fe5d5c81ad3f98aeae07b3a23c9659c3f0ae3f5a.exe,MALWARE,0.9999
/home/heph/Documents/code/ransom/new/mb_dataset/samples/c394e1673274a8d0861ed637c425de244ead5f8ffbc7cb84862d9b81ec884505.exe,MALWARE,0.9999
/home/heph/Documents/code/ransom/new/mb_dataset/samples/eb82946fa0de261e92f8f60aa878c9fef9ebb34fdababa66995403b110118b12.exe,MALWARE,0.9999
/home/heph/Documents/code/ransom/new/mb_dataset/samples/d82aa76842e45325dd2b665ae410f91dfeb8fd2f9bc6449630090f3bac0c95b0.exe,MALWARE,0.9999
/home/heph/Documents/code/ransom/new/mb_dataset/samples/60ab87df9a77924e9f12484fa94f63fa4bb4c646072cf4b002492f59b1ee0103.exe,SUSPICIOUS,0.7181
/home/heph/Documents/code/ransom/new/mb_dataset/samples/3320f11728458d01eef62e10e48897ec1c2277c1fe1aa2d471a16b4dccfc1207.exe,MALWARE,0.9983
/home/heph/Documents/code/ransom/new/mb_dataset/samples/d21908dc0c08da389aa9e4829aa934ab7f250fece1430ed5a644e0590d8876f7.exe,MALWARE,0.9998
/home/heph/Documents/code/ransom/new/mb_dataset/samples/f55e4553ed04f085bc5b93cf7e5386c3d938abcb13a95ef1d2c3f8b21c454db8.exe,MALWARE,0.9977
/home/heph/Documents/code/ransom/new/mb_dataset/samples/e805dd0124b9f062f6b5bc9de627eabc601b9d6e8ffe1d90ee552a1ece598a89.exe,MALWARE,0.9995
/home/heph/Documents/code/ransom/new/mb_dataset/samples/ae355c321f1fe36c9539457301a3cf5d8babc58c72a3f6a5ef160253b4002b1a.exe,MALWARE,0.99
/home/heph/Documents/code/ransom/new/mb_dataset/samples/15f9ed36d9efc6e570b4f506791ce2c6a849853e2f6d587f30fb12d39dba2649.exe,MALWARE,0.9982
/home/heph/Documents/code/ransom/new/mb_dataset/samples/220c50ccf6a9d9727e9f442df42469f027d9f7a2ea833319971746280023bb0c.exe,MALWARE,0.9986
/home/heph/Documents/code/ransom/new/mb_dataset/samples/389e03b1a1fd1c527d48df74d3c26a0483a5b105f36841193172f1ee80e62c1b.exe,MALWARE,0.9788
/home/heph/Documents/code/ransom/new/mb_dataset/samples/3d94c4a92382c5c45062d8ea0517be4011be8ba42e9c9a614a99327d0ebdf05b.exe,MALWARE,0.9541
/home/heph/Documents/code/ransom/new/mb_dataset/samples/8a99353662ccae117d2bb22efd8c43d7169060450be413af763e8ad7522d2451.exe,MALWARE,0.9999
/home/heph/Documents/code/ransom/new/mb_dataset/samples/977403e8a424d1a029369b715867c3056a4d0d8a1c75dcf9d84d9c56f9bcf802.exe,MALWARE,0.9999
/home/heph/Documents/code/ransom/new/mb_dataset/samples/81b9fd825b7d6aa23c6bd641662d4dd2e1b0fbcf3a35efb61331f17e6fff1618.exe,MALWARE,0.9999
/home/heph/Documents/code/ransom/new/mb_dataset/samples/72eb45deb97510f2a2f7e136dde62b85900866b9cbb9c64d844df213dce20af4.exe,MALWARE,0.9999
/home/heph/Documents/code/ransom/new/mb_dataset/samples/8756f0619caff132b0d4dfefad4387b8d5ea134b8706f345757b92658e6e50ff.exe,MALWARE,0.9999
/home/heph/Documents/code/ransom/new/mb_dataset/samples/aafb0a46610064cd88ba99672e0f18456ed827cf46b2d3064487c45bac75637a.exe,MALWARE,0.9999
/home/heph/Documents/code/ransom/new/mb_dataset/samples/f297e54ce1fe9328b946b7a065f6029204f9ca26d1f9aad68592fa471c85747b.exe,MALWARE,0.9999
/home/heph/Documents/code/ransom/new/mb_dataset/samples/f8fc2445a9814ca8cf48a979bff7f182d6538f4d1ff438cf259268e8b4b76f86.exe,MALWARE,0.9999
/home/heph/Documents/code/ransom/new/mb_dataset/samples/c9a5db61aa2314d2d71e54a33f36192468b8e1a761e1307f3aa4936fe0ecc502.exe,MALWARE,0.9997
/home/heph/Documents/code/ransom/new/mb_dataset/samples/fafd35b8686b47ce520fdf66aad21ac0d151532af96a670314e27a333be8dcec.exe,MALWARE,0.9997
/home/heph/Documents/code/ransom/new/mb_dataset/samples/01ea06db82a72d8eaa3209311b20f3da34aebda948204f615c63e5cb62057538.exe,MALWARE,0.9997
/home/heph/Documents/code/ransom/new/mb_dataset/samples/2790fbc25dae73ea4526ea5e39baf5bc9e44947258b05f43a01ec71f118e9bcb.exe,MALWARE,0.9958
/home/heph/Documents/code/ransom/new/mb_dataset/samples/e889461b4a93fa62b03d283369cee78d914089e1e1ea502a6ca3d8107ac084f7.exe,MALWARE,0.9998
/home/heph/Documents/code/ransom/new/mb_dataset/samples/985c20ab57daa2d8135833f83bb48aebbaee96082dabed5e78329b9fe0b902d7.exe,MALWARE,0.9999
/home/heph/Documents/code/ransom/new/mb_dataset/samples/3d984c6d23e6b1440dbc5a3c717ce6b068318e625cedc61b3efdcada82d6861f.exe,MALWARE,0.9999
/home/heph/Documents/code/ransom/new/mb_dataset/samples/087260fa859741d5226ceec3153deff3fe9baba69e8958b13451623bd811ca44.exe,MALWARE,0.9999
/home/heph/Documents/code/ransom/new/mb_dataset/samples/6a751d5b42efe0e45f2939164eb910e742aaec8e95b70d7ae55173a34694ba35.exe,MALWARE,0.9999
/home/heph/Documents/code/ransom/new/mb_dataset/samples/f6238ae2550a457d7397da52826738981ed3486ac9df94fac77996cfa294eb09.exe,MALWARE,0.9999
/home/heph/Documents/code/ransom/new/mb_dataset/samples/fcd01c9fed690b2bad435c5bab5925cc1132c4c622f18af09d437f9e4957b84b.exe,MALWARE,0.9999
/home/heph/Documents/code/ransom/new/mb_dataset/samples/2604647c72f4ad3287edf8660af40fba21ed4bfd4b74a0b8d1a57c163c272c8f.exe,MALWARE,0.9999
/home/heph/Documents/code/ransom/new/mb_dataset/samples/c6f0810b4ca4c2e70a07eddcbd14459e875deced05f5619dfd4df6f49a2130a9.exe,MALWARE,0.9999
/home/heph/Documents/code/ransom/new/mb_dataset/samples/62bdc536263d92e4fbb3a98cd2c7c554c0f15608566f6b190ccd3feef8907d45.exe,MALWARE,0.9999
/home/heph/Documents/code/ransom/new/mb_dataset/samples/efb1e519d5a9d527a474eb694ba20dc7589a0cd7347941185a6276d76d0c8f34.exe,MALWARE,0.9999
/home/heph/Documents/code/ransom/new/mb_dataset/samples/7210e765a1076443d68f12d79b3eea55f3dbabfcb410a6cbfb40d4ee546d9df9.exe,MALWARE,0.9999
/home/heph/Documents/code/ransom/new/mb_dataset/samples/cdc9f6db38735ea160b075611a5ff62fdfe572f543a59f5170856e067fbf5112.exe,MALWARE,0.9999
/home/heph/Documents/code/ransom/new/mb_dataset/samples/f0e8eeb7582943e3dbb78f3d39e265998e7c82f0ff368603e09382b8f2aa0f80.exe,MALWARE,0.9999
/home/heph/Documents/code/ransom/new/mb_dataset/samples/a4e970733921eff303dbfbfb1067dde5b695248d280e700d04075520d7244a95.exe,MALWARE,0.9616
/home/heph/Documents/code/ransom/new/mb_dataset/samples/087c48ddbd0d6354e6d4b36dbdb98d6a16896f9e58ac68b909b607bc2d989f08.exe,MALWARE,0.9999
/home/heph/Documents/code/ransom/new/mb_dataset/samples/cc1a256f8e1c2dc9dc882236f4aaea17c3573025403e1f1fd428c984b952e549.exe,MALWARE,0.9998
/home/heph/Documents/code/ransom/new/mb_dataset/samples/9f423f06bf449266ddea3e0a3673d1109ff5415f4bcc52303902c57aee9b0b5b.exe,MALWARE,0.9999
/home/heph/Documents/code/ransom/new/mb_dataset/samples/38f8d6a333875ca3ed81b1afb0868326d519f8922f85187cd372a1197130eb0f.exe,MALWARE,0.9999
/home/heph/Documents/code/ransom/new/mb_dataset/samples/a0fb861b99623e2d2a3c3f932142bfa0181562249abbae46fa2f3c2fa20376c2.exe,MALWARE,0.9999
/home/heph/Documents/code/ransom/new/mb_dataset/samples/dbeda9027eb297f2ff6000263b31e89e75ca860b9ec630c29ee6bb115d9c38ae.exe,MALWARE,0.9999
/home/heph/Documents/code/ransom/new/mb_dataset/samples/036806c810e1f9446db3e9429f0f25670ad65240cd24f7f0162794938da57d3c.exe,MALWARE,0.9855
/home/heph/Documents/code/ransom/new/mb_dataset/samples/eaf5e26c5e73f3db82cd07ea45e4d244ccb3ec3397ab5263a1a74add7bbcb6e2.exe,MALWARE,0.9999
/home/heph/Documents/code/ransom/new/mb_dataset/samples/6d585ca9b0e2a491b53da4f83319544b95c858f07f906b108e2147e9ac55ed48.exe,MALWARE,0.9999
/home/heph/Documents/code/ransom/new/mb_dataset/samples/d91efafa54ee1d2f6d2c5e296f38339d9bbd65949e077d307f20d9e29c614c94.exe,MALWARE,0.9999
/home/heph/Documents/code/ransom/new/mb_dataset/samples/ffc8d344feea894671e41b1220888aee2bb58e040dc7460b706dcfa6547e67b9.exe,MALWARE,0.9999
/home/heph/Documents/code/ransom/new/mb_dataset/samples/8ee52992c73014f53b7efcdb77073db9f3df80be07bb9d91b974cd33936f0b13.exe,MALWARE,0.9999
/home/heph/Documents/code/ransom/new/mb_dataset/samples/39b3c82b1e7e5626e380a53df4ccb52f3002749447cfab362b8ec217189a0fd5.exe,MALWARE,0.9999
/home/heph/Documents/code/ransom/new/mb_dataset/samples/99a2b79a4231806d4979aa017ff7e8b804d32bfe9dcc0958d403dfe06bdd0532.exe,MALWARE,0.9999
/home/heph/Documents/code/ransom/new/mb_dataset/samples/60bdfecd1de9cc674f4cd5dd42d8cb3ac478df058e1962f0f43885c14d69e816.exe,MALWARE,0.9992
/home/heph/Documents/code/ransom/new/mb_dataset/samples/d32e87c4b81738b45db582db8293293096637f5d50af7dd5d9a0162a0747498a.exe,MALWARE,0.9999
/home/heph/Documents/code/ransom/new/mb_dataset/samples/68d860e3612d07a3976768c1365f797647ce95aa85ef42d7de7836cb071ee9c5.exe,MALWARE,0.9999
/home/heph/Documents/code/ransom/new/mb_dataset/samples/bd769bcddca63924dc3ac02395a037bf1bd88ab3bcef62331cbfbd086b52813b.exe,MALWARE,0.9999
/home/heph/Documents/code/ransom/new/mb_dataset/samples/da653c075ddd322d4cf1e285a47cb91ddb0b6de06dfbc252eec57ea9bb50cb48.exe,MALWARE,0.9971
/home/heph/Documents/code/ransom/new/mb_dataset/samples/87e3af6eb3bd9f6966c598106e3febb59a5a0d1fd94238aa465fb0c31729e3c3.exe,MALWARE,0.9999
/home/heph/Documents/code/ransom/new/mb_dataset/samples/1c4dbb8e28d0d219785c45408548ce15cd92c032f2a20f5f5c32e1d12eb50509.exe,MALWARE,0.9999
/home/heph/Documents/code/ransom/new/mb_dataset/samples/841e619a0e57780663987feaaac1e623160cd534aa263c563423edcb91cafcc6.exe,MALWARE,0.9999
/home/heph/Documents/code/ransom/new/mb_dataset/samples/81ae89d9796270678a807eb8a473439224a742ccae22dccc66c3d3464b05995a.exe,MALWARE,0.9999
/home/heph/Documents/code/ransom/new/mb_dataset/samples/921ed2a30e17fc6d7e9da74d64485ae8a40c95caa40e5108da51ad3c40599978.exe,MALWARE,0.9986
/home/heph/Documents/code/ransom/new/mb_dataset/samples/2c4e60573ce8f55ba70b6d076347910908afc1a23502e942023de11ad069987d.exe,MALWARE,1.0
/home/heph/Documents/code/ransom/new/mb_dataset/samples/595142ac0ecaf32e5cd9a477f440bac99b52dcc6c2fa083424d5007fdf0caeec.exe,MALWARE,0.9997
/home/heph/Documents/code/ransom/new/mb_dataset/samples/9959b5fadafebdc8cd15a2a8f1efd7c976da5036d984179a04946d8b86fdd049.exe,MALWARE,0.9997
/home/heph/Documents/code/ransom/new/mb_dataset/samples/8c4d2db730c5f364de55c6b84367846f102bd8dc9f378fd3829be0f6af5046b0.exe,MALWARE,0.9998
/home/heph/Documents/code/ransom/new/mb_dataset/samples/a75eae0a77fec3c7bfdcca66649af39741e935efc3fa6252ca43da676c3de8a6.exe,MALWARE,0.9998
/home/heph/Documents/code/ransom/new/mb_dataset/samples/777177561512d13714d03f1378f9529934bc2a2437b525b31e7c95982b2f77cd.exe,MALWARE,0.9696
/home/heph/Documents/code/ransom/new/mb_dataset/samples/842c60b5f55e2e62638347c95e73f85d042492cc77dfe97df81f8850a14411c1.exe,MALWARE,0.9635
/home/heph/Documents/code/ransom/new/mb_dataset/samples/741546a4b3884dccf5435507da737f07ef62a6a6afb8905bb72854e1ace5e252.exe,MALWARE,0.9939
/home/heph/Documents/code/ransom/new/mb_dataset/samples/6abe61bfd96d5a52d4c03aa94a237bc300b440b15ffad0ffcf161c33de58be6a.exe,MALWARE,0.9999
/home/heph/Documents/code/ransom/new/mb_dataset/samples/19c54b520e8f6def1aab0c48fcdbac5962a0ec57442a3a015a0f860a76115718.exe,MALWARE,0.9999
/home/heph/Documents/code/ransom/new/mb_dataset/samples/08faab44c35e864b94c2170611741c22f5cf6f6f21ff88c7abb8baeb97496818.exe,MALWARE,0.9999
/home/heph/Documents/code/ransom/new/mb_dataset/samples/210c8271902f2984572936ee45db20f842841269c287c4e7e74996df91dff3ae.exe,MALWARE,0.9868
/home/heph/Documents/code/ransom/new/mb_dataset/samples/ccf870c70de4cc412a00deb5f93ad56f4a7b6ad38b8574c31b121759b1745502.exe,MALWARE,0.9997
/home/heph/Documents/code/ransom/new/mb_dataset/samples/f8d1e3127dc6b74bcc1ff5c5c147c0f3f8870bae098f2455a89b6162cf2d9e0f.exe,MALWARE,0.9997
/home/heph/Documents/code/ransom/new/mb_dataset/samples/0077e7d6e90ad972b64e90c343c617482f39505deff44ebff99ff49041252dcb.exe,MALWARE,0.9998
/home/heph/Documents/code/ransom/new/mb_dataset/samples/f19a795a01ec22eb27174da923ca0721e22baa7f0982059b0e644c76b6154a3f.exe,MALWARE,0.9998
/home/heph/Documents/code/ransom/new/mb_dataset/samples/be69a27ea4cea45c49e75a0eb57cd503190d08eb97184c492c084a822e29374e.exe,MALWARE,0.9997
/home/heph/Documents/code/ransom/new/mb_dataset/samples/2918ebcbf06f5816d68ababd97c249ba3cf79d4bfab199761d6cfa40c10c1d60.exe,MALWARE,0.9999
/home/heph/Documents/code/ransom/new/mb_dataset/samples/2f7ab4f79c6c0c2095d1964c414eb28c6e9513d6cfd1c01455c0c373d081290d.exe,MALWARE,0.9999
/home/heph/Documents/code/ransom/new/mb_dataset/samples/b924bd60cc419ee92e7c55cb20eb5fe43e2a9c440b5d6ed8b78446bbd180795c.exe,MALWARE,0.9998
/home/heph/Documents/code/ransom/new/mb_dataset/samples/117fc30c25b1f28cd923b530ab9f91a0a818925b0b89b8bc9a7f820a9e630464.exe,MALWARE,0.9999
/home/heph/Documents/code/ransom/new/mb_dataset/samples/43d8c0c1c5f1343775230e0a039a141dbec618a1ae0edaa27893274bf189718c.exe,MALWARE,0.9998
/home/heph/Documents/code/ransom/new/mb_dataset/samples/ca4f64a4b97c079e3835b30d39b8d0ed3dec2994f98e11c3aeb6b3130a00903b.exe,MALWARE,0.998
/home/heph/Documents/code/ransom/new/mb_dataset/samples/0787ae2c43d3a8d3f69ab3d69692f789e0b4fa27b276e072ca44a82074477e34.exe,MALWARE,0.9999
/home/heph/Documents/code/ransom/new/mb_dataset/samples/a14c357821311e9c07a8c025e13f930294e3a2d0363e2f7bd7d37124fa7a5675.exe,MALWARE,0.9993
/home/heph/Documents/code/ransom/new/mb_dataset/samples/bea23a43516196082bad5c47784233b3ee0b4b0217384a74781616dadd84db50.exe,MALWARE,0.9982
/home/heph/Documents/code/ransom/new/mb_dataset/samples/99d32bfd135a2a1575b0f83a31a0ab817a6a4fe329f3e05bebdb73c26f988658.exe,MALWARE,0.9999
/home/heph/Documents/code/ransom/new/mb_dataset/samples/cbdfac8826b8d6eb2c5f01fd617d72a62c63fd4458f10cdd8ce5b16db530dfe7.exe,MALWARE,0.9999
/home/heph/Documents/code/ransom/new/mb_dataset/samples/a738f6016086abdd2824b797ec67feee3bc39d52b0b0ae94bd1384c58ed3d5d6.exe,MALWARE,0.9997
/home/heph/Documents/code/ransom/new/mb_dataset/samples/12c1faf03d13bcff2c86412ba517f479d43a7030307f37e3af344ec1eb80da42.exe,MALWARE,0.9992
/home/heph/Documents/code/ransom/new/mb_dataset/samples/1ae58396525d6ffc72b14719d1d5aeac7bd2168f5a726aa038fb1d15b3c1bad3.exe,MALWARE,0.9991
/home/heph/Documents/code/ransom/new/mb_dataset/samples/e434ec347a8ea1f0712561bccf0153468a943e16d2cd792fbc72720bd0a8002e.exe,MALWARE,0.9991
/home/heph/Documents/code/ransom/new/mb_dataset/samples/011c781cef00e6451e27af18a558c3b12fef80f9f49355add6f02b5f900a3e82.exe,MALWARE,0.9998
/home/heph/Documents/code/ransom/new/mb_dataset/samples/5e6c5a9fda2d20125f6f24e37e8a217a39ff0a5cfddc07ddfdb18049d9ea4597.exe,MALWARE,0.9996
/home/heph/Documents/code/ransom/new/mb_dataset/samples/8b6d63b2b7829c89877231c11bbcb8984abab9a344e918780bea6d0cf4632bc5.exe,MALWARE,0.9999
/home/heph/Documents/code/ransom/new/mb_dataset/samples/65ca7ba84aab380f567de480f63624c3443c26b0df33d8b4869132c6640bcec3.exe,MALWARE,0.9999
/home/heph/Documents/code/ransom/new/mb_dataset/samples/2413841b2f5f656e269f61644d3957847b199107bb6b141c3208a03df59f0759.exe,MALWARE,0.9999
/home/heph/Documents/code/ransom/new/mb_dataset/samples/1354254499b2e3353708747d36c334074f40c1f726ea7590384f2192c972f8c3.exe,MALWARE,0.9999
/home/heph/Documents/code/ransom/new/mb_dataset/samples/11129aad3b5baa1d118ec0ee3922278c194e43f6e2f0fcef221c65e5f4490d3b.exe,MALWARE,0.9997
/home/heph/Documents/code/ransom/new/mb_dataset/samples/723d1cf3d74fb3ce95a77ed9dff257a78c8af8e67a82963230dd073781074224.exe,MALWARE,0.9997
/home/heph/Documents/code/ransom/new/mb_dataset/samples/df5b004be71717362e6b1ad22072f9ee4113b95b5d78c496a90857977a9fb415.exe,MALWARE,0.9999
/home/heph/Documents/code/ransom/new/mb_dataset/samples/2558d0817586306d0ddf7beadd371785cd0a0b7ed860ac62760dbbc92866008a.exe,MALWARE,0.9965
/home/heph/Documents/code/ransom/new/mb_dataset/samples/e28188e516db1bda9015c30de59a2e91996b67c2e2b44989a6b0f562577fd757.exe,MALWARE,0.7008
/home/heph/Documents/code/ransom/new/mb_dataset/samples/c4c8be0c939e4c24e11bad90549e3951b7969e78056d819425ca53e87af8d8ed.exe,MALWARE,0.6901
/home/heph/Documents/code/ransom/new/mb_dataset/samples/350ba7fca67721c74385faff083914ecdd66ef107a765dfb7ac08b38d5c9c0bd.exe,MALWARE,0.8652
/home/heph/Documents/code/ransom/new/mb_dataset/samples/aa7ef4bb8d0eab74af36162fe42056008d7e19e62ff1b50b870e72140a7b5bd2.exe,MALWARE,0.9999
/home/heph/Documents/code/ransom/new/mb_dataset/samples/d943a4aabd76582218fd1a9a0a77b2f6a6715b198f9994f0feae6f249b40fdf9.exe,MALWARE,0.9999
/home/heph/Documents/code/ransom/new/mb_dataset/samples/cce74c82a718be7484abf7c51011793f2717cfb2068c92aa35416a93cbd13cfa.exe,MALWARE,0.9999
/home/heph/Documents/code/ransom/new/mb_dataset/samples/c532d28f9700abba1a4803c3a9d886c8c4fb26f84cf2399c533d68cfdcec4fa7.exe,MALWARE,0.9949
/home/heph/Documents/code/ransom/new/mb_dataset/samples/affcb453760dbc48b39f8d4defbcc4fc65d00df6fae395ee27f031c1833abada.exe,MALWARE,0.9999
/home/heph/Documents/code/ransom/new/mb_dataset/samples/a9503a3d998e705c37d3bec7fea0ff188bcf7e753833c8b4b195e590c4ed9625.exe,MALWARE,0.9997
/home/heph/Documents/code/ransom/new/mb_dataset/samples/15abbff9fbce7f5782c1654775938dcd2ce0a8ebd683a008547f8a4e421888c4.exe,MALWARE,0.9999
/home/heph/Documents/code/ransom/new/mb_dataset/samples/a083060d38984e7c6f36dcd2c57ec1aa3f50f9c201c8538257c8cbf2b3217e96.exe,MALWARE,0.9999
/home/heph/Documents/code/ransom/new/mb_dataset/samples/03309c90e6c60a2e3cd44374efa3003ae10cd9e05ba6a39c77aa5289b32cb969.exe,MALWARE,0.9999
/home/heph/Documents/code/ransom/new/mb_dataset/samples/cf1256ae391410f7ebc785d180eb03ff36135cf8f9051b6d8c803386abdafb78.exe,MALWARE,0.9999
/home/heph/Documents/code/ransom/new/mb_dataset/samples/9a55f55886285eef7ffabdd55c0232d1458175b1d868c03d3e304ce7d98980bc.exe,MALWARE,0.9999
/home/heph/Documents/code/ransom/new/mb_dataset/samples/699aaea1598a034cde7ed88cd8a8a36fd59447e09bddef566357061774c48a76.exe,MALWARE,0.9999
/home/heph/Documents/code/ransom/new/mb_dataset/samples/48976d7bf38cca4e952507e9ab27e3874ca01092eed53d0fde89c5966e9533bb.exe,MALWARE,0.9999
/home/heph/Documents/code/ransom/new/mb_dataset/samples/ae7c868713e1d02b4db60128c651eb1e3f6a33c02544cc4cb57c3aa6c6581b6e.exe,MALWARE,0.9999
/home/heph/Documents/code/ransom/new/mb_dataset/samples/7883f01096db9bcf090c2317749b6873036c27ba92451b212b8645770e1f0b8a.exe,MALWARE,0.9999
/home/heph/Documents/code/ransom/new/mb_dataset/samples/17205c43189c22dfcb278f5cc45c2562f622b0b6280dcd43cc1d3c274095eb90.exe,MALWARE,0.9999
/home/heph/Documents/code/ransom/new/mb_dataset/samples/5d2204f3a20e163120f52a2e3595db19890050b2faa96c6cba6b094b0a52b0aa.exe,MALWARE,0.9999
/home/heph/Documents/code/ransom/new/mb_dataset/samples/beef7e428f26c583dd92962cbe886f2e4286825a1637b7a427ce84139ab6307a.exe,MALWARE,0.9999
/home/heph/Documents/code/ransom/new/mb_dataset/samples/f484f919ba6e36ff33e4fb391b8859a94d89c172a465964f99d6113b55ced429.exe,MALWARE,0.9999
/home/heph/Documents/code/ransom/new/mb_dataset/samples/3f943430b49481aca6f57051ed0ced1a08038373f063afdd2423d8d72b19b545.exe,MALWARE,0.9999
/home/heph/Documents/code/ransom/new/mb_dataset/samples/bc381dbeff70b5869fa737860c8cd8a8684cc768981beb55543499efcd32bab7.exe,MALWARE,0.9999
/home/heph/Documents/code/ransom/new/mb_dataset/samples/9c7e55441fa5a460320dce5005358d820aec2386982fb3d77d52ce89b3d59744.exe,MALWARE,0.9988
/home/heph/Documents/code/ransom/new/mb_dataset/samples/952fec5f9e7137951700d7e4239728f903e360b3fdb0332deb9448bdc31c2f3f.exe,MALWARE,0.9935
/home/heph/Documents/code/ransom/new/mb_dataset/samples/dd101db5d9503f33a0c23d79da3642e999375748f7c1532e98c813b114bdfa1a.exe,MALWARE,0.9999
/home/heph/Documents/code/ransom/new/mb_dataset/samples/006ae41910887f0811a3ba2868ef9576bbd265216554850112319af878f06e55.exe,MALWARE,0.9999
/home/heph/Documents/code/ransom/new/mb_dataset/samples/fe9ce5213926fe31b6d7f6f9411ecbad6e088f122b2d33d4ceb54410ccf8182f.exe,MALWARE,0.9999
/home/heph/Documents/code/ransom/new/mb_dataset/samples/fe210ab25c1e0f651a93f0f4c5f64091e0e3d45ba80924d9c5dca8339dd3024b.exe,MALWARE,0.9999
/home/heph/Documents/code/ransom/new/mb_dataset/samples/636feebdc134785412571bf29231038768c81ddee60ddd15e7d928754011f898.exe,MALWARE,0.9999
/home/heph/Documents/code/ransom/new/mb_dataset/samples/31c3574456573c89d444478772597db40f075e25c67b8de39926d2faa63ca1d8.exe,MALWARE,0.9987
/home/heph/Documents/code/ransom/new/mb_dataset/samples/56e1d092c07322d9dad7d85d773953573cc3294b9e428b3bbbaf935ca4d2f7e7.exe,MALWARE,0.9994
/home/heph/Documents/code/ransom/new/mb_dataset/samples/c966ace15bece19a119231dfaa2494f14200647fc7cb225667fb22cbb41436fd.exe,MALWARE,0.9999
/home/heph/Documents/code/ransom/new/mb_dataset/samples/84cc889ff7286bccfe7d76a92565a8c1404cfee4fd6cfb22139ddaa5c11d9508.exe,MALWARE,0.9999
/home/heph/Documents/code/ransom/new/mb_dataset/samples/3a6d5694eec724726efa3327a50fad3efdc623c08d647b51e51cd578bddda3da.exe,MALWARE,0.9999
/home/heph/Documents/code/ransom/new/mb_dataset/samples/6b807f9f7c8f24f436b0bab25cb38583bf4c051ea779fcdbb215af8a9a7f64de.exe,MALWARE,0.9999
/home/heph/Documents/code/ransom/new/mb_dataset/samples/91a3b832564a9b29685b393c8bda9925a7da87fd3958625980da06f80f76109d.exe,MALWARE,0.9999
/home/heph/Documents/code/ransom/new/mb_dataset/samples/4d4df87cf8d8551d836f67fbde4337863bac3ff6b5cb324675054ea023b12ab6.exe,MALWARE,0.9999
/home/heph/Documents/code/ransom/new/mb_dataset/samples/49c9b3ddbce1f77a7f01a660c56f48c0d733a7e807f95caca2dee12a204974ef.exe,MALWARE,0.9999
/home/heph/Documents/code/ransom/new/mb_dataset/samples/13d9213ef48c184747cdbcb8745d55d6ddb696b7afc85e88575812550f3d43f3.exe,MALWARE,0.9999
/home/heph/Documents/code/ransom/new/mb_dataset/samples/1b959e41db4271c409661aeba6374239d24ac7fd694eca1770c0ecc96f131702.exe,MALWARE,0.9494
/home/heph/Documents/code/ransom/new/mb_dataset/samples/14d9a80ea9ba9832b7f1a21df6845813f44a13d01ea80fc38393c13d1e0d58f1.exe,MALWARE,0.8358
/home/heph/Documents/code/ransom/new/mb_dataset/samples/b091e38b4cdf341c2733c6e8c2199afd4ee05fc9f921a37c8e555198f1ec2e12.exe,MALWARE,0.9999
/home/heph/Documents/code/ransom/new/mb_dataset/samples/a1211549b4e1a7befd953d03b4d929b3dc9f25ec6c1bc9c05ae92a0ec08fb77c.exe,CLEAN,0.0267
/home/heph/Documents/code/ransom/new/mb_dataset/samples/51b8a283f87a95edb5e98125e5730bcf843fc7ec8fcdc175c8dc0ba3032e8a51.exe,MALWARE,0.9999
/home/heph/Documents/code/ransom/new/mb_dataset/samples/f0c2c9663215a97b04f1f97cb34c99c2cf06ba502fd1f1ad4922ead45fa442a6.exe,MALWARE,1.0
/home/heph/Documents/code/ransom/new/mb_dataset/samples/05b51b5f41e483020d14126522a13c69b75e5cbb093a78980877bb60cf778873.exe,MALWARE,1.0
/home/heph/Documents/code/ransom/new/mb_dataset/samples/8e797fff8fae9afb216b81ae341aac9f05f419061075b0f6ce4c0c7a67f458a4.exe,MALWARE,1.0
/home/heph/Documents/code/ransom/new/mb_dataset/samples/860154eb48c722136e8c84b14a528be602aa6bc3de77523ea4d9490f280f69d7.exe,MALWARE,1.0
/home/heph/Documents/code/ransom/new/mb_dataset/samples/fb1fc5323853e3289c41b4df3851cda88462ce954c2b9c7102c5a363dfa8166d.exe,MALWARE,1.0
/home/heph/Documents/code/ransom/new/mb_dataset/samples/3518195c256aa940c607f8534c91b5a9cd453c7417810de3cd4d262e2906d24f.exe,MALWARE,0.9999
/home/heph/Documents/code/ransom/new/mb_dataset/samples/b183b142d3c4e99ee07c3407b82858146fa61ded95be2e67ce920c8002309fb0.exe,MALWARE,0.9899
/home/heph/Documents/code/ransom/new/mb_dataset/samples/5b3a0b1b89ca463f56984cf67ea1719f1ddee770d1e14438e3fcf9b5301f2c83.exe,MALWARE,0.9899
/home/heph/Documents/code/ransom/new/mb_dataset/samples/f06b905626d742ec5a1eab8027d9097b74fd0413a901d0599eac8555d1f89e50.exe,MALWARE,0.9999
/home/heph/Documents/code/ransom/new/mb_dataset/samples/a0d4d52885b654cbfeefd194359936072133519c2bc7e8f68b7b668e59c67b94.exe,MALWARE,0.9999
/home/heph/Documents/code/ransom/new/mb_dataset/samples/3c3db3c02a4d04dcafdc71adb8779b787d31142ffeb9ae0e638f979594897cbf.exe,MALWARE,0.9999
/home/heph/Documents/code/ransom/new/mb_dataset/samples/9097ab2b2b71f3ea0cf8c9271224b6227e9aa2545ae23d4621f122bdb99c77b8.exe,MALWARE,0.9999
/home/heph/Documents/code/ransom/new/mb_dataset/samples/d5c2f87033a5baeeb1b5b681f2c4a156ff1c05ccd1bfdaf6eae019fc4d5320ee.exe,MALWARE,0.9999
/home/heph/Documents/code/ransom/new/mb_dataset/samples/258ddd78655ac0587f64d7146e52549115b67465302c0cbd15a0cba746f05595.exe,MALWARE,0.9999
/home/heph/Documents/code/ransom/new/mb_dataset/samples/a40b815afce131df6d4bc3f389cb64b742f545481119d3ecb78dda22e546a41a.exe,MALWARE,0.9899
/home/heph/Documents/code/ransom/new/mb_dataset/samples/d7ba9881345d71862a68080d210643e2c2d3e17fd13065385edcd3b3391898c3.exe,MALWARE,0.9899
/home/heph/Documents/code/ransom/new/mb_dataset/samples/4e4a77c25c914d070b2d3d968bca4206accd099e1031c6d6019ddbe768781e5e.exe,MALWARE,0.8353
/home/heph/Documents/code/ransom/new/mb_dataset/samples/d908e4fef54e64e1e5d8a2a91851a2f5794a2ba625690e8e30911ca06f9d2b8b.exe,MALWARE,0.9912
/home/heph/Documents/code/ransom/new/mb_dataset/samples/c9920e995fbc98cd3883ef4c4520300d5e82bab5d2a5c781e9e9fe694a43e82f.exe,SUSPICIOUS,0.5969
/home/heph/Documents/code/ransom/new/mb_dataset/samples/a864282fea5a536510ae86c77ce46f7827687783628e4f2ceb5bf2c41b8cd3c6.exe,MALWARE,0.9999
/home/heph/Documents/code/ransom/new/mb_dataset/samples/cf44aa11a17b3dad61cae715f4ea27c0cbf80732a1a7a1c530a5c9d3d183482a.exe,CLEAN,0.0413
/home/heph/Documents/code/ransom/new/mb_dataset/samples/e4cc2defb76cc6de37d43151b02e5b8b5f546bfd1dd6d703e30e0c046ec9d320.exe,MALWARE,0.9921
/home/heph/Documents/code/ransom/new/mb_dataset/samples/0400e0f6d0075051aa9e2e1186fe0d79739e8441827a9942148b5a24931e3f2c.exe,MALWARE,0.9999
/home/heph/Documents/code/ransom/new/mb_dataset/samples/ea4a4e522a3fcd147bf528274acd9a203782737a9abac427ed1e6ee88ab3880b.exe,MALWARE,0.9999
/home/heph/Documents/code/ransom/new/mb_dataset/samples/49cbdcc5fd20aefdb5e1415e1c8a1132e9a25e4c0ca97ca0d25f04aa23fe605c.exe,MALWARE,0.9999
/home/heph/Documents/code/ransom/new/mb_dataset/samples/589e188602c4a24c68bc095c1105894a5e97e1df6218eaead89b7ab9a4e88eac.exe,MALWARE,0.9999
/home/heph/Documents/code/ransom/new/mb_dataset/samples/64a45b42204cf4412dc2891368a4b72670642a008b13f3d99f6d3d42de95a842.exe,MALWARE,0.997
/home/heph/Documents/code/ransom/new/mb_dataset/samples/509c5bf724b0d3bc60cdc93c1b0f1e6710cf23edb2293d670cb8bdeaa5ac7e6f.exe,MALWARE,0.9997
/home/heph/Documents/code/ransom/new/mb_dataset/samples/2e96b64287a0b741837c9f8179e8e1596d0f854d66108b38e4b84cc71c02e6c3.exe,MALWARE,0.9978
/home/heph/Documents/code/ransom/new/mb_dataset/samples/1c16b204dd52d4d3fab6113f20a43c29ff74db2746798b88bfd8f4214ac95cc5.exe,MALWARE,0.9997
/home/heph/Documents/code/ransom/new/mb_dataset/samples/44a2da6fb4272c984a16d9b8b281095fcdde2ffd26a6039762fd2db0d8d97a46.exe,MALWARE,0.9972
/home/heph/Documents/code/ransom/new/mb_dataset/samples/0ca0d8c1c18a4fc5691eb6d5e75a025d3d8342ba2276d5f780a8bd8fca17436d.exe,MALWARE,0.9998
/home/heph/Documents/code/ransom/new/mb_dataset/samples/bfb9db791b8250ffa8ebc48295c5dbbca757a5ed3bbb01de12a871b5cd9afd5a.exe,MALWARE,0.9961
/home/heph/Documents/code/ransom/new/mb_dataset/samples/ced2d4066c41d15d582fbe64c417d0d38c3696f0979b3fc4a4cc1db8a0332b07.exe,MALWARE,0.8972
/home/heph/Documents/code/ransom/new/mb_dataset/samples/fb10e795c0524ae59fe3f3c7e234c0f2a3650ea9a92e8774dc8225ede9e0bf70.exe,MALWARE,0.8972
/home/heph/Documents/code/ransom/new/mb_dataset/samples/2e1646e5bcff7912bdb34118fdd625c6b858b0a13c8ad01e38e457cb3673176e.exe,MALWARE,0.9997
/home/heph/Documents/code/ransom/new/mb_dataset/samples/f0aaba0b2b0103de760ac304e936b4a1cb0ce006e417628253f29b4f220328d2.exe,MALWARE,0.9939
/home/heph/Documents/code/ransom/new/mb_dataset/samples/ec6a7a8737c807b3c74990ca2d8b57774841211d58d36182ed2a718f4e051dc3.exe,MALWARE,0.9998
/home/heph/Documents/code/ransom/new/mb_dataset/samples/0085f13770b5b1ef96b1f5b57474c44f4a21ae8befef06a17cd254f75a071ec2.exe,MALWARE,0.9999
/home/heph/Documents/code/ransom/new/mb_dataset/samples/f36d6537e689d31096888db7d3e0dce1709dd8ed429fc5d3d4d44785021ba04f.exe,MALWARE,0.9943
/home/heph/Documents/code/ransom/new/mb_dataset/samples/df5920fa7e08cc7dad0882020b524f88ebc9579780a58b0b431ee36e0e3074a6.exe,MALWARE,0.9995
/home/heph/Documents/code/ransom/new/mb_dataset/samples/7c91058133a449a21c3032d23853121b90fc990a8f5a33e8eb12497230a49399.exe,MALWARE,0.9999
/home/heph/Documents/code/ransom/new/mb_dataset/samples/c14ebfc076f06e2194587fd7246a520c648f78c4ed730be88c6f6deb0ae1f70a.exe,MALWARE,0.9999
/home/heph/Documents/code/ransom/new/mb_dataset/samples/a4fc5a4d4ab1c6834e63f2e3d7e9dcd5e874357c0cb5673215e97d67752b4a8f.exe,MALWARE,0.9999
/home/heph/Documents/code/ransom/new/mb_dataset/samples/01aabfaa4177d8d4953a65e8c0d92df98d5eb9a3b8d557a369301660a252f550.exe,MALWARE,0.9999
/home/heph/Documents/code/ransom/new/mb_dataset/samples/e041f63cab919d1af8614fb83b362cbff733bd06bc89d30cd04dcea3fac8651f.exe,MALWARE,0.9978
/home/heph/Documents/code/ransom/new/mb_dataset/samples/f955035242ffa9bde3904e1c51b491ba81b76e16e912c5ed292efcaf55b04c1b.exe,MALWARE,0.9999
/home/heph/Documents/code/ransom/new/mb_dataset/samples/a9904c2337a9da922093cc51e185dc1ef2744db6ccacf46968b36698ce6a0f1d.exe,MALWARE,0.9999
/home/heph/Documents/code/ransom/new/mb_dataset/samples/87bde727af7beabcb4d733a41d258ee407d6e977e78c06a96ba2295431d53c23.exe,MALWARE,0.9999
/home/heph/Documents/code/ransom/new/mb_dataset/samples/30912041c72281740598d2d6c5f70ae678d310395930bcd98fb2719868fb6bb4.exe,MALWARE,0.9999
/home/heph/Documents/code/ransom/new/mb_dataset/samples/675591f18082fb33fb2f99bdb605d1cb0e1a4131f90f47021242679d71299733.exe,MALWARE,0.9999
/home/heph/Documents/code/ransom/new/mb_dataset/samples/c37c47b83d1329ff325d7366f244ed71b6d00d1c9744fd79ce8af8239eee39d1.exe,MALWARE,0.9999
/home/heph/Documents/code/ransom/new/mb_dataset/samples/9151656aa3199f9357335d5f72d5ed7d5c7cb0e140a7567e4482322bb0d4e195.exe,MALWARE,0.9999
/home/heph/Documents/code/ransom/new/mb_dataset/samples/b62795206314c3ae1ace8aa4b5b7721e02228609767b23aae504cf29722b0adf.exe,MALWARE,0.9999
/home/heph/Documents/code/ransom/new/mb_dataset/samples/a10fef39a1053e601ce8faf3e641cbb498424355f16f54ed13011138a63bf8ad.exe,MALWARE,0.9999
/home/heph/Documents/code/ransom/new/mb_dataset/samples/a78366e68d6a773d6fb0bde6650c0bf30de13ccee56257ce2d80943b935dd4eb.exe,MALWARE,0.9999
/home/heph/Documents/code/ransom/new/mb_dataset/samples/d9f6f27110bfa5ba6be14ad5361d1fa53bd1615ee2a5ea860e939a3a22599ad7.exe,MALWARE,0.9999
/home/heph/Documents/code/ransom/new/mb_dataset/samples/48ce4be850c2fc89813d924122fe1994f0c760753032d2fc65098084f5f0d65a.exe,MALWARE,0.9999
/home/heph/Documents/code/ransom/new/mb_dataset/samples/1e56efa7243a1d6456e47a8736751a3e338c837a1f1e27da3ca804544df41fba.exe,MALWARE,0.9999
/home/heph/Documents/code/ransom/new/mb_dataset/samples/4bfc0214e7fa9f8aa864cbc8956fa3ffcbc9932a37863fee6217e42a3105ebaa.exe,MALWARE,0.9999
/home/heph/Documents/code/ransom/new/mb_dataset/samples/69d85dc2b6dd936312d5533878926709eaf60bacb54251c4fa035aa9fd8f64e2.exe,MALWARE,0.9999
/home/heph/Documents/code/ransom/new/mb_dataset/samples/b79e2e71a34db04466e40c11534e6b997210c52f4b28135c5336216b7f025236.exe,MALWARE,0.9999
/home/heph/Documents/code/ransom/new/mb_dataset/samples/0a20f03af50d14404b349279b3dc20886b1bf91419ede3f1b0c7fbdda579ae77.exe,MALWARE,0.9999
/home/heph/Documents/code/ransom/new/mb_dataset/samples/39213ba291c04a7c2092a8a0654c6bdf39da7ba769bc3a233de8882f5d597b01.exe,MALWARE,0.9999
/home/heph/Documents/code/ransom/new/mb_dataset/samples/63ead7101148bab37e009da2b9969da6afcf47fffef3c2e09382ca17e0162015.exe,MALWARE,0.9999
/home/heph/Documents/code/ransom/new/mb_dataset/samples/9c85397c39f7799687df61ffe6ea85231d6c7e02da9f8bb768d8d2681eec6d59.exe,MALWARE,0.9999
/home/heph/Documents/code/ransom/new/mb_dataset/samples/2c467cc6bed546dc5adae1df0833767883142b3dca9b757a414c21b5ccd15ad5.exe,MALWARE,0.9999
/home/heph/Documents/code/ransom/new/mb_dataset/samples/2cf5bd986cf3cf6cae8b5e4d163fc923d34abad5f82a456234aa1ca3b3327a19.exe,MALWARE,0.9999
/home/heph/Documents/code/ransom/new/mb_dataset/samples/c70e202d0c52ae681146d15d0975cb1ed4ec035b88ad61b90c4ddb75ff199b89.exe,MALWARE,0.9999
/home/heph/Documents/code/ransom/new/mb_dataset/samples/d25dec749477ee6c6e2af613d0c1a17f77e15125d209b77c9ad0fb286c0e8fa7.exe,MALWARE,0.9999
/home/heph/Documents/code/ransom/new/mb_dataset/samples/0e98661ea680708e9bb55f32131f743811108e826b91cae99d69a8fc1856d429.exe,MALWARE,0.9999
/home/heph/Documents/code/ransom/new/mb_dataset/samples/d2c20ab1e54ccdc9e2700198f8f8089a517db68ac84fb3ae84e494bb3ea29f12.exe,MALWARE,0.9999
/home/heph/Documents/code/ransom/new/mb_dataset/samples/c817357b6427222d55643a979a3d83e68d3a72d7961381b382bb01ab9947938d.exe,MALWARE,0.9999
/home/heph/Documents/code/ransom/new/mb_dataset/samples/86c7e0f6f14f69b68007b15aa4913673d9aa5715c155f5fb3c56af9b6627aa54.exe,MALWARE,0.9999
/home/heph/Documents/code/ransom/new/mb_dataset/samples/29ee26cd5019c6c89af2b5371a0c15d27890344cff30d0ca8bb8a54b2051b608.exe,MALWARE,0.9999
/home/heph/Documents/code/ransom/new/mb_dataset/samples/8badc6c3510dab62dfd38d2eed58498dfc5db1591dcbec6a189da4898f84eac3.exe,MALWARE,0.9999
/home/heph/Documents/code/ransom/new/mb_dataset/samples/bc0cd1eba2ff99c013c9a139151ba9a2670ac9083b4b915802943f9778593585.exe,MALWARE,0.9999
/home/heph/Documents/code/ransom/new/mb_dataset/samples/9572db826cd8eb447dd13140142c82f9dbfe6a677cd888bae0f0f3cf380ae2ed.exe,MALWARE,0.9999
/home/heph/Documents/code/ransom/new/mb_dataset/samples/02f5c32fa22fdc43924718b66ff5aec3115f5d0e1d7bb873b1cd2440eee016d6.exe,MALWARE,0.9999
/home/heph/Documents/code/ransom/new/mb_dataset/samples/cb4db5e9b7959f23e54e3c0b13fa46b85c22c58b924d01ac936de321488320c6.exe,MALWARE,0.9999
/home/heph/Documents/code/ransom/new/mb_dataset/samples/d443f98f0bb19af85469ae0f7b31201500f1828b5508f12067f674ad413cd0af.exe,MALWARE,0.9999
/home/heph/Documents/code/ransom/new/mb_dataset/samples/147d950b1b1dae647696c71d919d3800c09d21f2c243d638cd5cbd06da32a582.exe,MALWARE,0.9999
/home/heph/Documents/code/ransom/new/mb_dataset/samples/c399e2a4f0cd0ca84bd71e94e243e5e9e72da057e155ccf7db9fbcb7000ac163.exe,MALWARE,0.9999
/home/heph/Documents/code/ransom/new/mb_dataset/samples/52c636e74e510aae81387d2cfbe456d9b2185c85c698766a1a30cf305a214696.exe,MALWARE,0.9999
/home/heph/Documents/code/ransom/new/mb_dataset/samples/ad072d72fbf94dfc8846d7250ce1ad4b3e6226d2070e291d4246c45c23b5610b.exe,MALWARE,0.9999
/home/heph/Documents/code/ransom/new/mb_dataset/samples/e75715cec331e8848e56834721ee6c09f8b8093a74fc591c817139d6c4175eee.exe,MALWARE,0.9999
/home/heph/Documents/code/ransom/new/mb_dataset/samples/d6acd45d436194b8e608537e61adcae5a4e6c422cc49fbcb8266c797e8e7c076.exe,MALWARE,0.9999
/home/heph/Documents/code/ransom/new/mb_dataset/samples/93f736d1ee5874ba49c2d40cea9374b6f62ced5b8c9ebb3f754312e4977174f7.exe,MALWARE,0.9999
/home/heph/Documents/code/ransom/new/mb_dataset/samples/6c1ed5eb1267d95d8a0dc8e1975923ebefd809c2027427b4ead867fb72703f82.exe,MALWARE,0.9999
/home/heph/Documents/code/ransom/new/mb_dataset/samples/7dd561afd40c84ecbb49025a6176ee973b56b1271ac2b25279daa095941283fa.exe,MALWARE,0.9991
/home/heph/Documents/code/ransom/new/mb_dataset/samples/1edc828da884f2b17544ba6609f55bba3c950093528a5e857a23be8ae78fcb36.exe,MALWARE,0.9999
/home/heph/Documents/code/ransom/new/mb_dataset/samples/1fbe885c0747a5735dce3ace377e26521dd11f981e5eda8050a6e8ce5ebc20e4.exe,MALWARE,0.9999
/home/heph/Documents/code/ransom/new/mb_dataset/samples/9c1ac77f687ad2bfe197e4a8f2b969d7caf4f8ddb707177b9461d7e74879ae33.exe,MALWARE,0.9999
/home/heph/Documents/code/ransom/new/mb_dataset/samples/3f82673c5bebf4a1c2595cb052286fac41ac41d8280b3e15d098e764c98f2dcc.exe,MALWARE,0.9999
/home/heph/Documents/code/ransom/new/mb_dataset/samples/3a99fc405bc3f694acf862883caf95687ae32ba5002a7ac1aaf5931ec1895f86.exe,MALWARE,0.9997
/home/heph/Documents/code/ransom/new/mb_dataset/samples/b535d4dc180f666de891979e5d9d090c27d1eb0f252423c0b1911f1f0b9fc5b2.exe,MALWARE,0.9999
/home/heph/Documents/code/ransom/new/mb_dataset/samples/beb84ee59cd2cb966c388c9bfac90889c2f2f094266593bdd2215c56ff2287b5.exe,MALWARE,0.9999
/home/heph/Documents/code/ransom/new/mb_dataset/samples/dbfcb422012cb79f704a4d74430c2af0324ac63ea881b6e710a5a4228e7bd4a1.exe,MALWARE,0.9999
/home/heph/Documents/code/ransom/new/mb_dataset/samples/12b3221e4315f4316195938ce990430ba038f869c8a8f38706b85d93b0e33fb5.exe,MALWARE,0.9999
/home/heph/Documents/code/ransom/new/mb_dataset/samples/b2ef5fdf5a9a9331dbb66fe1f18596864f2cb48ec6b05732cf6ed4e0d4984361.exe,MALWARE,0.9999
/home/heph/Documents/code/ransom/new/mb_dataset/samples/fc89cae4c4b985f224a7e8e33deedcabcbdcf86a5b21e7a88a2f529db9083660.exe,MALWARE,0.9999
/home/heph/Documents/code/ransom/new/mb_dataset/samples/0ddcce08b727ccbbae208459032f010956794a84b7f35e225b5bae927b0f6835.exe,MALWARE,0.9999
/home/heph/Documents/code/ransom/new/mb_dataset/samples/0607034a90e6e2e2d718f5c1494c2740346d0fff288f15da99ee544f9b6c9c17.exe,MALWARE,0.9999
/home/heph/Documents/code/ransom/new/mb_dataset/samples/0a6c62c139aa9baf898add2a10fada3d49f78b3089507b84e613868242e169b8.exe,MALWARE,0.9999
/home/heph/Documents/code/ransom/new/mb_dataset/samples/0f5ace8adbaf1f05d0f5765166537ff4b77ea9f038cffbc08c16afd4cc869972.exe,MALWARE,0.9999
/home/heph/Documents/code/ransom/new/mb_dataset/samples/27111a1c877e90a66e6ad29c2f94d05f03659d8e7c1e6d37ec2efadfd1c055a5.exe,MALWARE,0.9999
/home/heph/Documents/code/ransom/new/mb_dataset/samples/356bc09d9031765a64dbb97d5b5ece70ff65ee892e6fd45baf91c0faa1fa291a.exe,MALWARE,0.9999
/home/heph/Documents/code/ransom/new/mb_dataset/samples/f85399cb1864fb7fce0f1902db1cb1b45902d601108416aa7fd4e3a869ec55c0.exe,MALWARE,0.9999
/home/heph/Documents/code/ransom/new/mb_dataset/samples/280c59b74b704c80b5c9dc22ec783b89667adc9c92cd2d8fb5314f8446676e23.exe,MALWARE,0.9999
/home/heph/Documents/code/ransom/new/mb_dataset/samples/d584d61581997008a2fcc0ca2b232a874e33bccfd9f6f08dd81d778a8dcbb45c.exe,MALWARE,0.9999
/home/heph/Documents/code/ransom/new/mb_dataset/samples/9ae362cbb590010114ff6825344292d38d78b5672a64ec0cd030dff8f72c2196.exe,MALWARE,0.9999
/home/heph/Documents/code/ransom/new/mb_dataset/samples/8c413d31eadfd31e58f66d6241389d1bd6897e71b2d4cfceac549aa2488a8d52.exe,MALWARE,0.9999
/home/heph/Documents/code/ransom/new/mb_dataset/samples/d938f5731a2af15f1c84e21de05bbcac060186bd864b903322894506ff246ed1.exe,MALWARE,0.9999
/home/heph/Documents/code/ransom/new/mb_dataset/samples/8bfbbf3272caa5f86e956166a6ca33cfa0879eb9ebde99a579e6676f432a4130.exe,MALWARE,0.9999
/home/heph/Documents/code/ransom/new/mb_dataset/samples/ae37e57b50aa7a6ea1f6b845aceeb3e7b42206fbc18af1466402843ed4fec44e.exe,MALWARE,0.9999
/home/heph/Documents/code/ransom/new/mb_dataset/samples/4d4ab81f531f607a90b60514f22a4290c15385a983237a04bd44b1f0de4053ac.exe,MALWARE,0.9999
/home/heph/Documents/code/ransom/new/mb_dataset/samples/4542af64bc7982a8d5c42a10e8f0be6f1af4db5f2cab2c2b7f7dc572c0b2cdfc.exe,MALWARE,0.9999
/home/heph/Documents/code/ransom/new/mb_dataset/samples/a13323a8c0d9ef9bc2b420fbfed8e7eb4d68810c52e7f0457992add90a97a594.exe,MALWARE,0.9999
/home/heph/Documents/code/ransom/new/mb_dataset/samples/bc54bbd6ce8e322999866ce2751436adac2d16facd7829312f449ef28f3a61cf.exe,MALWARE,0.9999
/home/heph/Documents/code/ransom/new/mb_dataset/samples/ce40058314b131a63ee248a85505ac02b9473c1032d7bfe63b081dc57171dd3f.exe,MALWARE,0.9998
/home/heph/Documents/code/ransom/new/mb_dataset/samples/68dd91e49256ee61ca05a5309db255e9ffe23e8df680ace95d48346e2a39c260.exe,MALWARE,0.9999
/home/heph/Documents/code/ransom/new/mb_dataset/samples/4ff314143f6fea359946a81034ec04a4f515998fc23c6937bc5d032b02f01bea.exe,MALWARE,0.9999
/home/heph/Documents/code/ransom/new/mb_dataset/samples/45de59851d68929632346d6f894dc8c1b6a5c4197db83c2e33c60631efc0b39f.exe,MALWARE,0.9997
/home/heph/Documents/code/ransom/new/mb_dataset/samples/2a8353551d099c78ac100b44718a691142f8cc7879b47e842ee8491426e15c08.exe,MALWARE,0.9998
/home/heph/Documents/code/ransom/new/mb_dataset/samples/c70ced34e4c01df4344e9ee4b2a42190f25ed6ac7543ee9c9579cb0ca8658256.exe,MALWARE,0.9998
/home/heph/Documents/code/ransom/new/mb_dataset/samples/00723db8c6513a9b8a79b8b8cc7d9da9f23a8a5454149ed12768937ca15d1a47.exe,MALWARE,0.9998
/home/heph/Documents/code/ransom/new/mb_dataset/samples/5e9902d0d003db7905864ca8a1cf4616d144f56c066156ff700a86d9fa77a09f.exe,MALWARE,0.9998
/home/heph/Documents/code/ransom/new/mb_dataset/samples/9b4074d8514fd54871f04a8cb7b5341ed22652419a35798c5a388de101894031.exe,MALWARE,0.9999
/home/heph/Documents/code/ransom/new/mb_dataset/samples/3d86f3bce92423415bc7beef95e13e9c8a422075e35e80185aec02f439c673ee.exe,MALWARE,0.9998
/home/heph/Documents/code/ransom/new/mb_dataset/samples/4e339ff3265d346252f688e0c625fcb2425a056905302e7ffaf2e96959fc861e.exe,MALWARE,0.9999
/home/heph/Documents/code/ransom/new/mb_dataset/samples/43f846c12c24a078ebe33f71e8ea3b4f75107aeb275e2c3cd9dc61617c9757fc.exe,MALWARE,0.9998
/home/heph/Documents/code/ransom/new/mb_dataset/samples/000db71531e5aa8b30594d305bb3fbce8e2c71f66e2170091ef58b3c1f306f46.exe,MALWARE,0.9998
/home/heph/Documents/code/ransom/new/mb_dataset/samples/41dbdaeb1dc8fe40358a5e168af596da85c6a84796e63c9d10c11f2077129eaf.exe,MALWARE,0.9998
/home/heph/Documents/code/ransom/new/mb_dataset/samples/f146915a0298daff26ffe85a42b9a9ef68e7a148e3dbe3bc43abb283d96facbd.exe,MALWARE,0.9998
/home/heph/Documents/code/ransom/new/mb_dataset/samples/d68cd1a46733695e31c8d8604ad7f5658ebba343404d8443e1e64f0ee3e79a11.exe,MALWARE,0.9999
/home/heph/Documents/code/ransom/new/mb_dataset/samples/763b04ef2d0954c7ecf394249665bcd71eeafebc3a66a27b010f558fd59dbdeb.exe,MALWARE,0.9999
/home/heph/Documents/code/ransom/new/mb_dataset/samples/b609555a43a2e1151f9ee7b028d0141034bfce25487ef2ec826d2af714e15ee5.exe,MALWARE,0.9998
/home/heph/Documents/code/ransom/new/mb_dataset/samples/c29630324d768c6e40b814164f6c2c6f33dd741392edc940cc852e67e1667a57.exe,MALWARE,0.9998
/home/heph/Documents/code/ransom/new/mb_dataset/samples/30e90f33067608e8e7f4d57fd6903adb5eccb91bf426c56569c16bf86f0d8971.exe,MALWARE,0.847
/home/heph/Documents/code/ransom/new/mb_dataset/samples/91abe280381d0faf55b521f51d16d8aa022f0cc14b1310334d4fffc3474459d4.exe,SUSPICIOUS,0.8924
/home/heph/Documents/code/ransom/new/mb_dataset/samples/4e4c154f0500990e897ca9650eafd3c6255ba4df3b4bc620c6ba27b718278392.exe,MALWARE,0.8453
/home/heph/Documents/code/ransom/new/mb_dataset/samples/fd59543a425d2159dfadba8efd4d40178b609ef123a8bc5cf00fe3afef95623d.exe,SUSPICIOUS,0.8504
/home/heph/Documents/code/ransom/new/mb_dataset/samples/9215550ce3b164972413a329ab697012e909d543e8ac05d9901095016dd3fc6c.exe,SUSPICIOUS,0.9037
/home/heph/Documents/code/ransom/new/mb_dataset/samples/482754d66d01aa3579f007c2b3c3d0591865eb60ba60b9c28c66fe6f4ac53c52.exe,CLEAN,0.2028
/home/heph/Documents/code/ransom/new/mb_dataset/samples/7e18ff461e3fc159c9b6634c9250600ea4c62da604885697c95d9bac794109b8.exe,MALWARE,0.9529
/home/heph/Documents/code/ransom/new/mb_dataset/samples/97a4d094f86b757b3fb0e189f2843a7af8d0ec43f9805214e89992528e83b5d7.exe,SUSPICIOUS,0.8056
/home/heph/Documents/code/ransom/new/mb_dataset/samples/2cfd30a7982b90be60f83fe5f4132999ac50d0d63d9681d8d50c3c8271faa34b.exe,CLEAN,0.2628
/home/heph/Documents/code/ransom/new/mb_dataset/samples/88f6a6455f92255a189526e36aeb581c95c28dc5e26357e7667f871444a336ba.exe,SUSPICIOUS,0.9024
/home/heph/Documents/code/ransom/new/mb_dataset/samples/c0539fd02ca0184925a932a9e926c681dc9c81b5de4624250f2dd885ca5c4763.exe,SUSPICIOUS,0.916
/home/heph/Documents/code/ransom/new/mb_dataset/samples/fa7ed15708d988e7f69b5628db9481816052efea29e93f1bd274a1d76006aee6.exe,CLEAN,0.2115
/home/heph/Documents/code/ransom/new/mb_dataset/samples/790b64a5860a5069fedcb660efdffce2b5ab2195086100a6079697b662f0c198.exe,SUSPICIOUS,0.3771
/home/heph/Documents/code/ransom/new/mb_dataset/samples/fa620f37539b2c7e53d4c06de1b680d0eab5c3a5280b89d1700e014bfd320519.exe,MALWARE,0.9737
/home/heph/Documents/code/ransom/new/mb_dataset/samples/681f180735ec833997bea4eb26c58f9c2e39980cd0a351e0b5cd99c502b33ae8.exe,MALWARE,0.9703
/home/heph/Documents/code/ransom/new/mb_dataset/samples/9f40b69060a52731107baec84a0c0f8a1bfc1a62e8471b9cd69509aade9cb7f1.exe,SUSPICIOUS,0.7491
/home/heph/Documents/code/ransom/new/mb_dataset/samples/d7cb8a2d60e1818d0638a4c38cd6fae475dc83ab7b2bde9827ecc4e4a7ce6ed7.exe,SUSPICIOUS,0.8359
/home/heph/Documents/code/ransom/new/mb_dataset/samples/d4cb20dba15d88c38c35be69fe04538b4f9bb0a12edb51ff23c0171b584edf08.exe,SUSPICIOUS,0.874
/home/heph/Documents/code/ransom/new/mb_dataset/samples/aedbddbf7494baaaf759a720d9cd17540d3c171b9cc52a02e0ef9a592bd9cd63.exe,SUSPICIOUS,0.5142
/home/heph/Documents/code/ransom/new/mb_dataset/samples/698b2a9cf9ce16f1cb5cff4576e902888cb14db7414b8e6ac4eb728f8c87d209.exe,MALWARE,0.9703
/home/heph/Documents/code/ransom/new/mb_dataset/samples/78732997a6c9d975b97da85fc511533d44083a9f9da60dae8393274a59b7bfce.exe,SUSPICIOUS,0.9024
/home/heph/Documents/code/ransom/new/mb_dataset/samples/2a50a42d3c44e6e3890a53228cb84f6fdb17e38b31422c68b8634a06d36cc324.exe,SUSPICIOUS,0.7361
/home/heph/Documents/code/ransom/new/mb_dataset/samples/33c861023479ddcaea82f2daee9d0394f304d0c33ba210f4c3c53a93cf9a474c.exe,SUSPICIOUS,0.748
/home/heph/Documents/code/ransom/new/mb_dataset/samples/104032d8993555a84679746069ad1f8c1365c4a27eaeec732fda76aa62da005a.exe,SUSPICIOUS,0.6772
/home/heph/Documents/code/ransom/new/mb_dataset/samples/356799503f195db260e08a81d42a431b4ebd47cef94eddc96f24a0fd3e49d716.exe,SUSPICIOUS,0.916
/home/heph/Documents/code/ransom/new/mb_dataset/samples/71bd706cc0ace3774449282a9c1de5403f8f43dad118b9fbf4fc45cf4894f8e9.exe,SUSPICIOUS,0.941
/home/heph/Documents/code/ransom/new/mb_dataset/samples/8879a7a950a3916f5438685f994ee829a20e4c60021db73060cd078e4a72b5a7.exe,MALWARE,0.9995
/home/heph/Documents/code/ransom/new/mb_dataset/samples/408d62cbf4789d9533230eff49b8b45c11b01fd8c8d6d65ec339725d7521a48c.exe,MALWARE,0.9998
/home/heph/Documents/code/ransom/new/mb_dataset/samples/518544e56e8ccee401ffa1b0a01a10ce23e49ec21ec441c6c7c3951b01c1b19c.exe,MALWARE,0.9997
/home/heph/Documents/code/ransom/new/mb_dataset/samples/0b997e8b0d0ff6cc4e6f1919c6c0f3080eaa0d08c8fccdf50f7648bf05cca446.exe,MALWARE,0.9998
/home/heph/Documents/code/ransom/new/mb_dataset/samples/523d97331fcef84ff767dbb01836766d8b1be9bbeb3d76e9fda3a02ad46fd976.exe,MALWARE,0.999
/home/heph/Documents/code/ransom/new/mb_dataset/samples/c21de9109580e03f0fc0a71c10bfe2923927eb0dfe748bea47d550f1fe7f1715.exe,MALWARE,0.9998
/home/heph/Documents/code/ransom/new/mb_dataset/samples/5a96b929383817aa298eec8cca019bcd984fcd71dd8ee353541392c1082756a4.exe,MALWARE,0.9998
/home/heph/Documents/code/ransom/new/mb_dataset/samples/55c30024aed833336eb4720a1a4a40c78496efb27b3c4d5c3f1d1b5935c12715.exe,MALWARE,0.9998
/home/heph/Documents/code/ransom/new/mb_dataset/samples/33d32078ebe0c9429e405fdeb347dfb1ba5543e61d1179d13edffc7943b57640.exe,MALWARE,0.9998
/home/heph/Documents/code/ransom/new/mb_dataset/samples/c6960bb3329175489959ec95de0a83a3bd5f206f8cd7f46633e34a0227973d0e.exe,MALWARE,0.9998
/home/heph/Documents/code/ransom/new/mb_dataset/samples/fa0a1227da320afa57509dadf4ece1f264c184abd61f425ae00c43c19e09b006.exe,MALWARE,0.9998
/home/heph/Documents/code/ransom/new/mb_dataset/samples/eb740005273c087baf42b0c3a49a7c5b7225256681106c72567db92fc2048ada.exe,MALWARE,0.9999
/home/heph/Documents/code/ransom/new/mb_dataset/samples/4d30670f6311dc373dcbfb5bd93cf1621b1d6c425c8c9a95dc0a1317d0bdf648.exe,MALWARE,0.9998
/home/heph/Documents/code/ransom/new/mb_dataset/samples/8642770995c3663ff3b46a3f8c946d38d475c0a2373c281aca3fae221c430ed5.exe,MALWARE,0.9998
/home/heph/Documents/code/ransom/new/mb_dataset/samples/d8acb51e4c3c0fe91ff0ffff41e6b6c311affcea223b05b24383aa07d6923334.exe,MALWARE,0.9998
/home/heph/Documents/code/ransom/new/mb_dataset/samples/ef2e0cc0c05fb633f539b333d88842ebef9a357d790fe1dd3cb28934be350d3f.exe,MALWARE,0.9998
/home/heph/Documents/code/ransom/new/mb_dataset/samples/71b46e95fba31267475537a338f49ce1cd0bc56c0f15346b05b673051cbe90a8.exe,MALWARE,0.9998
/home/heph/Documents/code/ransom/new/mb_dataset/samples/108cfca8867eb4f94082cddacf63fbdd8369b0991873a20afc3210f2d5e4ec61.exe,MALWARE,0.9895
/home/heph/Documents/code/ransom/new/mb_dataset/samples/b5475975e30be3c1ff6c97d148def1287dc3a0341d546198df85dbb66c1b6ffa.exe,MALWARE,0.9999
/home/heph/Documents/code/ransom/new/mb_dataset/samples/7d9c97a133997396b0625a5d2b762fb8b333f5152d4dd893c7a463cc41372ab5.exe,MALWARE,0.9998
/home/heph/Documents/code/ransom/new/mb_dataset/samples/7c2a9bae3bbdc9e38516754d76a192d6a3ce37849c06a8a8d3b06fb7f75916c1.exe,MALWARE,0.9998
/home/heph/Documents/code/ransom/new/mb_dataset/samples/b54d6dc708eade0818fcf91e59c7dbe37267abbe43a1672fb5f1c126e021ad7d.exe,MALWARE,0.9999
/home/heph/Documents/code/ransom/new/mb_dataset/samples/cc43fc18d6d1dc662ad747652cd961152ee13dbf2cea9bf75564f3e2e8ffd2e8.exe,MALWARE,0.9998
/home/heph/Documents/code/ransom/new/mb_dataset/samples/34c1121937c35b39b654428cf3fc6b16e3e2eed03c1ccbcfc77183d1749ebadc.exe,MALWARE,0.9999
/home/heph/Documents/code/ransom/new/mb_dataset/samples/d50b23e12c661bb78fa3cb317e679fabc4178600048572368bec173a520e4aaf.exe,MALWARE,0.9998
/home/heph/Documents/code/ransom/new/mb_dataset/samples/0c0c9a19db1f89d94ddcd8af54fa631798e3ccc82743faae6d9818759f2dbcc1.exe,MALWARE,0.9999
/home/heph/Documents/code/ransom/new/mb_dataset/samples/bc3b5ef9b1dc2f1b6a23b138c4c7b047479d98dfbdf216097c08a68c2f771732.exe,MALWARE,0.9998
/home/heph/Documents/code/ransom/new/mb_dataset/samples/4ae6519e0d6a7aaf9b684497763257e3a752ef0b31b4ba31afb9aecd1af59d9a.exe,MALWARE,0.9998
/home/heph/Documents/code/ransom/new/mb_dataset/samples/f4db61bb14a7af406c9cfc33075c6f74ab711bedf1e1fd6edc4f524bd304c1b6.exe,MALWARE,0.9998
/home/heph/Documents/code/ransom/new/mb_dataset/samples/e165b3e962a2916ed4693993f1911c04b18fcbf7fbdaa824d0e57449da4e4099.exe,MALWARE,0.9998
/home/heph/Documents/code/ransom/new/mb_dataset/samples/c8d9a9758516d5a8936bd3bc01a9997fb677ed1dc54081caa985883935ff092b.exe,MALWARE,0.9998
/home/heph/Documents/code/ransom/new/mb_dataset/samples/231bba5652f6fbdbab3016362fb7925fc4e4489fff5e6a4a98c37fba5bd0cfe9.exe,MALWARE,0.9998
/home/heph/Documents/code/ransom/new/mb_dataset/samples/928aca01498ca60e1dd3e263c462f3a04ef49b91d94b566293e8edfbc54fcf13.exe,MALWARE,0.9998
/home/heph/Documents/code/ransom/new/mb_dataset/samples/9704a4959ec0edb5b82732944be3665e80ed974dec17ab401545ee21069da08d.exe,MALWARE,0.9998
/home/heph/Documents/code/ransom/new/mb_dataset/samples/1e3d1dce864ea7544e10a2758f11fafacd39a0cfc7022e3493d6a25dbaffb6c3.exe,MALWARE,0.9999
/home/heph/Documents/code/ransom/new/mb_dataset/samples/62b096449d5dc6f876c43e48d1c27a63de0f75e70279f811b5c6ba18f9126f7b.exe,MALWARE,0.9998
/home/heph/Documents/code/ransom/new/mb_dataset/samples/84ad231f0d74cd4bed8da0fbfc6801fc77424ee74a560e0d3175aa37b4ecab23.exe,MALWARE,0.9998
/home/heph/Documents/code/ransom/new/mb_dataset/samples/f1e3ec3fe9b4347019a298a11db3a2c357e91b61b7152dc28b4ecef57968dbbb.exe,MALWARE,0.9998
/home/heph/Documents/code/ransom/new/mb_dataset/samples/3f88affd9a69bad96f8152c87654aed50cc7a49247f154d503cacbdcd53ba825.exe,MALWARE,0.9998
/home/heph/Documents/code/ransom/new/mb_dataset/samples/1ca85c7d735a4bdc8900acd52f4ec46bf0d0f13908907657175bbf92d82e28ce.exe,MALWARE,0.9998
/home/heph/Documents/code/ransom/new/mb_dataset/samples/fe1b479880db7637fc96d334f216e5e966879a77fac1b85d1fd892a050fbe638.exe,MALWARE,0.9999
/home/heph/Documents/code/ransom/new/mb_dataset/samples/2dcaca208625860f4eb114af4c4158368284eb99c994793d5ac66d3af654bf5f.exe,MALWARE,0.9998
/home/heph/Documents/code/ransom/new/mb_dataset/samples/f25a3e2bbaa9bed0210adf5bff0bc5d76fbf44e09ae4bc22e40473814a6ebad1.exe,MALWARE,0.9998
/home/heph/Documents/code/ransom/new/mb_dataset/samples/b0e2a8c3c5d57571c7892940ab531925a2b0451964afd3035f1293062ca6d64e.exe,MALWARE,0.9999
/home/heph/Documents/code/ransom/new/mb_dataset/samples/da24e2d56eb8bf572abc67c2ba3ef64d0bac9fdda0f9a11132b10fac12343aaf.exe,MALWARE,0.9998
/home/heph/Documents/code/ransom/new/mb_dataset/samples/81a5ac22ffef8e50131f663708e5f579e1d74c0464994a909cd3426be6887a4a.exe,MALWARE,0.9998
/home/heph/Documents/code/ransom/new/mb_dataset/samples/2210baa7b596879b413965c17f9f33dbf698ac183b2b82329d397c73dee5fc3d.exe,MALWARE,0.9995
/home/heph/Documents/code/ransom/new/mb_dataset/samples/dddf7894b2e6aafa1903384759d68455c3a4a8348a7e2da3bd272555eba9bec0.exe,MALWARE,0.9822
/home/heph/Documents/code/ransom/new/mb_dataset/samples/1a05cba6870798d2e73001bf872e4d579460c380c060fd051f33a703f504b8a3.exe,MALWARE,0.9995
/home/heph/Documents/code/ransom/new/mb_dataset/samples/c221cb99f25328e6bf50d435b4ab3a2ff8b09f05f7cd90e5ce2006855b3aa619.exe,MALWARE,0.9995
/home/heph/Documents/code/ransom/new/mb_dataset/samples/5671112c276673ee5c4630994ac0034927cee2aa05a32ca6950edbc80c56e7e8.exe,MALWARE,0.9982
/home/heph/Documents/code/ransom/new/mb_dataset/samples/40a68110241e86f1cdece1dc5a6dfb72e028b40e8d55447cc3a961341b932784.exe,MALWARE,0.994
/home/heph/Documents/code/ransom/new/mb_dataset/samples/7af890c71121d682203be3b23497272f4338cdc27f5af49c41f8275d582e85e1.exe,MALWARE,0.9941
/home/heph/Documents/code/ransom/new/mb_dataset/samples/ab5be9e6911b43f0974e01dabec772b968274d9b5ea39ba2ad7cd294056e5d09.exe,MALWARE,0.9995
/home/heph/Documents/code/ransom/new/mb_dataset/samples/e9bbcfb5d9f42ef0dd75eb435e78d5226087679593893e0c08977694e720cd7a.exe,MALWARE,0.9993
/home/heph/Documents/code/ransom/new/mb_dataset/samples/34c392448fc0818278cd19bb0841adf573e967be8a0f73bb42bb367a5835b6ea.exe,MALWARE,0.9995
/home/heph/Documents/code/ransom/new/mb_dataset/samples/245f7a3c993a0ecada1c1f8936ea82e8e48812c5758767e5d91db91324bc303a.exe,MALWARE,0.9995
/home/heph/Documents/code/ransom/new/mb_dataset/samples/0cbb472b555d4cab454948ba900675db48b120afaedf246a14d87d970b233a43.exe,MALWARE,0.9995
/home/heph/Documents/code/ransom/new/mb_dataset/samples/056c3790765f928e991591cd139384b6680df26313a73711add657abc369028c.exe,MALWARE,0.9995
/home/heph/Documents/code/ransom/new/mb_dataset/samples/bf20b92755cd5c2542cdcef804ee795932cc4b0e070ca6b81ff8fd30908a8f97.exe,MALWARE,0.9995
/home/heph/Documents/code/ransom/new/mb_dataset/samples/a43dab9c34af5a49a2a615e86db3e2bf4c5467853dd5bd4f1a1c73619b683ab2.exe,MALWARE,0.9995
/home/heph/Documents/code/ransom/new/mb_dataset/samples/bd210c5759b815a64b7166aceae471ef622bccdde3b46fc971aa78bcb73f08f1.exe,MALWARE,0.9995
/home/heph/Documents/code/ransom/new/mb_dataset/samples/52eeb1c0820a0a64910cd07339286bbf3045d83588f81909ea85d96d30da90e3.exe,MALWARE,0.9997
/home/heph/Documents/code/ransom/new/mb_dataset/samples/6ddb4a7f6bcfffc745a376e0894424dab86e1582036257f4ff502eb70b51389e.exe,MALWARE,0.9995
/home/heph/Documents/code/ransom/new/mb_dataset/samples/cdb8cab7dbcc2dd546519a03e1da8836ca233992406ba3746cbe015f2944de96.exe,MALWARE,0.9995
/home/heph/Documents/code/ransom/new/mb_dataset/samples/e181b975b8e4c712c835413a2788fcf62399ae9a404161b8772aa5593c91d33e.exe,MALWARE,0.9995
/home/heph/Documents/code/ransom/new/mb_dataset/samples/92390d8b7dd99a4b03af59b45763c706d5df368761ce9706236e3dac4f9a74e2.exe,MALWARE,0.9995
/home/heph/Documents/code/ransom/new/mb_dataset/samples/77da9b22f28c92543d9ac281469390cbd5e442a59f7ad6d9034d9a7f490ac3fd.exe,MALWARE,0.9995
/home/heph/Documents/code/ransom/new/mb_dataset/samples/e140a653caf5e4be9aaef3a2209d5c7e417f6eb0bd67ed2f878b82d606b045e2.exe,MALWARE,0.9995
/home/heph/Documents/code/ransom/new/mb_dataset/samples/a3435ff11b5afc8bd891fdc1977e1a70c65830aa2a80438c6320e3fae7c2811b.exe,MALWARE,0.9995
/home/heph/Documents/code/ransom/new/mb_dataset/samples/18acf8a44011f072a29dd6a6254c36eec7dc4f7ef7810980bd237ca3942d904f.exe,MALWARE,0.9995
/home/heph/Documents/code/ransom/new/mb_dataset/samples/43a13198d94f649ee5c587b4d5eb59b33abd89fae6e49909f8b1052059025cbc.exe,MALWARE,0.9997
/home/heph/Documents/code/ransom/new/mb_dataset/samples/0a747a5f771168c0c32e944da6d6d996f24284e4fb44eaea562b21266a9e3ac2.exe,MALWARE,0.9997
/home/heph/Documents/code/ransom/new/mb_dataset/samples/1dbbed25cf831114c926933b2cff5b4a4760dd95c7618f01cf5b27deec7b1788.exe,MALWARE,0.9995
/home/heph/Documents/code/ransom/new/mb_dataset/samples/8ade68d429cd44a78e5cfb108aac846eff7e04f57e4a92cb73c66de569eac968.exe,MALWARE,0.9997
/home/heph/Documents/code/ransom/new/mb_dataset/samples/e70dd54b6b5680230a7af30a6b127ecb60c32ee9f0bff30d8d79a2a7ed9c3ab4.exe,MALWARE,0.9995
/home/heph/Documents/code/ransom/new/mb_dataset/samples/3e84def5eeae88ab28d21de08581e68e46fd9a94b5fee35d609d6f73a92a9e96.exe,MALWARE,0.9995
/home/heph/Documents/code/ransom/new/mb_dataset/samples/32c51906c182c8c92afbc93cbe674d1b24d855f5f4f0c4c82d076691cce4c7ec.exe,MALWARE,0.9995
/home/heph/Documents/code/ransom/new/mb_dataset/samples/1a8f35d0f2b1a11a5b30e6f05ee5c9e93542fc2f559f8e66cf67f2a1b6ccbeb9.exe,MALWARE,0.9997
/home/heph/Documents/code/ransom/new/mb_dataset/samples/0775f6c00ce22c822bb56ed45d658af3647e522d0e462d505e31dfc0f343adde.exe,MALWARE,0.9997
/home/heph/Documents/code/ransom/new/mb_dataset/samples/5c57baa8a5c31d138e3d3d325cdb70a3d851061586d4a8ab961b123c357cc64a.exe,MALWARE,0.9997
/home/heph/Documents/code/ransom/new/mb_dataset/samples/40ca770fe8a5c994872adf7e0f72ee131960ef65d34b88a66d7047b29f763055.exe,MALWARE,0.9999
/home/heph/Documents/code/ransom/new/mb_dataset/samples/ebb17d81ffb02c01b4f49c7267246f243272ca2aecda68a44e89a33f74a47a0f.exe,MALWARE,0.9995
/home/heph/Documents/code/ransom/new/mb_dataset/samples/b6b2c1f4bbe4259e0279a0c3db98a69db12ab6ae0b549085c714f1497f3c8300.exe,MALWARE,0.9941
/home/heph/Documents/code/ransom/new/mb_dataset/samples/7b93299c4559e89716a9b37f4a43c1b084c610ad1d9d8e462a1383320e299503.exe,MALWARE,0.9995
/home/heph/Documents/code/ransom/new/mb_dataset/samples/6734e7474c81f5b7b0c006a17b79f59e3281f45f03910ddeeae2ea05291655fd.exe,MALWARE,0.9995
/home/heph/Documents/code/ransom/new/mb_dataset/samples/1de8054e71f00406e617230fc22017bfd66c78b216a57cec085ca6a5cb2f24a1.exe,MALWARE,0.9999
/home/heph/Documents/code/ransom/new/mb_dataset/samples/276727bfacdeba0ba864fd6ccecab5fd0f244576dc503d7cf148a4deb90fc136.exe,MALWARE,0.9995
/home/heph/Documents/code/ransom/new/mb_dataset/samples/4c21b335baf9907cfaec588f25354b804b3d59f3882d923fbaf0d929b933ef49.exe,MALWARE,0.9995
/home/heph/Documents/code/ransom/new/mb_dataset/samples/a191d7d045dcf61582f2257bded2734b4ca424b1cf66ff519763c1888ec83190.exe,MALWARE,0.9999
/home/heph/Documents/code/ransom/new/mb_dataset/samples/aa63528bf720d3f9b31e91945a576afa4c609a09c07b3bbfc29351d760a71ccd.exe,MALWARE,0.9995
/home/heph/Documents/code/ransom/new/mb_dataset/samples/83b294975e094024bdeb90f5cdeb9832304cf6879a27eee5cfe08650e5731674.exe,MALWARE,0.9995
/home/heph/Documents/code/ransom/new/mb_dataset/samples/622e2834e51caa303d120c7503d8fcce671226a0342d7be0f8cf546b44cee195.exe,MALWARE,0.9995
/home/heph/Documents/code/ransom/new/mb_dataset/samples/2354403f00f096f700e5616ed1a5ccd40fe53a1bb35a5e93e429f5f24fa4483b.exe,MALWARE,0.9995
/home/heph/Documents/code/ransom/new/mb_dataset/samples/67a00565a4c5fc9f08543cb10bfa3858801f87a558e21ad36d514c9bedb10e5d.exe,MALWARE,0.9995
/home/heph/Documents/code/ransom/new/mb_dataset/samples/403b8f1ce98aeb6f4a7cfc23693c5a9799e0239806a4850b4eaad58ab7bedb40.exe,MALWARE,0.9995
/home/heph/Documents/code/ransom/new/mb_dataset/samples/6e228df5e458ddcd6a9b5284418b6101cb988315d3910f1b422d511135acd462.exe,MALWARE,0.9995
/home/heph/Documents/code/ransom/new/mb_dataset/samples/30140a3a441d4d92bc78e6726d9de9a293e83f812c16658222c32ce408c453ba.exe,MALWARE,0.9998
/home/heph/Documents/code/ransom/new/mb_dataset/samples/0b2467264b2544634a7252314e585b10b618d1e752b2aa7fd46c59210b9b93f6.exe,MALWARE,0.9996
/home/heph/Documents/code/ransom/new/mb_dataset/samples/92c65e95b508ffacd2d7a36957599eb2d930a0d1a8b76a5c4551ee6e9d4da67e.exe,MALWARE,0.9995
/home/heph/Documents/code/ransom/new/mb_dataset/samples/f608858af270c6b6956146e6c3ce0bc737916646e442784d5fb9c543c7ed09bc.exe,MALWARE,0.9995
/home/heph/Documents/code/ransom/new/mb_dataset/samples/6f64d864d4cdeaa6062e44e34c0969ebdead56edb22e5a2b61c987ca3400fad4.exe,MALWARE,0.9995
/home/heph/Documents/code/ransom/new/mb_dataset/samples/dc5ba84e57cf8d8dfcb8fb2de6f842786428fc46c34d8a3e02c8119bbd9f7584.exe,MALWARE,0.9995
/home/heph/Documents/code/ransom/new/mb_dataset/samples/94ef44e3f7be172fb47203eb942e4601f1a96cb4bfd37e055fd6cf39b5db49a6.exe,MALWARE,0.9995
/home/heph/Documents/code/ransom/new/mb_dataset/samples/324cb383fd7f47c079b162b725215bb4badfd4c0b2e41d330fa38344e59e77ce.exe,MALWARE,0.9995
/home/heph/Documents/code/ransom/new/mb_dataset/samples/f9731c6a91210d68432036e839574be2130022763e2406d7a548cd330672da5d.exe,MALWARE,0.9997
/home/heph/Documents/code/ransom/new/mb_dataset/samples/5997f7c46d8860cb07a00edf9e093e21a2416cc508c51dbd3838628d9b46b0d5.exe,MALWARE,0.9995
/home/heph/Documents/code/ransom/new/mb_dataset/samples/42732ad450696b816913753fa9f53b52ac10922a1df1b5795693db77d532ffbc.exe,MALWARE,0.9995
/home/heph/Documents/code/ransom/new/mb_dataset/samples/b565c8e1e81796db13409f37e4bd28877272b5e54ab5c0a3d9b6a024e7f5a039.exe,MALWARE,0.9995
/home/heph/Documents/code/ransom/new/mb_dataset/samples/34c485ad11076ede709ff409c0e1867dc50fd40311ae6e7318ddf50679fa4049.exe,MALWARE,0.9941
/home/heph/Documents/code/ransom/new/mb_dataset/samples/629302ede09446efc6c44bea6fb9d4c62354816e227f61868528b6af43eeee94.exe,MALWARE,0.9995
/home/heph/Documents/code/ransom/new/mb_dataset/samples/4992506df46c0b80f4619f3cb7478346561260366422c085f18356194b6cc3e3.exe,MALWARE,0.9995
/home/heph/Documents/code/ransom/new/mb_dataset/samples/438af5e212ca33f9e04431dfac555945a3f0926865930f96230adb07dec0a2be.exe,MALWARE,0.9995
/home/heph/Documents/code/ransom/new/mb_dataset/samples/3e7f30a802c595379ad3158ffe4ba5bc9e4a4d304430a2d846330adee70dc9a5.exe,MALWARE,0.9941
/home/heph/Documents/code/ransom/new/mb_dataset/samples/118d216a9a9a4fd19ac8e56cef76fe9529269a152857ad8e98386361a5fb8e0d.exe,MALWARE,0.9995
/home/heph/Documents/code/ransom/new/mb_dataset/samples/e4a43f0bb8216496b95826c2c1aeb2f3ece6a7d87a8dbc7a0cc6a3935ace3d90.exe,MALWARE,0.9995
/home/heph/Documents/code/ransom/new/mb_dataset/samples/e589257b8ad21635e0b1cf15b0936f939b19153806c3dcb9d502853525977817.exe,MALWARE,0.9995
/home/heph/Documents/code/ransom/new/mb_dataset/samples/d424fd77dc8e421ac66621a2ea3a36533e6cdb19335b909cbaaac970993e62a4.exe,MALWARE,0.9995
/home/heph/Documents/code/ransom/new/mb_dataset/samples/00ce72bb6fb1d2c1d32aa4c4a147e1b9b390cf9d3ae8b5c0cab2718118db4430.exe,MALWARE,0.9995
/home/heph/Documents/code/ransom/new/mb_dataset/samples/2c487a43ae6091d64f09bcfb1baa8b43fb502e9c9fc34f828cebfe251d9ad1f5.exe,MALWARE,0.9995
/home/heph/Documents/code/ransom/new/mb_dataset/samples/5a0d1265d52d2f76dae31aab48b706a72f03078a6111694f59c4ebf06e6e9f43.exe,MALWARE,0.994
/home/heph/Documents/code/ransom/new/mb_dataset/samples/b6c644a1644dd9b81a604fb6ad6a8cebf4a9b14d5c41da633a93ba2f459f31ae.exe,MALWARE,0.9995
/home/heph/Documents/code/ransom/new/mb_dataset/samples/584e757b4fb9b56105c3a57053976323f82535c8264082f81dd43f233c04cab9.exe,MALWARE,0.9995
/home/heph/Documents/code/ransom/new/mb_dataset/samples/a08c192df62e58faf203a10d830a6f0c34f1d843373ce5ca6f4826ed45a36764.exe,MALWARE,0.9995
/home/heph/Documents/code/ransom/new/mb_dataset/samples/d4b6920e28ddba697f8e2e33f6479d16c9b92fefdc36894e3c594e3f71095e4d.exe,MALWARE,0.9995
/home/heph/Documents/code/ransom/new/mb_dataset/samples/ad14312e134f8b9483b2d701b1470758e8944764ec803252efede6b1c49e9485.exe,MALWARE,0.9995
/home/heph/Documents/code/ransom/new/mb_dataset/samples/17227020b2f5ca57f2d632d0d37de8d0ffcdef142e98a6af591e8180963cd3cc.exe,MALWARE,0.9995
/home/heph/Documents/code/ransom/new/mb_dataset/samples/4708750c9a6fdeaec5f499a3cd26bb5f61db4f82e66484dc7b44118effbb246f.exe,MALWARE,0.9995
/home/heph/Documents/code/ransom/new/mb_dataset/samples/553532c3bc00e3b85bcbac054bc4f05cb4fffba6f44a17c663dd37732ce1772d.exe,MALWARE,0.9995
/home/heph/Documents/code/ransom/new/mb_dataset/samples/307077d1a3fd2b53b94d88268e31b0b89b8c0c2ee9dbb46041d3e2395243f1b3.exe,MALWARE,0.9995
/home/heph/Documents/code/ransom/new/mb_dataset/samples/085105e613ad37808a8db9a3c2ba5561d5d38d5c5c43b469c93d15f0d64af0c1.exe,MALWARE,0.9995
/home/heph/Documents/code/ransom/new/mb_dataset/samples/5837daaf4f7cf7280ec0a749e161015c1de39b35fa26710ce7bb22e352725ed4.exe,MALWARE,0.9995
/home/heph/Documents/code/ransom/new/mb_dataset/samples/553f674770840d592fd718f1cb8eed6d4210c7ce73944fb2d200e8588584fccb.exe,MALWARE,0.9995
/home/heph/Documents/code/ransom/new/mb_dataset/samples/246fbca7a62d38c5c15e47bddbb92c303e2470adaf514817b43c9f274cb47e7f.exe,MALWARE,0.9995
/home/heph/Documents/code/ransom/new/mb_dataset/samples/90c54543aaf085e00879d4fe98a6dfb8148548f374828d50b6e3ac44668138b2.exe,MALWARE,0.9995
/home/heph/Documents/code/ransom/new/mb_dataset/samples/56f1a65ab205548d7cc50c044c510210f084d7c7a381be7e3dd6530da1ce6aff.exe,MALWARE,0.994
/home/heph/Documents/code/ransom/new/mb_dataset/samples/53cee5760768d57218ccc210948592f29d41b98cba17a81a87d0392e1eeffaf6.exe,MALWARE,0.9995
/home/heph/Documents/code/ransom/new/mb_dataset/samples/038e577d25d5b9237fbbef6080f53f462b01e75f83449bf0020ef0b14f371ac6.exe,MALWARE,0.9995
/home/heph/Documents/code/ransom/new/mb_dataset/samples/32eadf068d9d090fcf57145a09df4ce515c196387e409a01fbf052ff790879bf.exe,MALWARE,0.9995
/home/heph/Documents/code/ransom/new/mb_dataset/samples/8e8b6818423930eea073315743b788aef2f41198961946046b7b89042cb3f95a.exe,MALWARE,0.9995
/home/heph/Documents/code/ransom/new/mb_dataset/samples/4d8ffa30554984f32eabbcb7a99699dd833ea85a8483db8753cc40bde7cee923.exe,MALWARE,0.9995
/home/heph/Documents/code/ransom/new/mb_dataset/samples/0291e99acfedf4e277d56babb2783ce0a01e873a42627b4e3f4a56c2a10cc24d.exe,MALWARE,0.9995
/home/heph/Documents/code/ransom/new/mb_dataset/samples/4b6de6cf9a91af3abf522643cb138747725ec1ae47d1defd66488e246a1fec8d.exe,MALWARE,0.9995
/home/heph/Documents/code/ransom/new/mb_dataset/samples/2dd2c201103ac3a5bf77ae7b30d0032ed215f59f883543c816e516ab454383fb.exe,MALWARE,0.9995
/home/heph/Documents/code/ransom/new/mb_dataset/samples/0a40acb8ddbc2ed8f8b703681fadf9fcb2672fdb75d93c150b45c6465cc9b1b4.exe,MALWARE,0.9995
/home/heph/Documents/code/ransom/new/mb_dataset/samples/2520b15068fa108c947db179377c6b462f2c4f47037168bf8c69fcb668cb11a8.exe,MALWARE,0.9997
/home/heph/Documents/code/ransom/new/mb_dataset/samples/1707f8647515bc7a686e7aed380ab06dd6b853b908ae98252c1e8eefa1e1d540.exe,MALWARE,0.9982
/home/heph/Documents/code/ransom/new/mb_dataset/samples/d7c7947d060da8f4207e7e919e8f777f6f8ea475085291d5a547546a39a096fc.exe,MALWARE,0.9999
/home/heph/Documents/code/ransom/new/mb_dataset/samples/4f7bdda79e389d6660fca8e2a90a175307a7f615fa7673b10ee820d9300b5c60.exe,MALWARE,0.9996
/home/heph/Documents/code/ransom/new/mb_dataset/samples/62df5824be844b16d99bf4a59e6bf51bcaa7a2c2f4852d983bc33eaf60a9c5ca.exe,MALWARE,0.9999
/home/heph/Documents/code/ransom/new/mb_dataset/samples/57cf4470348e3b5da0fa3152be84a81a5e2ce5d794976387be290f528fa419fd.exe,MALWARE,0.9999
/home/heph/Documents/code/ransom/new/mb_dataset/samples/46dbb7709411b1429233e0d8d33a02cccd54005a2b4015dcfa8a890252177df9.exe,MALWARE,0.9997
/home/heph/Documents/code/ransom/new/mb_dataset/samples/f2215e1a848bc5a5d172745201ea428b1d16fee7c814c5c5180a94a134592e86.exe,MALWARE,0.9997
/home/heph/Documents/code/ransom/new/mb_dataset/samples/5d869c0e077596bf0834f08dce062af1477bf09c8f6aa0a45d6a080478e45512.exe,MALWARE,0.9997
/home/heph/Documents/code/ransom/new/mb_dataset/samples/6c39c5f5d143700d4ad43b0aa7fb6a51e77817060467cf3462ef037176e1f50f.exe,MALWARE,0.9999
/home/heph/Documents/code/ransom/new/mb_dataset/samples/44b5d24e5e8fd8e8ee7141f970f76a13c89dd26c44b336dc9d6b61fda3abf335.exe,MALWARE,0.9999
/home/heph/Documents/code/ransom/new/mb_dataset/samples/27319e75c23693399977e92b9a7ba5680a7a9db448f93b3221840c61301604d5.exe,MALWARE,0.9997
/home/heph/Documents/code/ransom/new/mb_dataset/samples/fd3489f6067ef7ca3999776205839424cb7349134baaeb693abcecaa2c5bf913.exe,MALWARE,0.9997
/home/heph/Documents/code/ransom/new/mb_dataset/samples/f93209fccd0c452b8b5dc9db46341281344156bbedd23a47d2d551f80f460534.exe,MALWARE,0.9997
/home/heph/Documents/code/ransom/new/mb_dataset/samples/ee531cd7011cb5c2625d40892b70cf7e3860dbb92648391068e1f340e5d6c47f.exe,MALWARE,0.9997
/home/heph/Documents/code/ransom/new/mb_dataset/samples/e7dfaf7ac518e174e42e59d45c179d083ad53eead79ed4420e311441e1af79d4.exe,MALWARE,0.9997
/home/heph/Documents/code/ransom/new/mb_dataset/samples/e167717c47bc2776217b5cd16fe7ad8a7228d626b3a452b2c8664f9c1c057b66.exe,MALWARE,0.9997
/home/heph/Documents/code/ransom/new/mb_dataset/samples/e01691e3b7d9d1c6de7e0ef902bf609543cdf084e600fd0a3833deaa501464ee.exe,MALWARE,0.9997
/home/heph/Documents/code/ransom/new/mb_dataset/samples/d5c106719e9c8878795899bede78505796659b1b347fe9374d8b2061fcc6a84c.exe,MALWARE,0.9997
/home/heph/Documents/code/ransom/new/mb_dataset/samples/ce399a2d07c0851164bd8cc9e940b84b88c43ef564846ca654df4abf36c278e6.exe,MALWARE,0.9999
/home/heph/Documents/code/ransom/new/mb_dataset/samples/bde6a59a4611aba5862ce66aef2fb12d841ad0ba0ad0a590b26eaddb7ad52a9e.exe,MALWARE,0.9997
/home/heph/Documents/code/ransom/new/mb_dataset/samples/bd3fdf1b50911d537a97cb93db13f2b4026f109ed23a393f262621faed81dae1.exe,MALWARE,0.9999
/home/heph/Documents/code/ransom/new/mb_dataset/samples/b96ee4a55d59836de7851f99a18324c6aa8bc223fb581f1875db631d0c914425.exe,MALWARE,0.9997
/home/heph/Documents/code/ransom/new/mb_dataset/samples/b587d049e9fae11f4fe70d5f6c9007f99483f683ee55217110094206bd6a92f2.exe,MALWARE,0.9998
/home/heph/Documents/code/ransom/new/mb_dataset/samples/ac0882d87027ac22fc79cfe2d55d9a9d097d0f8eb425cf182de1b872080930ec.exe,MALWARE,0.9999
/home/heph/Documents/code/ransom/new/mb_dataset/samples/a8c4b8096fd12078acf5f08230e561381fe8d0859a5949825ab411f6312f5da5.exe,MALWARE,0.9997
/home/heph/Documents/code/ransom/new/mb_dataset/samples/98cf38865117a3e333df1fb0a538b97f66fea568746fefb697e76ca8c686a3e3.exe,MALWARE,0.9997
/home/heph/Documents/code/ransom/new/mb_dataset/samples/8f06645838d3d75e44d4527e2928c71af0a7214254867379359eb3e46109cbde.exe,MALWARE,0.9997
/home/heph/Documents/code/ransom/new/mb_dataset/samples/868cb8251a245c416cd92fcbd3e30aa7b7ca7c271760fa120d2435fd3bf2fde9.exe,MALWARE,0.9999
/home/heph/Documents/code/ransom/new/mb_dataset/samples/8587037c15463d10a17094ef8fa9f608cc20c99fa0206ce496b412f8c7f4a1b8.exe,MALWARE,0.9999
/home/heph/Documents/code/ransom/new/mb_dataset/samples/853fa18adc3f9263a0f98a9a257dd70d7e1aee0545ab47a114f44506482bd188.exe,MALWARE,0.9999
/home/heph/Documents/code/ransom/new/mb_dataset/samples/75ef9e3e44ac11bb06f499b9f4f43a4cc331887529b81d0e62aef87178ca5e65.exe,MALWARE,0.9997
/home/heph/Documents/code/ransom/new/mb_dataset/samples/6f89cfef50cadb9e7e986ec913eb8c68bb14af5c576fe98dbe41060edf3cfe8a.exe,MALWARE,0.9997
/home/heph/Documents/code/ransom/new/mb_dataset/samples/6bd34d33ccb47430751ae964ca56ec206da0fa3bdc5eb670fc54edf4c11629bc.exe,MALWARE,0.9997
/home/heph/Documents/code/ransom/new/mb_dataset/samples/63ad8faf3c2b306ccd8aa7874e24e7d48e0f6bbeeb37adab26c2efa1410022c4.exe,MALWARE,0.9987
/home/heph/Documents/code/ransom/new/mb_dataset/samples/61d26a517d9a6dfaa47a65828a244f122d89e565dd86a2a6ac860aa95d9304a4.exe,MALWARE,0.9997
/home/heph/Documents/code/ransom/new/mb_dataset/samples/5e03e3d93a456405952cdadee3018043789f118b871b93d113ce371c079f19dd.exe,MALWARE,0.9997
/home/heph/Documents/code/ransom/new/mb_dataset/samples/573873b7b2fbb390ff21bb4e986f69fa25a1f3eea2c5fe446d46c186ab92257d.exe,MALWARE,0.9997
/home/heph/Documents/code/ransom/new/mb_dataset/samples/4abf2d4b604ad5c3dca0006e9762562ea104e76e7c0dcfa8fddafda8b11b2eaf.exe,MALWARE,0.9997
/home/heph/Documents/code/ransom/new/mb_dataset/samples/444169e156b48a54e9f96b6b3a1c333670546663c8a2e14e561884c052420043.exe,MALWARE,0.9997
/home/heph/Documents/code/ransom/new/mb_dataset/samples/352cd5d318e4cff15910dc70b609ef9bf1d1ee0b7f01e186bedb5e7d245e3ec6.exe,MALWARE,0.9997
/home/heph/Documents/code/ransom/new/mb_dataset/samples/346fdff8d24cbb7ebd56f60933beca37a4437b5e1eb6e64f7ab21d48c862b5b7.exe,MALWARE,0.9988
/home/heph/Documents/code/ransom/new/mb_dataset/samples/2c245db9fb9b2c6e84832662dda3dfff3c6b21128d9fec115f5b989fb090841d.exe,MALWARE,0.9997
/home/heph/Documents/code/ransom/new/mb_dataset/samples/22a5872ba6adfe449e46d9a223cb7567697e30f89d6d42095e48de3033359de3.exe,MALWARE,0.9997
/home/heph/Documents/code/ransom/new/mb_dataset/samples/209779474d4b8e7246245092e7d094ce5730c5c1d36bc03d9b8120f211dc3ebe.exe,MALWARE,0.9997
/home/heph/Documents/code/ransom/new/mb_dataset/samples/162ae350c47c2e14864d0c0f927bf424eb6b844017329c9b1e216f3e2d724d98.exe,MALWARE,0.9997
/home/heph/Documents/code/ransom/new/mb_dataset/samples/0d7ee7ce88e790ad66aa53589f5a2638207bc3adf2eb4f8a813fd52b5b22ba27.exe,MALWARE,0.9997
/home/heph/Documents/code/ransom/new/mb_dataset/samples/0afd99c3f7593c760c4001313963f3e7fd709ca56046044033d790602a8cb378.exe,MALWARE,0.9996
/home/heph/Documents/code/ransom/new/mb_dataset/samples/07b743dffd93be79b3ae4e8d5e0f05aec66af1115c4ec070df4cd35e800452d7.exe,MALWARE,0.9997
/home/heph/Documents/code/ransom/new/mb_dataset/samples/02cb34da6e620d9428f9c8f375fe96a397464d272f723abd8296c4b420fb0e77.exe,MALWARE,0.9997
/home/heph/Documents/code/ransom/new/mb_dataset/samples/f4ccf3d32f438869e6a518ec970e0724b52abd3a39a4c2891fa3c2d3a4835a6e.exe,MALWARE,0.9997
/home/heph/Documents/code/ransom/new/mb_dataset/samples/f298725e197f974b7a8407c5d79114a4ac322c573813d543141ccf1d9119dd8b.exe,MALWARE,0.9997
/home/heph/Documents/code/ransom/new/mb_dataset/samples/ef8e48bd72babfdc3e9c15309d8a3a2abab38907f6522c476c2e71bbc70402b8.exe,SUSPICIOUS,0.7048
/home/heph/Documents/code/ransom/new/mb_dataset/samples/c21ecd18f0bbb28112240013ad42dad5c01d20927791239ada5b61e1c6f5f010.exe,MALWARE,0.9997
/home/heph/Documents/code/ransom/new/mb_dataset/samples/b2d68a79a621c3f9e46f9df52ed19b8fec22c3cf5f4e3d8630a2bc68fd43d2ee.exe,MALWARE,0.9997
/home/heph/Documents/code/ransom/new/mb_dataset/samples/a9a147313861a5a4e7abd76b3287ce5f6183966b89c5ca95c0e0cf587f40189d.exe,MALWARE,0.9997
/home/heph/Documents/code/ransom/new/mb_dataset/samples/882e89ea1b8d70646bdf6476d8cb46991b950f27e03e93bf49ea3209c2d69581.exe,MALWARE,0.9997
/home/heph/Documents/code/ransom/new/mb_dataset/samples/86c54f746b7af0ffaa40444e44b4dfd8e2d598bb31ad932cc2fb1ac1c83237ce.exe,MALWARE,0.9999
/home/heph/Documents/code/ransom/new/mb_dataset/samples/84b8dbafd5cd64fb300b30bf943430a18f34cad3f0d8f7251d34354fea85aab2.exe,MALWARE,0.9997
/home/heph/Documents/code/ransom/new/mb_dataset/samples/74fd9bbdd8a484640e4b0405a1da84734a0a9c2604ac1b0a39fa2e28b0c12614.exe,MALWARE,0.9997
/home/heph/Documents/code/ransom/new/mb_dataset/samples/664a129052f024acaca3ca8df9b52a432e2172678b1f80af82fcd2ec9d642e18.exe,MALWARE,0.9997
/home/heph/Documents/code/ransom/new/mb_dataset/samples/4df67a9e8abab33856a586cea38b0d365fbbe0d91ee848f270c65f0125d2d677.exe,MALWARE,0.9997
/home/heph/Documents/code/ransom/new/mb_dataset/samples/3ba905e1cda7307163d4c8fe3fd03c2fbce7eda030522084e33d0604c204630e.exe,MALWARE,0.9997
/home/heph/Documents/code/ransom/new/mb_dataset/samples/29aef790399029029e0443455d72a8b928854a0706f2e211ae7a03bba0e3d4f4.exe,MALWARE,0.9997
/home/heph/Documents/code/ransom/new/mb_dataset/samples/1228d0f04f0ba82569fc1c0609f9fd6c377a91b9ea44c1e7f9f84b2b90552da2.exe,MALWARE,0.9999
/home/heph/Documents/code/ransom/new/mb_dataset/samples/d841d0a10e8b6885f1b8e1282c70e88d4f74471fbbe1b4b6f29b4ca238b1e8cb.exe,SUSPICIOUS,0.9364
/home/heph/Documents/code/ransom/new/mb_dataset/samples/48d7cd572f14aed7a90d6b66097a885a889e6e7416a6aaa2eb442706ff661275.exe,MALWARE,0.9999
/home/heph/Documents/code/ransom/new/mb_dataset/samples/0ff4058f709d278ed662719b9627618c48e7a656c59f6bfecda9081c7cbd742b.exe,MALWARE,0.9999
/home/heph/Documents/code/ransom/new/mb_dataset/samples/2946ef53c8fec94dcdf9d3a1afc077ee9a3869eacb0879cb082ee0ce3de6a2e7.exe,MALWARE,0.9998
/home/heph/Documents/code/ransom/new/mb_dataset/samples/46a8c1e768f632d69d06bfbd93932d102965c9e3f7c37d4a92e30aaeca905675.exe,MALWARE,0.9999
/home/heph/Documents/code/ransom/new/mb_dataset/samples/c14dd4a0831ea2548e1ddfd54b9704fe8ad0057924ede041c8c064b66690a028.exe,MALWARE,0.9999
/home/heph/Documents/code/ransom/new/mb_dataset/samples/7b7c16367746efe7583ae46235b2f062ce44602dda990c9a11a730d619b8d365.exe,MALWARE,0.9488
/home/heph/Documents/code/ransom/new/mb_dataset/samples/cc7852dc77152c57aa51e7b7dc34e09e086bba8845334d28d652b07adbc651bb.exe,MALWARE,0.9957
/home/heph/Documents/code/ransom/new/mb_dataset/samples/4a29b0f61b09b0e5f6736021f3fddde78737f8bd24afbb61fbb67999a09ebc7f.exe,MALWARE,0.9957
/home/heph/Documents/code/ransom/new/mb_dataset/samples/40f2f1b52877c4859614a065d6d538c9c07e6dfe7b763d76c2919daeda7cbbeb.exe,MALWARE,0.9903
/home/heph/Documents/code/ransom/new/mb_dataset/samples/c7c9f8f68348fbd26aae20c9ccb1aefd1cfce63897efa4c64abe7ac480253259.exe,MALWARE,0.9459
/home/heph/Documents/code/ransom/new/mb_dataset/samples/f25bac7d622cd257c9668067e7499c0587e14f5c9719177df836c0778a420ee2.exe,MALWARE,0.9913
/home/heph/Documents/code/ransom/new/mb_dataset/samples/cc95a8d100f70d0fbf4af14e852aa108bdb0e36db4054c3f60b3515818a71f46.exe,MALWARE,0.9957
/home/heph/Documents/code/ransom/new/mb_dataset/samples/e24f69aa8738d14b85ad76a1783d51120b8b6ba467190fe7d8f96ad2969c8fdf.exe,MALWARE,0.9998
/home/heph/Documents/code/ransom/new/mb_dataset/samples/48689c986eb553e6a7aeba973501b9660cb1418d4ec3ba9d0511f82799d1422c.exe,MALWARE,0.9999
/home/heph/Documents/code/ransom/new/mb_dataset/samples/10d2acf2624e52b9dd5f5a78b14bcdf7728bb9ef76f90008f622a5381d555952.exe,MALWARE,0.9999
/home/heph/Documents/code/ransom/new/mb_dataset/samples/bcb69244dc69a152af4dca3849bb4f3ca634ad785926304c672dbf8a3c38e7bc.exe,MALWARE,0.9999
/home/heph/Documents/code/ransom/new/mb_dataset/samples/01aa2cf8db4badde36f1896d341e31c0fe91a51772f1aa50b9f59ba368973993.exe,MALWARE,0.9498
/home/heph/Documents/code/ransom/new/mb_dataset/samples/93f3b587a2a8e5515dc08ee47eef4d02805e5fccefde4a29e780946124257a56.exe,MALWARE,0.9999
/home/heph/Documents/code/ransom/new/mb_dataset/samples/0f081ea4e30ca05fc2977235bf239992b17fa9968b58b001990e4539f0899269.exe,MALWARE,0.9999
/home/heph/Documents/code/ransom/new/mb_dataset/samples/fa4626e2c5984d7868a685c5102530bd8260d0b31ef06d2ce2da7636da48d2d6.exe,MALWARE,0.9999
/home/heph/Documents/code/ransom/new/mb_dataset/samples/dccc689c986e357d5dbdc987e72e6b8a0e9017cbf347449b27c84b8b7b9d507a.exe,MALWARE,0.9652
/home/heph/Documents/code/ransom/new/mb_dataset/samples/139480e1c4ae77b2b865460af38b48ad32fbc8a68c3c657baac3ab3896226192.exe,MALWARE,0.9976
/home/heph/Documents/code/ransom/new/mb_dataset/samples/15208030eda48b3786f7d85d756d2bd6596ef0f465d9c8509a8f02c53fad9a10.exe,MALWARE,0.9999
