2026-03-02 00:44:05 | MODIFIED | C:\ProgramData\Microsoft\Search\Data\Applications\Windows\Windows-gather.db-wal
2026-03-02 00:44:05 | MODIFIED | C:\ProgramData\Microsoft\Search\Data\Applications\Windows\Windows-gather.db
2026-03-02 00:44:05 | MODIFIED | C:\ProgramData\Microsoft\Search\Data\Applications\Windows\Windows-gather.db-wal
2026-03-02 00:44:07 | MODIFIED | C:\Users\hp world\AppData\Local\Microsoft\OneDrive\logs\Personal\SyncEngine-2026-03-01.1913.3556.838.aodl
2026-03-02 00:44:07 | MODIFIED | C:\Windows\Panther\monitor\WinSetupMon.log
2026-03-02 00:44:07 | CREATED | C:\Users\hp world\AppData\Local\Microsoft\OneDrive\logs\Personal\SyncEngine-2026-03-01.1914.3556.839.aodl
2026-03-02 00:44:07 | MODIFIED | C:\Users\hp world\AppData\Local\Microsoft\OneDrive\logs\Personal\SyncEngine-2026-03-01.1914.3556.839.aodl
2026-03-02 00:44:07 | CREATED | C:\Users\hp world\AppData\Roaming\Code\User\workspaceStorage\16b7c7ad893b27922f971aa5ea6645b5\state.vscdb-journal
2026-03-02 00:44:07 | MODIFIED | C:\Users\hp world\AppData\Roaming\Code\User\workspaceStorage\16b7c7ad893b27922f971aa5ea6645b5\state.vscdb-journal
2026-03-02 00:44:07 | MODIFIED | C:\Users\hp world\AppData\Roaming\Code\User\workspaceStorage\16b7c7ad893b27922f971aa5ea6645b5\state.vscdb-journal
2026-03-02 00:44:07 | MODIFIED | C:\Users\hp world\AppData\Roaming\Code\User\workspaceStorage\16b7c7ad893b27922f971aa5ea6645b5\state.vscdb
2026-03-02 00:44:07 | MODIFIED | C:\Users\hp world\AppData\Roaming\Code\User\workspaceStorage\16b7c7ad893b27922f971aa5ea6645b5\state.vscdb-journal
2026-03-02 00:44:07 | MODIFIED | C:\Windows\Panther\monitor\WinSetupMon.log
2026-03-02 00:44:07 | MODIFIED | C:\Users\hp world\AppData\Local\Programs\Python\Python312\python.exe
2026-03-02 00:44:08 | MODIFIED | C:\Users\hp world\AppData\Local\Microsoft\OneDrive\logs\Personal\SyncEngine-2026-03-01.1914.3556.839.aodl
2026-03-02 00:44:08 | MODIFIED | C:\Windows\Panther\monitor\WinSetupMon.log
2026-03-02 00:44:08 | CREATED | C:\Users\hp world\AppData\Local\Microsoft\OneDrive\logs\Personal\SyncEngine-2026-03-01.1914.3556.840.aodl
2026-03-02 00:44:08 | MODIFIED | C:\Users\hp world\AppData\Local\Microsoft\OneDrive\logs\Personal\SyncEngine-2026-03-01.1914.3556.840.aodl
2026-03-02 00:44:09 | MODIFIED | C:\Users\hp world\AppData\Local\Microsoft\OneDrive\logs\Personal\SyncEngine-2026-03-01.1914.3556.840.aodl
2026-03-02 00:44:09 | MODIFIED | C:\Windows\Panther\monitor\WinSetupMon.log
2026-03-02 00:44:09 | CREATED | C:\Users\hp world\AppData\Local\Microsoft\OneDrive\logs\Personal\SyncEngine-2026-03-01.1914.3556.841.aodl
2026-03-02 00:44:09 | MODIFIED | C:\Users\hp world\AppData\Local\Microsoft\OneDrive\logs\Personal\SyncEngine-2026-03-01.1914.3556.841.aodl
2026-03-02 00:44:09 | MODIFIED | C:\Users\hp world\AppData\Local\Microsoft\OneDrive\logs\Personal\SyncEngine-2026-03-01.1914.3556.841.aodl
2026-03-02 00:44:09 | MODIFIED | C:\Users\hp world\AppData\Local\Microsoft\OneDrive\logs\Personal\SyncEngine-2026-03-01.1914.3556.841.aodl
2026-03-02 00:44:09 | MODIFIED | C:\Users\hp world\AppData\Local\Microsoft\OneDrive\logs\Personal\SyncEngine-2026-03-01.1914.3556.841.aodl
2026-03-02 00:44:09 | MODIFIED | C:\Users\hp world\AppData\Local\Microsoft\OneDrive\logs\Personal\SyncEngine-2026-03-01.1914.3556.841.aodl
2026-03-02 00:44:09 | MODIFIED | C:\Users\hp world\AppData\Local\Microsoft\OneDrive\logs\Personal\SyncEngine-2026-03-01.1914.3556.841.aodl
2026-03-02 00:44:10 | MODIFIED | C:\Users\hp world\AppData\Local\Microsoft\OneDrive\logs\Personal\SyncEngine-2026-03-01.1914.3556.841.aodl
2026-03-02 00:44:10 | MODIFIED | C:\Windows\Panther\monitor\WinSetupMon.log
2026-03-02 00:44:10 | CREATED | C:\Users\hp world\AppData\Local\Microsoft\OneDrive\logs\Personal\SyncEngine-2026-03-01.1914.3556.842.aodl
2026-03-02 00:44:10 | MODIFIED | C:\Windows\ServiceState\EventLog\Data\lastalive0.dat
2026-03-02 00:44:11 | MODIFIED | C:\Windows\System32\winevt\Logs\Microsoft-Windows-Store%4Operational.evtx
2026-03-02 00:44:11 | MODIFIED | C:\Windows\System32\winevt\Logs\Microsoft-Windows-Ntfs%4Operational.evtx
2026-03-02 00:44:11 | MODIFIED | C:\Windows\System32\winevt\Logs\Microsoft-Windows-AppXDeploymentServer%4Operational.evtx
2026-03-02 00:44:11 | MODIFIED | C:\Windows\System32\winevt\Logs\Microsoft-Windows-AppModel-Runtime%4Admin.evtx
2026-03-02 00:44:11 | MODIFIED | C:\Users\hp world\AppData\Local\Microsoft\OneDrive\logs\Personal\SyncEngine-2026-03-01.1914.3556.842.aodl
2026-03-02 00:44:11 | MODIFIED | C:\Windows\Panther\monitor\WinSetupMon.log
2026-03-02 00:44:11 | CREATED | C:\Users\hp world\AppData\Local\Microsoft\OneDrive\logs\Personal\SyncEngine-2026-03-01.1914.3556.843.aodl
2026-03-02 00:44:11 | MODIFIED | C:\Users\hp world\AppData\Local\Microsoft\OneDrive\logs\Personal\SyncEngine-2026-03-01.1914.3556.843.aodl
2026-03-02 00:44:11 | MODIFIED | C:\Users\hp world\AppData\Local\Packages\5319275A.WhatsAppDesktop_cv1g1gvanyjgm\LocalCache\EBWebView\Default\WebStorage\QuotaManager-journal
2026-03-02 00:44:11 | MODIFIED | C:\Users\hp world\AppData\Local\Packages\5319275A.WhatsAppDesktop_cv1g1gvanyjgm\LocalCache\EBWebView\Default\WebStorage\QuotaManager-journal
2026-03-02 00:44:11 | MODIFIED | C:\Users\hp world\AppData\Local\Packages\5319275A.WhatsAppDesktop_cv1g1gvanyjgm\LocalCache\EBWebView\Default\WebStorage\QuotaManager
2026-03-02 00:44:11 | MODIFIED | C:\Users\hp world\AppData\Local\Packages\5319275A.WhatsAppDesktop_cv1g1gvanyjgm\LocalCache\EBWebView\Default\WebStorage\QuotaManager-journal
2026-03-02 00:44:12 | MODIFIED | C:\Users\hp world\AppData\Local\Microsoft\OneDrive\logs\Personal\SyncEngine-2026-03-01.1914.3556.843.aodl
2026-03-02 00:44:12 | MODIFIED | C:\Windows\Panther\monitor\WinSetupMon.log
2026-03-02 00:44:12 | CREATED | C:\Users\hp world\AppData\Local\Microsoft\OneDrive\logs\Personal\SyncEngine-2026-03-01.1914.3556.844.aodl
2026-03-02 00:44:12 | MODIFIED | C:\Users\hp world\AppData\Local\Microsoft\OneDrive\logs\Personal\SyncEngine-2026-03-01.1914.3556.844.aodl
2026-03-02 00:44:12 | MODIFIED | C:\Users\hp world\AppData\Local\Microsoft\OneDrive\logs\Personal\SyncEngine-2026-03-01.1914.3556.844.aodl
2026-03-02 00:44:12 | MODIFIED | C:\Windows\Panther\monitor\WinSetupMon.log
2026-03-02 00:44:12 | CREATED | C:\Users\hp world\AppData\Local\Microsoft\OneDrive\logs\Personal\SyncEngine-2026-03-01.1914.3556.845.aodl
2026-03-02 00:44:12 | MODIFIED | C:\Users\hp world\AppData\Local\Microsoft\OneDrive\logs\Personal\SyncEngine-2026-03-01.1914.3556.845.aodl
2026-03-02 00:44:12 | MODIFIED | C:\Users\hp world\AppData\Local\Microsoft\OneDrive\logs\Personal\SyncEngine-2026-03-01.1914.3556.845.aodl
2026-03-02 00:44:12 | MODIFIED | C:\Users\hp world\AppData\Local\Microsoft\OneDrive\logs\Personal\SyncEngine-2026-03-01.1914.3556.845.aodl
2026-03-02 00:44:12 | MODIFIED | C:\Users\hp world\AppData\Local\Microsoft\OneDrive\logs\Personal\SyncEngine-2026-03-01.1914.3556.845.aodl
2026-03-02 00:44:12 | MODIFIED | C:\Users\hp world\AppData\Local\Microsoft\OneDrive\logs\Personal\SyncEngine-2026-03-01.1914.3556.845.aodl
2026-03-02 00:44:12 | MODIFIED | C:\Users\hp world\AppData\Local\Packages\5319275A.WhatsAppDesktop_cv1g1gvanyjgm\LocalCache\EBWebView\Default\IndexedDB\https_web.whatsapp.com_0.indexeddb.leveldb\036507.log
2026-03-02 00:44:12 | MODIFIED | C:\Users\hp world\AppData\Local\Microsoft\OneDrive\logs\Personal\SyncEngine-2026-03-01.1914.3556.845.aodl
2026-03-02 00:44:12 | MODIFIED | C:\Windows\Panther\monitor\WinSetupMon.log
2026-03-02 00:44:12 | CREATED | C:\Users\hp world\AppData\Local\Microsoft\OneDrive\logs\Personal\SyncEngine-2026-03-01.1914.3556.846.aodl
2026-03-02 00:44:12 | MODIFIED | C:\Users\hp world\AppData\Local\Microsoft\OneDrive\logs\Personal\SyncEngine-2026-03-01.1914.3556.846.aodl
2026-03-02 00:44:12 | MODIFIED | C:\Users\hp world\AppData\Local\Microsoft\OneDrive\logs\Personal\SyncEngine-2026-03-01.1914.3556.846.aodl
2026-03-02 00:44:12 | MODIFIED | C:\Users\hp world\AppData\Local\Microsoft\OneDrive\logs\Personal\SyncEngine-2026-03-01.1914.3556.846.aodl
2026-03-02 00:44:12 | MODIFIED | C:\Users\hp world\AppData\Local\Microsoft\OneDrive\logs\Personal\SyncEngine-2026-03-01.1914.3556.846.aodl
2026-03-02 00:44:12 | MODIFIED | C:\Users\hp world\AppData\Local\Microsoft\OneDrive\logs\Personal\SyncEngine-2026-03-01.1914.3556.846.aodl
2026-03-02 00:44:12 | MODIFIED | C:\Users\hp world\AppData\Local\Microsoft\OneDrive\logs\Personal\SyncEngine-2026-03-01.1914.3556.846.aodl
2026-03-02 00:44:12 | MODIFIED | C:\Users\hp world\AppData\Local\Microsoft\OneDrive\logs\Personal\SyncEngine-2026-03-01.1914.3556.846.aodl
2026-03-02 00:44:12 | MODIFIED | C:\Users\hp world\AppData\Local\Microsoft\OneDrive\logs\Personal\SyncEngine-2026-03-01.1914.3556.846.aodl
2026-03-02 00:44:12 | MODIFIED | C:\Users\hp world\AppData\Local\Microsoft\OneDrive\logs\Personal\SyncEngine-2026-03-01.1914.3556.846.aodl
2026-03-02 00:44:12 | MODIFIED | C:\Users\hp world\AppData\Local\Microsoft\OneDrive\logs\Personal\SyncEngine-2026-03-01.1914.3556.846.aodl
2026-03-02 00:44:12 | MODIFIED | C:\Users\hp world\AppData\Local\Microsoft\OneDrive\logs\Personal\SyncEngine-2026-03-01.1914.3556.846.aodl
2026-03-02 00:44:13 | MODIFIED | C:\Users\hp world\AppData\Local\Microsoft\OneDrive\logs\Personal\SyncEngine-2026-03-01.1914.3556.846.aodl
2026-03-02 00:44:13 | MODIFIED | C:\Windows\Panther\monitor\WinSetupMon.log
2026-03-02 00:44:13 | CREATED | C:\Users\hp world\AppData\Local\Microsoft\OneDrive\logs\Personal\SyncEngine-2026-03-01.1914.3556.847.aodl
2026-03-02 00:44:13 | MODIFIED | C:\ProgramData\Microsoft\Search\Data\Applications\Windows\Windows-gather.db-wal
2026-03-02 00:44:13 | MODIFIED | C:\Users\hp world\AppData\Local\Microsoft\OneDrive\logs\Personal\SyncEngine-2026-03-01.1914.3556.847.aodl
2026-03-02 00:44:13 | MODIFIED | C:\Windows\Panther\monitor\WinSetupMon.log
2026-03-02 00:44:13 | CREATED | C:\Users\hp world\AppData\Local\Microsoft\OneDrive\logs\Personal\SyncEngine-2026-03-01.1914.3556.848.aodl
2026-03-02 00:44:13 | MODIFIED | C:\Users\hp world\AppData\Local\Microsoft\OneDrive\logs\Personal\SyncEngine-2026-03-01.1914.3556.848.aodl
2026-03-02 00:44:13 | MODIFIED | C:\Windows\Panther\monitor\WinSetupMon.log
2026-03-02 00:44:13 | CREATED | C:\Users\hp world\AppData\Local\Microsoft\OneDrive\logs\Personal\SyncEngine-2026-03-01.1914.3556.849.aodl
2026-03-02 00:44:13 | MODIFIED | C:\Users\hp world\AppData\Local\Microsoft\OneDrive\logs\Personal\SyncEngine-2026-03-01.1914.3556.849.aodl
2026-03-02 00:44:13 | MODIFIED | C:\Users\hp world\AppData\Local\Microsoft\OneDrive\logs\Personal\SyncEngine-2026-03-01.1914.3556.849.aodl
2026-03-02 00:44:13 | MODIFIED | C:\Users\hp world\AppData\Local\Microsoft\OneDrive\logs\Personal\SyncEngine-2026-03-01.1914.3556.849.aodl
2026-03-02 00:44:13 | MODIFIED | C:\Users\hp world\AppData\Local\Microsoft\OneDrive\logs\Personal\SyncEngine-2026-03-01.1914.3556.849.aodl
2026-03-02 00:44:13 | MODIFIED | C:\Users\hp world\AppData\Local\Microsoft\OneDrive\logs\Personal\SyncEngine-2026-03-01.1914.3556.849.aodl
2026-03-02 00:44:13 | MODIFIED | C:\Users\hp world\AppData\Local\Microsoft\OneDrive\logs\Personal\SyncEngine-2026-03-01.1914.3556.849.aodl
2026-03-02 00:44:13 | MODIFIED | C:\Users\hp world\AppData\Local\Microsoft\OneDrive\logs\Personal\SyncEngine-2026-03-01.1914.3556.849.aodl
2026-03-02 00:44:13 | MODIFIED | C:\Users\hp world\AppData\Local\Microsoft\OneDrive\logs\Personal\SyncEngine-2026-03-01.1914.3556.849.aodl
2026-03-02 00:44:13 | MODIFIED | C:\Users\hp world\AppData\Local\Microsoft\OneDrive\settings\Personal\SettingsDatabase.db-wal
2026-03-02 00:44:14 | MODIFIED | C:\Users\hp world\AppData\Local\Microsoft\OneDrive\settings\Personal\SyncEngineDatabase.db-wal
2026-03-02 00:44:15 | MODIFIED | C:\Windows\Prefetch\PYTHON.EXE-D34C85E2.pf
2026-03-02 00:44:15 | MODIFIED | C:\Windows\Prefetch\PYTHON.EXE-D34C85E2.pf
2026-03-02 00:44:15 | MODIFIED | C:\Windows\Prefetch\PYTHON.EXE-F984279B.pf
2026-03-02 00:44:15 | MODIFIED | C:\Windows\Prefetch\PYTHON.EXE-F984279B.pf
2026-03-02 00:44:15 | CREATED | C:\Users\hp world\AppData\Roaming\Code\User\globalStorage\storage.json.vsctmp
2026-03-02 00:44:15 | MODIFIED | C:\Users\hp world\AppData\Roaming\Code\User\globalStorage\storage.json.vsctmp
2026-03-02 00:44:15 | MODIFIED | C:\Windows\Panther\monitor\WinSetupMon.log
2026-03-02 00:44:16 | MODIFIED | C:\Users\hp world\AppData\Local\Microsoft\OneDrive\logs\Personal\SyncEngine-2026-03-01.1914.3556.849.aodl
2026-03-02 00:44:16 | MODIFIED | C:\Windows\Panther\monitor\WinSetupMon.log
2026-03-02 00:44:16 | CREATED | C:\Users\hp world\AppData\Local\Microsoft\OneDrive\logs\Personal\SyncEngine-2026-03-01.1914.3556.850.aodl
2026-03-02 00:44:16 | MODIFIED | C:\Users\hp world\AppData\Local\Microsoft\OneDrive\logs\Personal\SyncEngine-2026-03-01.1914.3556.850.aodl
2026-03-02 00:44:16 | MODIFIED | C:\Users\hp world\AppData\Local\Microsoft\OneDrive\logs\Personal\SyncEngine-2026-03-01.1914.3556.850.aodl
2026-03-02 00:44:17 | MODIFIED | C:\Windows\Temp\_avg_\nsfsp0000000F.tmp
2026-03-02 00:44:17 | MODIFIED | C:\Windows\Temp\_avg_\nsfsp0000000F.tmp
2026-03-02 00:44:17 | MODIFIED | C:\Users\hp world\AppData\Local\Microsoft\OneDrive\logs\Personal\SyncEngine-2026-03-01.1914.3556.850.aodl
2026-03-02 00:44:17 | MODIFIED | C:\Windows\Panther\monitor\WinSetupMon.log
2026-03-02 00:44:17 | CREATED | C:\Users\hp world\AppData\Local\Microsoft\OneDrive\logs\Personal\SyncEngine-2026-03-01.1914.3556.851.aodl
2026-03-02 00:44:17 | MODIFIED | C:\Users\hp world\AppData\Local\Microsoft\OneDrive\logs\Personal\SyncEngine-2026-03-01.1914.3556.851.aodl
2026-03-02 00:44:17 | MODIFIED | C:\ProgramData\Microsoft\Search\Data\Applications\Windows\Windows-gather.db-wal
2026-03-02 00:44:18 | MODIFIED | C:\Users\hp world\AppData\Local\Microsoft\OneDrive\logs\Personal\SyncEngine-2026-03-01.1914.3556.851.aodl
2026-03-02 00:44:18 | MODIFIED | C:\Windows\Panther\monitor\WinSetupMon.log
2026-03-02 00:44:18 | CREATED | C:\Users\hp world\AppData\Local\Microsoft\OneDrive\logs\Personal\SyncEngine-2026-03-01.1914.3556.852.aodl
2026-03-02 00:44:18 | MODIFIED | C:\Users\hp world\AppData\Local\Microsoft\OneDrive\logs\Personal\SyncEngine-2026-03-01.1914.3556.852.aodl
2026-03-02 00:44:18 | MODIFIED | C:\Users\hp world\AppData\Local\Microsoft\OneDrive\logs\Personal\SyncEngine-2026-03-01.1914.3556.852.aodl
2026-03-02 00:44:18 | MODIFIED | C:\Windows\Panther\monitor\WinSetupMon.log
2026-03-02 00:44:18 | CREATED | C:\Users\hp world\AppData\Local\Microsoft\OneDrive\logs\Personal\SyncEngine-2026-03-01.1914.3556.853.aodl
2026-03-02 00:44:18 | MODIFIED | C:\Users\hp world\AppData\Local\Microsoft\OneDrive\logs\Personal\SyncEngine-2026-03-01.1914.3556.853.aodl
2026-03-02 00:44:19 | MODIFIED | C:\Users\hp world\AppData\Local\Google\Chrome\User Data\Default\Network\Cookies-journal
2026-03-02 00:44:19 | MODIFIED | C:\Users\hp world\AppData\Local\Google\Chrome\User Data\Default\Network\Cookies-journal
2026-03-02 00:44:19 | MODIFIED | C:\Users\hp world\AppData\Local\Google\Chrome\User Data\Default\Network\Cookies
2026-03-02 00:44:19 | MODIFIED | C:\Users\hp world\AppData\Local\Google\Chrome\User Data\Default\Network\Cookies-journal
2026-03-02 00:44:19 | MODIFIED | C:\Users\hp world\AppData\Local\Google\Chrome\User Data\Default\Network\Cookies-journal
2026-03-02 00:44:19 | MODIFIED | C:\Users\hp world\AppData\Local\Microsoft\OneDrive\logs\Personal\SyncEngine-2026-03-01.1914.3556.853.aodl
2026-03-02 00:44:19 | MODIFIED | C:\Windows\Panther\monitor\WinSetupMon.log
2026-03-02 00:44:19 | CREATED | C:\Users\hp world\AppData\Local\Microsoft\OneDrive\logs\Personal\SyncEngine-2026-03-01.1914.3556.854.aodl
2026-03-02 00:44:19 | MODIFIED | C:\Users\hp world\AppData\Local\Microsoft\OneDrive\logs\Personal\SyncEngine-2026-03-01.1914.3556.854.aodl
2026-03-02 00:44:19 | MODIFIED | C:\Users\hp world\AppData\Local\Microsoft\OneDrive\logs\Personal\SyncEngine-2026-03-01.1914.3556.854.aodl
2026-03-02 00:44:19 | MODIFIED | C:\Users\hp world\AppData\Local\Microsoft\OneDrive\logs\Personal\SyncEngine-2026-03-01.1914.3556.854.aodl
2026-03-02 00:44:19 | MODIFIED | C:\Users\hp world\AppData\Local\Microsoft\OneDrive\logs\Personal\SyncEngine-2026-03-01.1914.3556.854.aodl
2026-03-02 00:44:19 | MODIFIED | C:\Windows\Temp\_avg_\nsfsp00000010.tmp
2026-03-02 00:44:19 | MODIFIED | C:\Windows\Temp\_avg_\nsfsp0000000B.tmp
2026-03-02 00:44:19 | MODIFIED | C:\Windows\System32\Display.dll
2026-03-02 00:44:19 | MODIFIED | C:\Windows\System32\en-US\Display.dll.mui
2026-03-02 00:44:19 | MODIFIED | C:\Program Files\Microsoft Office\root\vfs\ProgramFilesCommonX64\Microsoft Shared\OFFICE16\oregres.dll
2026-03-02 00:44:19 | MODIFIED | C:\Program Files\Microsoft Office\root\vfs\ProgramFilesCommonX64\Microsoft Shared\OFFICE16\en-us\oregres.dll.mui
2026-03-02 00:44:19 | MODIFIED | C:\ProgramData\Microsoft\Windows\AppRepository\Packages\Microsoft.PowerToys.PowerRenameContextMenu_0.69.1.0_neutral__8wekyb3d8bbwe\S-1-5-21-2117505682-998817313-2681526960-1001.pckgdep
2026-03-02 00:44:19 | MODIFIED | C:\Program Files\Microsoft OneDrive\26.017.0126.0002\Assets\Square44x44Logo.altform-unplated_targetsize-24.png
2026-03-02 00:44:19 | MODIFIED | C:\Users\hp world\AppData\Local\Packages\Microsoft.PowerToys.PowerRenameContextMenu_8wekyb3d8bbwe\SystemAppData\Helium\User.dat
2026-03-02 00:44:19 | MODIFIED | C:\Users\hp world\AppData\Local\Packages\Microsoft.PowerToys.PowerRenameContextMenu_8wekyb3d8bbwe\SystemAppData\Helium\UserClasses.dat
2026-03-02 00:44:19 | MODIFIED | C:\ProgramData\Packages\Microsoft.PowerToys.PowerRenameContextMenu_8wekyb3d8bbwe\S-1-5-21-2117505682-998817313-2681526960-1001\SystemAppData\Helium\Cache
2026-03-02 00:44:19 | MODIFIED | C:\Users\hp world\AppData\Local\Microsoft\OneDrive\logs\Personal\SyncEngine-2026-03-01.1914.3556.854.aodl
2026-03-02 00:44:19 | MODIFIED | C:\ProgramData\Packages\Microsoft.PowerToys.PowerRenameContextMenu_8wekyb3d8bbwe\S-1-5-21-2117505682-998817313-2681526960-1001\SystemAppData\Helium\Cache\3d431036a46cf16e_COM15.dat
2026-03-02 00:44:19 | MODIFIED | C:\Windows\Panther\monitor\WinSetupMon.log
2026-03-02 00:44:19 | CREATED | C:\Users\hp world\AppData\Local\Microsoft\OneDrive\logs\Personal\SyncEngine-2026-03-01.1914.3556.855.aodl
2026-03-02 00:44:19 | MODIFIED | C:\Users\hp world\AppData\Local\Microsoft\OneDrive\logs\Personal\SyncEngine-2026-03-01.1914.3556.855.aodl
2026-03-02 00:44:19 | MODIFIED | C:\ProgramData\Microsoft\Windows\AppRepository\Packages\Microsoft.WindowsTerminal_1.23.20211.0_x64__8wekyb3d8bbwe\S-1-5-21-2117505682-998817313-2681526960-1001.pckgdep
2026-03-02 00:44:20 | MODIFIED | C:\Windows\SystemApps\MicrosoftWindows.Client.FileExp_cw5n1h2txyewy\FileExplorerExtensions\Assets\images\contrast-standard\theme-dark\View.svg
2026-03-02 00:44:20 | MODIFIED | C:\Windows\SystemApps\MicrosoftWindows.Client.FileExp_cw5n1h2txyewy\FileExplorerExtensions\Assets\images\contrast-standard\theme-dark\windows.sortbycolumn.svg
2026-03-02 00:44:20 | MODIFIED | C:\Users\hp world\AppData\Local\Packages\Microsoft.WindowsTerminal_8wekyb3d8bbwe\SystemAppData\Helium\User.dat
2026-03-02 00:44:20 | MODIFIED | C:\Windows\SystemApps\MicrosoftWindows.Client.FileExp_cw5n1h2txyewy\FileExplorerExtensions\Assets\images\contrast-standard\theme-dark\windows.refresh.svg
2026-03-02 00:44:20 | MODIFIED | C:\Users\hp world\AppData\Local\Packages\Microsoft.WindowsTerminal_8wekyb3d8bbwe\SystemAppData\Helium\UserClasses.dat
2026-03-02 00:44:20 | MODIFIED | C:\ProgramData\Packages\Microsoft.WindowsTerminal_8wekyb3d8bbwe\S-1-5-21-2117505682-998817313-2681526960-1001\SystemAppData\Helium\Cache
2026-03-02 00:44:20 | MODIFIED | C:\Windows\SystemApps\MicrosoftWindows.Client.FileExp_cw5n1h2txyewy\FileExplorerExtensions\Assets\images\contrast-standard\theme-dark\windows.newitem.svg
2026-03-02 00:44:20 | MODIFIED | C:\ProgramData\Packages\Microsoft.WindowsTerminal_8wekyb3d8bbwe\S-1-5-21-2117505682-998817313-2681526960-1001\SystemAppData\Helium\Cache\3a3ad21182641916_COM15.dat
2026-03-02 00:44:20 | MODIFIED | C:\Windows\SystemApps\MicrosoftWindows.Client.FileExp_cw5n1h2txyewy\FileExplorerExtensions\Assets\images\contrast-standard\theme-dark\DisplaySettings.svg
2026-03-02 00:44:20 | MODIFIED | C:\Windows\SystemApps\MicrosoftWindows.Client.FileExp_cw5n1h2txyewy\FileExplorerExtensions\Assets\images\contrast-standard\theme-dark\Personalize.svg
2026-03-02 00:44:20 | MODIFIED | C:\Windows\SystemApps\MicrosoftWindows.Client.FileExp_cw5n1h2txyewy\FileExplorerExtensions\Assets\images\contrast-standard\theme-dark\expandtoclassic.svg
2026-03-02 00:44:20 | MODIFIED | C:\ProgramData\Microsoft\Windows\AppRepository\Packages\Microsoft.VisualStudioCode_1.0.109.5_neutral__8wekyb3d8bbwe\S-1-5-21-2117505682-998817313-2681526960-1001.pckgdep
2026-03-02 00:44:20 | MODIFIED | C:\ProgramData\Packages\Microsoft.VisualStudioCode_8wekyb3d8bbwe\S-1-5-21-2117505682-998817313-2681526960-1001\SystemAppData\Helium\Cache
2026-03-02 00:44:20 | MODIFIED | C:\ProgramData\Packages\Microsoft.VisualStudioCode_8wekyb3d8bbwe\S-1-5-21-2117505682-998817313-2681526960-1001\SystemAppData\Helium\Cache\c5f498fe06ad08e6_COM15.dat
2026-03-02 00:44:20 | MODIFIED | C:\Users\hp world\AppData\Local\Google\Chrome\User Data\Default\Network\Reporting and NEL-journal
2026-03-02 00:44:20 | MODIFIED | C:\Users\hp world\AppData\Local\Google\Chrome\User Data\Default\Network\Reporting and NEL-journal
2026-03-02 00:44:20 | MODIFIED | C:\Users\hp world\AppData\Local\Google\Chrome\User Data\Default\Network\Reporting and NEL
2026-03-02 00:44:20 | MODIFIED | C:\Users\hp world\AppData\Local\Google\Chrome\User Data\Default\Network\Reporting and NEL-journal
2026-03-02 00:44:20 | MODIFIED | C:\Windows\SysWOW64\uxtheme.dll
2026-03-02 00:44:20 | MODIFIED | C:\Windows\SysWOW64\Windows.StateRepositoryCore.dll
2026-03-02 00:44:20 | MODIFIED | C:\Windows\SysWOW64\oleaut32.dll
2026-03-02 00:44:20 | MODIFIED | C:\Program Files\Microsoft OneDrive\26.017.0126.0002\FileSyncShell64.dll
2026-03-02 00:44:20 | MODIFIED | C:\ProgramData\Packages\Microsoft.OneDriveSync_8wekyb3d8bbwe\S-1-5-21-2117505682-998817313-2681526960-1001\SystemAppData\Helium\Cache\cfb7526c20df1279_COM15.dat
2026-03-02 00:44:20 | MODIFIED | C:\Users\hp world\AppData\Local\Microsoft\OneDrive\logs\Personal\SyncEngine-2026-03-01.1914.3556.855.aodl
2026-03-02 00:44:20 | MODIFIED | C:\Windows\Panther\monitor\WinSetupMon.log
2026-03-02 00:44:20 | CREATED | C:\Users\hp world\AppData\Local\Microsoft\OneDrive\logs\Personal\SyncEngine-2026-03-01.1914.3556.856.aodl
2026-03-02 00:44:20 | MODIFIED | C:\Users\hp world\AppData\Local\Microsoft\OneDrive\logs\Personal\SyncEngine-2026-03-01.1914.3556.856.aodl
2026-03-02 00:44:20 | MODIFIED | C:\Users\hp world\AppData\Local\Microsoft\OneDrive\logs\Personal\SyncEngine-2026-03-01.1914.3556.856.aodl
2026-03-02 00:44:20 | MODIFIED | C:\Windows\System32\microsoft-windows-system-events.dll
2026-03-02 00:44:20 | MODIFIED | C:\Windows\System32\LicenseManager.dll
2026-03-02 00:44:21 | MODIFIED | C:\Users\hp world\AppData\Local\Microsoft\OneDrive\logs\Personal\SyncEngine-2026-03-01.1914.3556.856.aodl
2026-03-02 00:44:21 | MODIFIED | C:\Windows\Panther\monitor\WinSetupMon.log
2026-03-02 00:44:21 | CREATED | C:\Users\hp world\AppData\Local\Microsoft\OneDrive\logs\Personal\SyncEngine-2026-03-01.1914.3556.857.aodl
2026-03-02 00:44:21 | MODIFIED | C:\Users\hp world\AppData\Local\Microsoft\OneDrive\logs\Personal\SyncEngine-2026-03-01.1914.3556.857.aodl
2026-03-02 00:44:21 | MODIFIED | C:\Users\hp world\AppData\Local\Microsoft\OneDrive\logs\Personal\SyncEngine-2026-03-01.1914.3556.857.aodl
2026-03-02 00:44:21 | MODIFIED | C:\Users\hp world\AppData\Local\Microsoft\OneDrive\logs\Personal\SyncEngine-2026-03-01.1914.3556.857.aodl
2026-03-02 00:44:21 | MODIFIED | C:\Users\hp world\AppData\Local\Microsoft\OneDrive\logs\Personal\SyncEngine-2026-03-01.1914.3556.857.aodl
2026-03-02 00:44:21 | MODIFIED | C:\Users\hp world\AppData\Local\Microsoft\OneDrive\logs\Personal\SyncEngine-2026-03-01.1914.3556.857.aodl
2026-03-02 00:44:21 | MODIFIED | C:\Users\hp world\AppData\Local\Microsoft\OneDrive\logs\Personal\SyncEngine-2026-03-01.1914.3556.857.aodl
2026-03-02 00:44:21 | MODIFIED | C:\Program Files\PowerToys\modules\PowerRename\resources.pri
2026-03-02 00:44:21 | MODIFIED | C:\Program Files\PowerToys\modules\PowerRename\Assets\Square44x44Logo.png
2026-03-02 00:44:21 | MODIFIED | C:\Users\hp world\AppData\Local\Microsoft\OneDrive\logs\Personal\SyncEngine-2026-03-01.1914.3556.857.aodl
2026-03-02 00:44:21 | MODIFIED | C:\Windows\Panther\monitor\WinSetupMon.log
2026-03-02 00:44:21 | CREATED | C:\Users\hp world\AppData\Local\Microsoft\OneDrive\logs\Personal\SyncEngine-2026-03-01.1914.3556.858.aodl
2026-03-02 00:44:21 | MODIFIED | C:\Users\hp world\AppData\Local\Microsoft\OneDrive\logs\Personal\SyncEngine-2026-03-01.1914.3556.858.aodl
2026-03-02 00:44:21 | MODIFIED | C:\Users\hp world\AppData\Local\Microsoft\OneDrive\logs\Personal\SyncEngine-2026-03-01.1914.3556.858.aodl
2026-03-02 00:44:21 | MODIFIED | C:\Users\hp world\AppData\Local\Microsoft\OneDrive\logs\Personal\SyncEngine-2026-03-01.1914.3556.858.aodl
2026-03-02 00:44:21 | MODIFIED | C:\Users\hp world\AppData\Local\Microsoft\OneDrive\logs\Personal\SyncEngine-2026-03-01.1914.3556.858.aodl
2026-03-02 00:44:21 | MODIFIED | C:\Users\hp world\AppData\Local\Microsoft\OneDrive\logs\Personal\SyncEngine-2026-03-01.1914.3556.858.aodl
2026-03-02 00:44:21 | MODIFIED | C:\Users\hp world\AppData\Local\Microsoft\OneDrive\logs\Personal\SyncEngine-2026-03-01.1914.3556.858.aodl
2026-03-02 00:44:21 | MODIFIED | C:\Users\hp world\AppData\Local\Microsoft\OneDrive\logs\Personal\SyncEngine-2026-03-01.1914.3556.858.aodl
2026-03-02 00:44:21 | MODIFIED | C:\Users\hp world\AppData\Local\Microsoft\OneDrive\logs\Personal\SyncEngine-2026-03-01.1914.3556.858.aodl
2026-03-02 00:44:22 | MODIFIED | C:\Users\hp world\AppData\Local\Microsoft\OneDrive\logs\Personal\SyncEngine-2026-03-01.1914.3556.858.aodl
2026-03-02 00:44:22 | MODIFIED | C:\Windows\Panther\monitor\WinSetupMon.log
2026-03-02 00:44:22 | CREATED | C:\Users\hp world\AppData\Local\Microsoft\OneDrive\logs\Personal\SyncEngine-2026-03-01.1914.3556.859.aodl
2026-03-02 00:44:22 | MODIFIED | C:\Users\hp world\AppData\Local\Microsoft\OneDrive\logs\Personal\SyncEngine-2026-03-01.1914.3556.859.aodl
2026-03-02 00:44:22 | MODIFIED | C:\Users\hp world\AppData\Local\Microsoft\OneDrive\logs\Personal\SyncEngine-2026-03-01.1914.3556.859.aodl
2026-03-02 00:44:22 | MODIFIED | C:\Users\hp world\AppData\Local\Microsoft\OneDrive\logs\Personal\SyncEngine-2026-03-01.1914.3556.859.aodl
2026-03-02 00:44:22 | MODIFIED | C:\Users\hp world\AppData\Local\Microsoft\OneDrive\logs\Personal\SyncEngine-2026-03-01.1914.3556.859.aodl
2026-03-02 00:44:22 | MODIFIED | C:\Users\hp world\AppData\Local\Microsoft\OneDrive\logs\Personal\SyncEngine-2026-03-01.1914.3556.859.aodl
2026-03-02 00:44:22 | MODIFIED | C:\Windows\Panther\monitor\WinSetupMon.log
2026-03-02 00:44:22 | CREATED | C:\Users\hp world\AppData\Local\Microsoft\OneDrive\logs\Personal\SyncEngine-2026-03-01.1914.3556.860.aodl
2026-03-02 00:44:22 | MODIFIED | C:\Users\hp world\AppData\Local\Microsoft\OneDrive\logs\Personal\SyncEngine-2026-03-01.1914.3556.860.aodl
2026-03-02 00:44:22 | MODIFIED | C:\Windows\Panther\monitor\WinSetupMon.log
2026-03-02 00:44:22 | CREATED | C:\Users\hp world\AppData\Local\Microsoft\OneDrive\logs\Personal\SyncEngine-2026-03-01.1914.3556.861.aodl
2026-03-02 00:44:22 | MODIFIED | C:\Users\hp world\AppData\Local\Microsoft\OneDrive\logs\Personal\SyncEngine-2026-03-01.1914.3556.861.aodl
2026-03-02 00:44:23 | MODIFIED | C:\Users\hp world\AppData\Local\Microsoft\OneDrive\logs\Personal\SyncEngine-2026-03-01.1914.3556.861.aodl
2026-03-02 00:44:23 | MODIFIED | C:\Windows\Panther\monitor\WinSetupMon.log
2026-03-02 00:44:23 | CREATED | C:\Users\hp world\AppData\Local\Microsoft\OneDrive\logs\Personal\SyncEngine-2026-03-01.1914.3556.862.aodl
2026-03-02 00:44:23 | MODIFIED | C:\Users\hp world\AppData\Local\Microsoft\OneDrive\logs\Personal\SyncEngine-2026-03-01.1914.3556.862.aodl
2026-03-02 00:44:23 | MODIFIED | C:\Windows\Panther\monitor\WinSetupMon.log
2026-03-02 00:44:23 | CREATED | C:\Users\hp world\AppData\Local\Microsoft\OneDrive\logs\Personal\SyncEngine-2026-03-01.1914.3556.863.aodl
2026-03-02 00:44:23 | MODIFIED | C:\Users\hp world\AppData\Local\Microsoft\OneDrive\logs\Personal\SyncEngine-2026-03-01.1914.3556.863.aodl
2026-03-02 00:44:23 | MODIFIED | C:\Users\hp world\AppData\Local\Microsoft\OneDrive\settings\Personal\SettingsDatabase.db-wal
2026-03-02 00:44:23 | MODIFIED | C:\Users\hp world\AppData\Local\Microsoft\OneDrive\settings\Personal\SyncEngineDatabase.db-wal
2026-03-02 00:44:23 | MODIFIED | C:\Users\hp world\AppData\Local\Microsoft\OneDrive\settings\Personal\SyncEngineDatabase.db
2026-03-02 00:44:23 | CREATED | C:\Users\hp world\OneDrive\Desktop\New Text Document (2).txt
2026-03-02 00:44:24 | MODIFIED | C:\Users\hp world\AppData\Local\Microsoft\OneDrive\logs\Personal\SyncEngine-2026-03-01.1914.3556.863.aodl
2026-03-02 00:44:24 | MODIFIED | C:\Windows\Panther\monitor\WinSetupMon.log
2026-03-02 00:44:24 | CREATED | C:\Users\hp world\AppData\Local\Microsoft\OneDrive\logs\Personal\SyncEngine-2026-03-01.1914.3556.864.aodl
2026-03-02 00:44:24 | MODIFIED | C:\Users\hp world\AppData\Local\Microsoft\OneDrive\logs\Personal\SyncEngine-2026-03-01.1914.3556.864.aodl
2026-03-02 00:44:25 | MODIFIED | C:\Users\hp world\AppData\Local\Microsoft\OneDrive\logs\Personal\SyncEngine-2026-03-01.1914.3556.864.aodl
2026-03-02 00:44:25 | MODIFIED | C:\Windows\Panther\monitor\WinSetupMon.log
2026-03-02 00:44:25 | CREATED | C:\Users\hp world\AppData\Local\Microsoft\OneDrive\logs\Personal\SyncEngine-2026-03-01.1914.3556.865.aodl
2026-03-02 00:44:25 | MODIFIED | C:\Users\hp world\AppData\Local\Microsoft\OneDrive\logs\Personal\SyncEngine-2026-03-01.1914.3556.865.aodl
2026-03-02 00:44:25 | MODIFIED | C:\Users\hp world\AppData\Local\Microsoft\OneDrive\logs\Personal\SyncEngine-2026-03-01.1914.3556.865.aodl
2026-03-02 00:44:25 | MODIFIED | C:\ProgramData\Packages\Microsoft.VisualStudioCode_8wekyb3d8bbwe\S-1-5-21-2117505682-998817313-2681526960-1001\SystemAppData\Helium\Cache\c5f498fe06ad08e6.dat
2026-03-02 00:44:25 | MODIFIED | C:\Windows\Panther\monitor\WinSetupMon.log
2026-03-02 00:44:25 | MODIFIED | C:\ProgramData\Packages\Microsoft.VisualStudioCode_8wekyb3d8bbwe\S-1-5-21-2117505682-998817313-2681526960-1001\SystemAppData\Helium\Cache\c5f498fe06ad08e6_COM15.dat
2026-03-02 00:44:25 | MODIFIED | C:\ProgramData\Packages\Microsoft.VisualStudioCode_8wekyb3d8bbwe\S-1-5-21-2117505682-998817313-2681526960-1001\SystemAppData\Helium\Cache\c5f498fe06ad08e6.dat
2026-03-02 00:44:25 | MODIFIED | C:\Windows\Prefetch\DLLHOST.EXE-0A783D2B.pf
2026-03-02 00:44:25 | CREATED | C:\Users\hp world\AppData\Local\Microsoft\OneDrive\logs\Personal\SyncEngine-2026-03-01.1914.3556.866.aodl
2026-03-02 00:44:25 | MODIFIED | C:\Users\hp world\AppData\Local\Microsoft\OneDrive\logs\Personal\SyncEngine-2026-03-01.1914.3556.866.aodl
2026-03-02 00:44:25 | MODIFIED | C:\Users\hp world\AppData\Local\Microsoft\OneDrive\logs\Personal\SyncEngine-2026-03-01.1914.3556.866.aodl
2026-03-02 00:44:25 | MODIFIED | C:\Users\hp world\AppData\Local\Microsoft\OneDrive\logs\Personal\SyncEngine-2026-03-01.1914.3556.866.aodl
2026-03-02 00:44:25 | MODIFIED | C:\Users\hp world\AppData\Local\Microsoft\OneDrive\logs\Personal\SyncEngine-2026-03-01.1914.3556.866.aodl
2026-03-02 00:44:25 | MODIFIED | C:\Users\hp world\AppData\Local\Microsoft\OneDrive\logs\Personal\SyncEngine-2026-03-01.1914.3556.866.aodl
2026-03-02 00:44:25 | MODIFIED | C:\Users\hp world\AppData\Local\Microsoft\OneDrive\logs\Personal\SyncEngine-2026-03-01.1914.3556.866.aodl
2026-03-02 00:44:25 | MODIFIED | C:\Users\hp world\AppData\Local\Microsoft\OneDrive\logs\Personal\SyncEngine-2026-03-01.1914.3556.866.aodl
2026-03-02 00:44:25 | MODIFIED | C:\Users\hp world\AppData\Local\Microsoft\OneDrive\logs\Personal\SyncEngine-2026-03-01.1914.3556.866.aodl
2026-03-02 00:44:25 | MODIFIED | C:\Users\hp world\AppData\Local\Microsoft\OneDrive\logs\Personal\SyncEngine-2026-03-01.1914.3556.866.aodl
2026-03-02 00:44:25 | MODIFIED | C:\Windows\Prefetch\DLLHOST.EXE-A5B225E8.pf
2026-03-02 00:44:25 | MODIFIED | C:\ProgramData\Packages\Microsoft.OneDriveSync_8wekyb3d8bbwe\S-1-5-21-2117505682-998817313-2681526960-1001\SystemAppData\Helium\Cache\cfb7526c20df1279.dat
2026-03-02 00:44:25 | MODIFIED | C:\Windows\Prefetch\DLLHOST.EXE-A5B225E8.pf
2026-03-02 00:44:25 | MODIFIED | C:\ProgramData\Packages\Microsoft.OneDriveSync_8wekyb3d8bbwe\S-1-5-21-2117505682-998817313-2681526960-1001\SystemAppData\Helium\Cache\cfb7526c20df1279_COM15.dat
2026-03-02 00:44:25 | MODIFIED | C:\ProgramData\Packages\Microsoft.OneDriveSync_8wekyb3d8bbwe\S-1-5-21-2117505682-998817313-2681526960-1001\SystemAppData\Helium\Cache\cfb7526c20df1279.dat
2026-03-02 00:44:27 | MODIFIED | C:\Windows\System32\sru\SRU.chk
2026-03-02 00:44:27 | MODIFIED | C:\Windows\System32\sru\SRU.chk
2026-03-02 00:44:27 | MODIFIED | C:\Windows\System32\sru\SRUDB.dat
2026-03-02 00:44:27 | MODIFIED | C:\Windows\System32\sru\SRUDB.jfm
2026-03-02 00:44:27 | MODIFIED | C:\Windows\System32\sru\SRU.chk
2026-03-02 00:44:27 | MODIFIED | C:\Windows\System32\sru\SRU.log
2026-03-02 00:44:27 | CREATED | C:\Users\hp world\AppData\Local\Google\Chrome\User Data\Default\ad30f608-a044-445b-97fd-9b0c9a59668f.tmp
2026-03-02 00:44:27 | MODIFIED | C:\Users\hp world\AppData\Local\Google\Chrome\User Data\Default\ad30f608-a044-445b-97fd-9b0c9a59668f.tmp
2026-03-02 00:44:27 | MODIFIED | C:\Users\hp world\AppData\Local\Google\Chrome\User Data\Default\ad30f608-a044-445b-97fd-9b0c9a59668f.tmp
2026-03-02 00:44:27 | CREATED | C:\Users\hp world\AppData\Local\Google\Chrome\User Data\Default\Preferences~RF79785f.TMP
2026-03-02 00:44:27 | MODIFIED | C:\Windows\Panther\monitor\WinSetupMon.log
2026-03-02 00:44:27 | MODIFIED | C:\Windows\Panther\monitor\WinSetupMon.log
2026-03-02 00:44:27 | MODIFIED | C:\Users\hp world\AppData\Local\Google\Chrome\User Data\Default\Preferences
2026-03-02 00:44:27 | MODIFIED | C:\Windows\Panther\monitor\WinSetupMon.log
2026-03-02 00:44:27 | MODIFIED | C:\ProgramData\AVG\Antivirus\ipwl.cache
2026-03-02 00:44:27 | MODIFIED | C:\ProgramData\AVG\Antivirus\dns.cache
2026-03-02 00:44:27 | MODIFIED | C:\ProgramData\AVG\Antivirus\visit.cache
2026-03-02 00:44:27 | MODIFIED | C:\ProgramData\AVG\Antivirus\visit.cache
2026-03-02 00:44:27 | MODIFIED | C:\ProgramData\AVG\Antivirus\dest-servers.cache
2026-03-02 00:44:27 | MODIFIED | C:\Users\hp world\AppData\Local\Microsoft\PowerToys\FancyZones\Logs\v0.69.1\log_2026-03-01.txt
2026-03-02 00:44:27 | CREATED | C:\Users\hp world\AppData\Local\Microsoft\PowerToys\FancyZones\Logs\v0.69.1\log_2026-03-02.txt
2026-03-02 00:44:27 | MODIFIED | C:\Users\hp world\AppData\Local\Microsoft\OneDrive\logs\Personal\SyncEngine-2026-03-01.1914.3556.866.aodl
2026-03-02 00:44:27 | MODIFIED | C:\Windows\Panther\monitor\WinSetupMon.log
2026-03-02 00:44:27 | CREATED | C:\Users\hp world\AppData\Local\Microsoft\OneDrive\logs\Personal\SyncEngine-2026-03-01.1914.3556.867.aodl
2026-03-02 00:44:27 | MODIFIED | C:\Users\hp world\AppData\Local\Microsoft\OneDrive\logs\Personal\SyncEngine-2026-03-01.1914.3556.867.aodl
2026-03-02 00:44:29 | MODIFIED | C:\ProgramData\Packages\Microsoft.WindowsTerminal_8wekyb3d8bbwe\S-1-5-21-2117505682-998817313-2681526960-1001\SystemAppData\Helium\Cache\3a3ad21182641916.dat
2026-03-02 00:44:29 | MODIFIED | C:\ProgramData\Packages\Microsoft.WindowsTerminal_8wekyb3d8bbwe\S-1-5-21-2117505682-998817313-2681526960-1001\SystemAppData\Helium\Cache\3a3ad21182641916_COM15.dat
2026-03-02 00:44:29 | MODIFIED | C:\Users\hp world\AppData\Local\Packages\Microsoft.WindowsTerminal_8wekyb3d8bbwe\SystemAppData\Helium\UserClasses.dat
2026-03-02 00:44:29 | MODIFIED | C:\Users\hp world\AppData\Local\Packages\Microsoft.WindowsTerminal_8wekyb3d8bbwe\SystemAppData\Helium\User.dat
2026-03-02 00:44:29 | MODIFIED | C:\ProgramData\Packages\Microsoft.WindowsTerminal_8wekyb3d8bbwe\S-1-5-21-2117505682-998817313-2681526960-1001\SystemAppData\Helium\Cache\3a3ad21182641916.dat
2026-03-02 00:44:29 | MODIFIED | C:\Windows\Prefetch\DLLHOST.EXE-C5A8847C.pf
2026-03-02 00:44:29 | MODIFIED | C:\ProgramData\Packages\Microsoft.PowerToys.PowerRenameContextMenu_8wekyb3d8bbwe\S-1-5-21-2117505682-998817313-2681526960-1001\SystemAppData\Helium\Cache\3d431036a46cf16e.dat
2026-03-02 00:44:29 | MODIFIED | C:\ProgramData\Packages\Microsoft.PowerToys.PowerRenameContextMenu_8wekyb3d8bbwe\S-1-5-21-2117505682-998817313-2681526960-1001\SystemAppData\Helium\Cache\3d431036a46cf16e_COM15.dat
2026-03-02 00:44:29 | MODIFIED | C:\Users\hp world\AppData\Local\Packages\Microsoft.PowerToys.PowerRenameContextMenu_8wekyb3d8bbwe\SystemAppData\Helium\UserClasses.dat
2026-03-02 00:44:29 | MODIFIED | C:\Users\hp world\AppData\Local\Packages\Microsoft.PowerToys.PowerRenameContextMenu_8wekyb3d8bbwe\SystemAppData\Helium\User.dat
2026-03-02 00:44:29 | MODIFIED | C:\Windows\Prefetch\DLLHOST.EXE-8BE7E5AA.pf
2026-03-02 00:44:29 | MODIFIED | C:\ProgramData\Packages\Microsoft.PowerToys.PowerRenameContextMenu_8wekyb3d8bbwe\S-1-5-21-2117505682-998817313-2681526960-1001\SystemAppData\Helium\Cache\3d431036a46cf16e.dat
2026-03-02 00:44:29 | MODIFIED | C:\Windows\Prefetch\DLLHOST.EXE-8BE7E5AA.pf
2026-03-02 00:44:29 | MODIFIED | C:\Users\hp world\AppData\Local\Microsoft\OneDrive\logs\Personal\SyncEngine-2026-03-01.1914.3556.867.aodl
2026-03-02 00:44:29 | MODIFIED | C:\Windows\Panther\monitor\WinSetupMon.log
2026-03-02 00:44:29 | CREATED | C:\Users\hp world\AppData\Local\Microsoft\OneDrive\logs\Personal\SyncEngine-2026-03-01.1914.3556.868.aodl
2026-03-02 00:44:29 | MODIFIED | C:\Users\hp world\AppData\Local\Microsoft\OneDrive\logs\Personal\SyncEngine-2026-03-01.1914.3556.868.aodl
2026-03-02 00:44:29 | MODIFIED | C:\Users\hp world\AppData\Local\Microsoft\OneDrive\logs\Personal\SyncEngine-2026-03-01.1914.3556.868.aodl
2026-03-02 00:44:30 | MODIFIED | C:\Users\hp world\AppData\Local\Microsoft\OneDrive\logs\Personal\SyncEngine-2026-03-01.1914.3556.868.aodl
2026-03-02 00:44:30 | MODIFIED | C:\Windows\Panther\monitor\WinSetupMon.log
2026-03-02 00:44:30 | MODIFIED | C:\Users\hp world\AppData\Local\Microsoft\OneDrive\logs\Personal\SyncEngine-2026-03-01.1914.3556.868.odl
2026-03-02 00:44:30 | CREATED | C:\Users\hp world\AppData\Local\Microsoft\OneDrive\logs\Personal\SyncEngine-2026-03-01.1914.3556.869.aodl
2026-03-02 00:44:30 | MODIFIED | C:\Users\hp world\AppData\Local\Microsoft\OneDrive\logs\Personal\SyncEngine-2026-03-01.1914.3556.869.aodl
2026-03-02 00:44:30 | MODIFIED | C:\Users\hp world\AppData\Local\Microsoft\OneDrive\logs\Personal\SyncEngine-2026-03-01.1914.3556.869.aodl
2026-03-02 00:44:30 | MODIFIED | C:\Windows\Panther\monitor\WinSetupMon.log
2026-03-02 00:44:30 | CREATED | C:\Users\hp world\AppData\Local\Microsoft\OneDrive\logs\Personal\SyncEngine-2026-03-01.1914.3556.870.aodl
2026-03-02 00:44:31 | MODIFIED | C:\Users\hp world\AppData\Local\Microsoft\OneDrive\logs\Personal\SyncEngine-2026-03-01.1914.3556.870.aodl
2026-03-02 00:44:31 | MODIFIED | C:\Windows\Panther\monitor\WinSetupMon.log
2026-03-02 00:44:31 | CREATED | C:\Users\hp world\AppData\Local\Microsoft\OneDrive\logs\Personal\SyncEngine-2026-03-01.1914.3556.871.aodl
2026-03-02 00:44:31 | MODIFIED | C:\Users\hp world\AppData\Local\Microsoft\OneDrive\logs\Personal\SyncEngine-2026-03-01.1914.3556.871.aodl
2026-03-02 00:44:32 | MODIFIED | C:\Users\hp world\AppData\Local\Packages\AD2F1837.OMENCommandCenter_v10z8vjag6ke6\LocalCache\Local\HPOMEN\HPOMENBG_20260302.log
2026-03-02 00:44:33 | MODIFIED | C:\Users\hp world\AppData\Local\Microsoft\OneDrive\logs\Personal\SyncEngine-2026-03-01.1914.3556.871.aodl
2026-03-02 00:44:33 | MODIFIED | C:\Windows\Panther\monitor\WinSetupMon.log
2026-03-02 00:44:33 | CREATED | C:\Users\hp world\AppData\Local\Microsoft\OneDrive\logs\Personal\SyncEngine-2026-03-01.1914.3556.872.aodl
2026-03-02 00:44:33 | MODIFIED | C:\Users\hp world\AppData\Local\Microsoft\OneDrive\logs\Personal\SyncEngine-2026-03-01.1914.3556.872.aodl
2026-03-02 00:44:33 | MODIFIED | C:\Users\hp world\AppData\Local\Microsoft\OneDrive\logs\Personal\SyncEngine-2026-03-01.1914.3556.872.aodl
2026-03-02 00:44:33 | MODIFIED | C:\Windows\Panther\monitor\WinSetupMon.log
2026-03-02 00:44:33 | CREATED | C:\Users\hp world\AppData\Local\Microsoft\OneDrive\logs\Personal\SyncEngine-2026-03-01.1914.3556.873.aodl
2026-03-02 00:44:33 | MODIFIED | C:\Users\hp world\AppData\Local\Microsoft\OneDrive\logs\Personal\SyncEngine-2026-03-01.1914.3556.873.aodl
2026-03-02 00:44:33 | MODIFIED | C:\Users\hp world\AppData\Local\Microsoft\OneDrive\logs\Personal\SyncEngine-2026-03-01.1914.3556.873.aodl
2026-03-02 00:44:33 | MODIFIED | C:\Users\hp world\AppData\Local\Microsoft\OneDrive\logs\Personal\SyncEngine-2026-03-01.1914.3556.873.aodl
2026-03-02 00:44:33 | MODIFIED | C:\ProgramData\Microsoft\Search\Data\Applications\Windows\Windows-gather.db-wal
2026-03-02 00:44:34 | MODIFIED | C:\Users\hp world\AppData\Local\Microsoft\OneDrive\logs\Personal\SyncEngine-2026-03-01.1914.3556.873.aodl
2026-03-02 00:44:34 | MODIFIED | C:\Windows\Panther\monitor\WinSetupMon.log
2026-03-02 00:44:34 | CREATED | C:\Users\hp world\AppData\Local\Microsoft\OneDrive\logs\Personal\SyncEngine-2026-03-01.1914.3556.874.aodl
2026-03-02 00:44:34 | MODIFIED | C:\Users\hp world\AppData\Local\Microsoft\OneDrive\logs\Personal\SyncEngine-2026-03-01.1914.3556.874.aodl
2026-03-02 00:44:34 | MODIFIED | C:\Users\hp world\AppData\Local\Microsoft\OneDrive\logs\Personal\SyncEngine-2026-03-01.1914.3556.874.aodl
2026-03-02 00:44:34 | MODIFIED | C:\Users\hp world\AppData\Local\Microsoft\OneDrive\logs\Personal\SyncEngine-2026-03-01.1914.3556.874.aodl
2026-03-02 00:44:34 | MODIFIED | C:\Users\hp world\AppData\Local\Microsoft\OneDrive\logs\Personal\SyncEngine-2026-03-01.1914.3556.874.aodl
2026-03-02 00:44:34 | MODIFIED | C:\Users\hp world\AppData\Local\Microsoft\OneDrive\logs\Personal\SyncEngine-2026-03-01.1914.3556.874.aodl
2026-03-02 00:44:34 | MODIFIED | C:\Windows\Panther\monitor\WinSetupMon.log
2026-03-02 00:44:34 | CREATED | C:\Users\hp world\AppData\Local\Microsoft\OneDrive\logs\Personal\SyncEngine-2026-03-01.1914.3556.875.aodl
2026-03-02 00:44:34 | MODIFIED | C:\Users\hp world\AppData\Local\Microsoft\OneDrive\logs\Personal\SyncEngine-2026-03-01.1914.3556.875.aodl
2026-03-02 00:44:34 | MODIFIED | C:\Users\hp world\AppData\Local\Microsoft\OneDrive\logs\Personal\SyncEngine-2026-03-01.1914.3556.875.aodl
2026-03-02 00:44:34 | MODIFIED | C:\Windows\Panther\monitor\WinSetupMon.log
2026-03-02 00:44:34 | CREATED | C:\Users\hp world\AppData\Local\Microsoft\OneDrive\logs\Personal\SyncEngine-2026-03-01.1914.3556.876.aodl
2026-03-02 00:44:34 | MODIFIED | C:\Users\hp world\AppData\Local\Microsoft\OneDrive\logs\Personal\SyncEngine-2026-03-01.1914.3556.876.aodl
2026-03-02 00:44:35 | MODIFIED | C:\Users\hp world\AppData\Local\Microsoft\OneDrive\logs\Personal\SyncEngine-2026-03-01.1914.3556.876.aodl
2026-03-02 00:44:35 | MODIFIED | C:\Windows\Panther\monitor\WinSetupMon.log
2026-03-02 00:44:35 | CREATED | C:\Users\hp world\AppData\Local\Microsoft\OneDrive\logs\Personal\SyncEngine-2026-03-01.1914.3556.877.aodl
2026-03-02 00:44:35 | MODIFIED | C:\Users\hp world\AppData\Local\Microsoft\OneDrive\logs\Personal\SyncEngine-2026-03-01.1914.3556.877.aodl
2026-03-02 00:44:35 | MODIFIED | C:\Users\hp world\AppData\Local\Microsoft\OneDrive\logs\Personal\SyncEngine-2026-03-01.1914.3556.877.aodl
2026-03-02 00:44:35 | MODIFIED | C:\Users\hp world\AppData\Local\Microsoft\OneDrive\logs\Personal\SyncEngine-2026-03-01.1914.3556.877.aodl
2026-03-02 00:44:35 | MODIFIED | C:\Users\hp world\AppData\Local\Microsoft\OneDrive\logs\Personal\SyncEngine-2026-03-01.1914.3556.877.aodl
2026-03-02 00:44:35 | MODIFIED | C:\Windows\Panther\monitor\WinSetupMon.log
2026-03-02 00:44:35 | CREATED | C:\Users\hp world\AppData\Local\Microsoft\OneDrive\logs\Personal\SyncEngine-2026-03-01.1914.3556.878.aodl
2026-03-02 00:44:35 | MODIFIED | C:\Users\hp world\AppData\Local\Microsoft\OneDrive\logs\Personal\SyncEngine-2026-03-01.1914.3556.878.aodl
2026-03-02 00:44:35 | MODIFIED | C:\Users\hp world\AppData\Local\Microsoft\OneDrive\logs\Personal\SyncEngine-2026-03-01.1914.3556.878.aodl
2026-03-02 00:44:35 | MODIFIED | C:\Windows\Panther\monitor\WinSetupMon.log
2026-03-02 00:44:35 | CREATED | C:\Users\hp world\AppData\Local\Microsoft\OneDrive\logs\Personal\SyncEngine-2026-03-01.1914.3556.879.aodl
2026-03-02 00:44:35 | MODIFIED | C:\Users\hp world\AppData\Local\Microsoft\OneDrive\logs\Personal\SyncEngine-2026-03-01.1914.3556.879.aodl
2026-03-02 00:44:35 | MODIFIED | C:\Users\hp world\AppData\Local\Microsoft\OneDrive\settings\Personal\SettingsDatabase.db-wal
2026-03-02 00:44:35 | MODIFIED | C:\Users\hp world\AppData\Local\Microsoft\OneDrive\logs\Personal\SyncEngine-2026-03-01.1914.3556.879.aodl
2026-03-02 00:44:35 | MODIFIED | C:\Users\hp world\AppData\Local\Microsoft\OneDrive\settings\Personal\SyncEngineDatabase.db-wal
2026-03-02 00:44:35 | MODIFIED | C:\Users\hp world\AppData\Local\Microsoft\OneDrive\settings\Personal\SyncEngineDatabase.db-wal
2026-03-02 00:44:36 | MODIFIED | C:\Users\hp world\AppData\Local\Microsoft\OneDrive\logs\Personal\SyncEngine-2026-03-01.1914.3556.879.aodl
2026-03-02 00:44:36 | MODIFIED | C:\Windows\Panther\monitor\WinSetupMon.log
2026-03-02 00:44:36 | CREATED | C:\Users\hp world\AppData\Local\Microsoft\OneDrive\logs\Personal\SyncEngine-2026-03-01.1914.3556.880.aodl
2026-03-02 00:44:36 | MODIFIED | C:\Users\hp world\AppData\Local\Microsoft\OneDrive\logs\Personal\SyncEngine-2026-03-01.1914.3556.880.aodl
2026-03-02 00:44:36 | MODIFIED | C:\Users\hp world\AppData\Local\Microsoft\OneDrive\logs\Personal\SyncEngine-2026-03-01.1914.3556.880.aodl
2026-03-02 00:44:36 | MODIFIED | C:\Windows\Panther\monitor\WinSetupMon.log
2026-03-02 00:44:36 | CREATED | C:\Users\hp world\AppData\Local\Microsoft\OneDrive\logs\Personal\SyncEngine-2026-03-01.1914.3556.881.aodl
2026-03-02 00:44:36 | MODIFIED | C:\Users\hp world\AppData\Local\Microsoft\OneDrive\logs\Personal\SyncEngine-2026-03-01.1914.3556.881.aodl
2026-03-02 00:44:37 | MODIFIED | C:\Users\hp world\AppData\Local\Microsoft\OneDrive\logs\Personal\SyncEngine-2026-03-01.1914.3556.881.aodl
2026-03-02 00:44:37 | MODIFIED | C:\Windows\Panther\monitor\WinSetupMon.log
2026-03-02 00:44:37 | CREATED | C:\Users\hp world\AppData\Local\Microsoft\OneDrive\logs\Personal\SyncEngine-2026-03-01.1914.3556.882.aodl
2026-03-02 00:44:37 | MODIFIED | C:\Users\hp world\AppData\Local\Microsoft\OneDrive\logs\Personal\SyncEngine-2026-03-01.1914.3556.882.aodl
2026-03-02 00:44:38 | MODIFIED | C:\Users\hp world\AppData\Local\Microsoft\OneDrive\logs\Personal\SyncEngine-2026-03-01.1914.3556.882.aodl
2026-03-02 00:44:38 | MODIFIED | C:\Windows\Panther\monitor\WinSetupMon.log
2026-03-02 00:44:38 | CREATED | C:\Users\hp world\AppData\Local\Microsoft\OneDrive\logs\Personal\SyncEngine-2026-03-01.1914.3556.883.aodl
2026-03-02 00:44:38 | MODIFIED | C:\Users\hp world\AppData\Local\Microsoft\OneDrive\logs\Personal\SyncEngine-2026-03-01.1914.3556.883.aodl
2026-03-02 00:44:38 | MODIFIED | C:\Users\hp world\AppData\Local\Microsoft\OneDrive\logs\Personal\SyncEngine-2026-03-01.1914.3556.883.aodl
2026-03-02 00:44:38 | MODIFIED | C:\Users\hp world\AppData\Local\Microsoft\OneDrive\logs\Personal\SyncEngine-2026-03-01.1914.3556.883.aodl
2026-03-02 00:44:39 | MODIFIED | C:\Users\hp world\AppData\Local\Microsoft\OneDrive\logs\Personal\SyncEngine-2026-03-01.1914.3556.883.aodl
2026-03-02 00:44:39 | MODIFIED | C:\Windows\Panther\monitor\WinSetupMon.log
2026-03-02 00:44:39 | CREATED | C:\Users\hp world\AppData\Local\Microsoft\OneDrive\logs\Personal\SyncEngine-2026-03-01.1914.3556.884.aodl
2026-03-02 00:44:39 | MODIFIED | C:\Users\hp world\AppData\Local\Microsoft\OneDrive\logs\Personal\SyncEngine-2026-03-01.1914.3556.884.aodl
2026-03-02 00:44:39 | MODIFIED | C:\Users\hp world\AppData\Local\Microsoft\OneDrive\logs\Personal\SyncEngine-2026-03-01.1914.3556.884.aodl
2026-03-02 00:44:39 | MODIFIED | C:\Users\hp world\AppData\Local\Microsoft\OneDrive\logs\Personal\SyncEngine-2026-03-01.1914.3556.884.aodl
2026-03-02 00:44:39 | MODIFIED | C:\Users\hp world\AppData\Local\Microsoft\OneDrive\logs\Personal\SyncEngine-2026-03-01.1914.3556.884.aodl
2026-03-02 00:44:40 | MODIFIED | C:\Users\hp world\AppData\Local\Microsoft\OneDrive\logs\Personal\SyncEngine-2026-03-01.1914.3556.884.aodl
2026-03-02 00:44:40 | MODIFIED | C:\Windows\Panther\monitor\WinSetupMon.log
2026-03-02 00:44:40 | CREATED | C:\Users\hp world\AppData\Local\Microsoft\OneDrive\logs\Personal\SyncEngine-2026-03-01.1914.3556.885.aodl
2026-03-02 00:44:40 | MODIFIED | C:\Users\hp world\AppData\Local\Microsoft\OneDrive\logs\Personal\SyncEngine-2026-03-01.1914.3556.885.aodl
2026-03-02 00:44:40 | MODIFIED | C:\Users\hp world\AppData\Local\Microsoft\OneDrive\logs\Personal\SyncEngine-2026-03-01.1914.3556.885.aodl
2026-03-02 00:44:41 | MODIFIED | C:\Users\hp world\AppData\Local\Microsoft\OneDrive\logs\Personal\SyncEngine-2026-03-01.1914.3556.885.aodl
2026-03-02 00:44:41 | MODIFIED | C:\Windows\Panther\monitor\WinSetupMon.log
2026-03-02 00:44:41 | CREATED | C:\Users\hp world\AppData\Local\Microsoft\OneDrive\logs\Personal\SyncEngine-2026-03-01.1914.3556.886.aodl
2026-03-02 00:44:41 | MODIFIED | C:\Users\hp world\AppData\Local\Microsoft\OneDrive\logs\Personal\SyncEngine-2026-03-01.1914.3556.886.aodl
2026-03-02 00:44:41 | MODIFIED | C:\Users\hp world\AppData\Local\Microsoft\OneDrive\logs\Personal\SyncEngine-2026-03-01.1914.3556.886.aodl
2026-03-02 00:44:41 | MODIFIED | C:\Windows\Panther\monitor\WinSetupMon.log
2026-03-02 00:44:41 | CREATED | C:\Users\hp world\AppData\Local\Microsoft\OneDrive\logs\Personal\SyncEngine-2026-03-01.1914.3556.887.aodl
2026-03-02 00:44:41 | MODIFIED | C:\Users\hp world\AppData\Local\Microsoft\OneDrive\logs\Personal\SyncEngine-2026-03-01.1914.3556.887.aodl
2026-03-02 00:44:41 | MODIFIED | C:\Users\hp world\AppData\Local\Microsoft\OneDrive\logs\Personal\SyncEngine-2026-03-01.1914.3556.887.aodl
2026-03-02 00:44:41 | MODIFIED | C:\Users\hp world\AppData\Local\Microsoft\OneDrive\logs\Personal\SyncEngine-2026-03-01.1914.3556.887.aodl
2026-03-02 00:44:41 | MODIFIED | C:\Users\hp world\AppData\Local\Microsoft\OneDrive\logs\Personal\SyncEngine-2026-03-01.1914.3556.887.aodl
2026-03-02 00:44:41 | MODIFIED | C:\Users\hp world\AppData\Local\Microsoft\OneDrive\logs\Personal\SyncEngine-2026-03-01.1914.3556.887.aodl
2026-03-02 00:44:41 | MODIFIED | C:\ProgramData\Microsoft\Search\Data\Applications\Windows\Windows.db-wal
2026-03-02 00:44:41 | MODIFIED | C:\ProgramData\Microsoft\Search\Data\Applications\Windows\Windows.db
2026-03-02 00:44:41 | MODIFIED | C:\ProgramData\Microsoft\Search\Data\Applications\Windows\Windows.db-wal
2026-03-02 00:44:41 | MODIFIED | C:\Windows\Temp\_avg_\nsfsp0000000F.tmp
2026-03-02 00:44:42 | MODIFIED | C:\Users\hp world\AppData\Local\Microsoft\OneDrive\logs\Personal\SyncEngine-2026-03-01.1914.3556.887.aodl
2026-03-02 00:44:42 | MODIFIED | C:\Windows\Panther\monitor\WinSetupMon.log
2026-03-02 00:44:42 | CREATED | C:\Users\hp world\AppData\Local\Microsoft\OneDrive\logs\Personal\SyncEngine-2026-03-01.1914.3556.888.aodl
2026-03-02 00:44:42 | MODIFIED | C:\Users\hp world\AppData\Local\Microsoft\OneDrive\logs\Personal\SyncEngine-2026-03-01.1914.3556.888.aodl
2026-03-02 00:44:42 | MODIFIED | C:\Users\hp world\AppData\Local\Packages\5319275A.WhatsAppDesktop_cv1g1gvanyjgm\LocalCache\EBWebView\Default\WebStorage\QuotaManager-journal
2026-03-02 00:44:42 | MODIFIED | C:\Users\hp world\AppData\Local\Packages\5319275A.WhatsAppDesktop_cv1g1gvanyjgm\LocalCache\EBWebView\Default\WebStorage\QuotaManager-journal
2026-03-02 00:44:42 | MODIFIED | C:\Users\hp world\AppData\Local\Packages\5319275A.WhatsAppDesktop_cv1g1gvanyjgm\LocalCache\EBWebView\Default\WebStorage\QuotaManager
2026-03-02 00:44:42 | MODIFIED | C:\Users\hp world\AppData\Local\Packages\5319275A.WhatsAppDesktop_cv1g1gvanyjgm\LocalCache\EBWebView\Default\WebStorage\QuotaManager-journal
2026-03-02 00:44:42 | MODIFIED | C:\ProgramData\Microsoft\Search\Data\Applications\Windows\Windows-gather.db-wal
2026-03-02 00:44:42 | MODIFIED | C:\Users\hp world\AppData\Local\Packages\5319275A.WhatsAppDesktop_cv1g1gvanyjgm\LocalCache\EBWebView\Default\IndexedDB\https_web.whatsapp.com_0.indexeddb.leveldb\036507.log
2026-03-02 00:44:42 | MODIFIED | C:\Users\hp world\AppData\Local\Microsoft\OneDrive\logs\Personal\SyncEngine-2026-03-01.1914.3556.888.aodl
2026-03-02 00:44:42 | MODIFIED | C:\Windows\Panther\monitor\WinSetupMon.log
2026-03-02 00:44:42 | CREATED | C:\Users\hp world\AppData\Local\Microsoft\OneDrive\logs\Personal\SyncEngine-2026-03-01.1914.3556.889.aodl
2026-03-02 00:44:42 | MODIFIED | C:\Users\hp world\AppData\Local\Microsoft\OneDrive\logs\Personal\SyncEngine-2026-03-01.1914.3556.889.aodl
2026-03-02 00:44:42 | MODIFIED | C:\Users\hp world\AppData\Local\Microsoft\OneDrive\logs\Personal\SyncEngine-2026-03-01.1914.3556.889.aodl
2026-03-02 00:44:42 | MODIFIED | C:\ProgramData\Microsoft\Search\Data\Applications\Windows\Windows-gather.db-wal
2026-03-02 00:44:43 | MODIFIED | C:\Users\hp world\AppData\Local\Microsoft\OneDrive\logs\Personal\SyncEngine-2026-03-01.1914.3556.889.aodl
2026-03-02 00:44:43 | MODIFIED | C:\Windows\Panther\monitor\WinSetupMon.log
2026-03-02 00:44:43 | CREATED | C:\Users\hp world\AppData\Local\Microsoft\OneDrive\logs\Personal\SyncEngine-2026-03-01.1914.3556.890.aodl
2026-03-02 00:44:43 | MODIFIED | C:\Users\hp world\AppData\Local\Microsoft\OneDrive\logs\Personal\SyncEngine-2026-03-01.1914.3556.890.aodl
2026-03-02 00:44:43 | MODIFIED | C:\Users\hp world\AppData\Local\Microsoft\OneDrive\logs\Personal\SyncEngine-2026-03-01.1914.3556.890.aodl
2026-03-02 00:44:43 | MODIFIED | C:\Users\hp world\AppData\Local\Microsoft\OneDrive\logs\Personal\SyncEngine-2026-03-01.1914.3556.890.aodl
2026-03-02 00:44:43 | MODIFIED | C:\Windows\Panther\monitor\WinSetupMon.log
2026-03-02 00:44:43 | CREATED | C:\Users\hp world\AppData\Local\Microsoft\OneDrive\logs\Personal\SyncEngine-2026-03-01.1914.3556.891.aodl
2026-03-02 00:44:43 | MODIFIED | C:\Users\hp world\AppData\Local\Microsoft\OneDrive\logs\Personal\SyncEngine-2026-03-01.1914.3556.891.aodl
2026-03-02 00:44:43 | MODIFIED | C:\Users\hp world\AppData\Local\Microsoft\OneDrive\logs\Personal\SyncEngine-2026-03-01.1914.3556.891.aodl
2026-03-02 00:44:43 | MODIFIED | C:\Windows\Panther\monitor\WinSetupMon.log
2026-03-02 00:44:43 | CREATED | C:\Users\hp world\AppData\Local\Microsoft\OneDrive\logs\Personal\SyncEngine-2026-03-01.1914.3556.892.aodl
2026-03-02 00:44:43 | MODIFIED | C:\Users\hp world\AppData\Local\Microsoft\OneDrive\logs\Personal\SyncEngine-2026-03-01.1914.3556.892.aodl
2026-03-02 00:44:43 | MODIFIED | C:\Users\hp world\AppData\Local\Microsoft\OneDrive\logs\Personal\SyncEngine-2026-03-01.1914.3556.892.aodl
2026-03-02 00:44:44 | MODIFIED | C:\Users\hp world\AppData\Local\Microsoft\OneDrive\logs\Personal\SyncEngine-2026-03-01.1914.3556.892.aodl
2026-03-02 00:44:44 | MODIFIED | C:\Windows\Panther\monitor\WinSetupMon.log
2026-03-02 00:44:44 | CREATED | C:\Users\hp world\AppData\Local\Microsoft\OneDrive\logs\Personal\SyncEngine-2026-03-01.1914.3556.893.aodl
2026-03-02 00:44:44 | MODIFIED | C:\Users\hp world\AppData\Local\Microsoft\OneDrive\logs\Personal\SyncEngine-2026-03-01.1914.3556.893.aodl
2026-03-02 00:44:44 | MODIFIED | C:\Users\hp world\AppData\Local\Microsoft\OneDrive\logs\Personal\SyncEngine-2026-03-01.1914.3556.893.aodl
2026-03-02 00:44:44 | MODIFIED | C:\Users\hp world\AppData\Local\Microsoft\OneDrive\logs\Personal\SyncEngine-2026-03-01.1914.3556.893.aodl
2026-03-02 00:44:44 | MODIFIED | C:\Users\hp world\AppData\Local\Microsoft\OneDrive\logs\Personal\SyncEngine-2026-03-01.1914.3556.893.aodl
2026-03-02 00:44:44 | MODIFIED | C:\Users\hp world\AppData\Local\Microsoft\OneDrive\logs\Personal\SyncEngine-2026-03-01.1914.3556.893.aodl
2026-03-02 00:44:44 | MODIFIED | C:\Windows\Panther\monitor\WinSetupMon.log
2026-03-02 00:44:44 | CREATED | C:\Users\hp world\AppData\Local\Microsoft\OneDrive\logs\Personal\SyncEngine-2026-03-01.1914.3556.894.aodl
2026-03-02 00:44:44 | MODIFIED | C:\Users\hp world\AppData\Local\Microsoft\OneDrive\logs\Personal\SyncEngine-2026-03-01.1914.3556.894.aodl
2026-03-02 00:44:44 | MODIFIED | C:\Users\hp world\AppData\Local\Microsoft\OneDrive\logs\Personal\SyncEngine-2026-03-01.1914.3556.894.aodl
2026-03-02 00:44:44 | MODIFIED | C:\Windows\Panther\monitor\WinSetupMon.log
2026-03-02 00:44:44 | CREATED | C:\Users\hp world\AppData\Local\Microsoft\OneDrive\logs\Personal\SyncEngine-2026-03-01.1914.3556.895.aodl
2026-03-02 00:44:44 | MODIFIED | C:\Users\hp world\AppData\Local\Microsoft\OneDrive\logs\Personal\SyncEngine-2026-03-01.1914.3556.895.aodl
2026-03-02 00:44:44 | MODIFIED | C:\Windows\Panther\monitor\WinSetupMon.log
2026-03-02 00:44:44 | CREATED | C:\Users\hp world\AppData\Local\Microsoft\OneDrive\logs\Personal\SyncEngine-2026-03-01.1914.3556.896.aodl
2026-03-02 00:44:44 | MODIFIED | C:\Users\hp world\AppData\Local\Microsoft\OneDrive\logs\Personal\SyncEngine-2026-03-01.1914.3556.896.aodl
2026-03-02 00:44:44 | MODIFIED | C:\Users\hp world\AppData\Local\Microsoft\OneDrive\logs\Personal\SyncEngine-2026-03-01.1914.3556.896.aodl
2026-03-02 00:44:44 | MODIFIED | C:\Users\hp world\AppData\Local\Microsoft\OneDrive\logs\Personal\SyncEngine-2026-03-01.1914.3556.896.aodl
2026-03-02 00:44:44 | MODIFIED | C:\Users\hp world\AppData\Local\Microsoft\OneDrive\logs\Personal\SyncEngine-2026-03-01.1914.3556.896.aodl
2026-03-02 00:44:44 | MODIFIED | C:\Users\hp world\AppData\Local\Microsoft\OneDrive\logs\Personal\SyncEngine-2026-03-01.1914.3556.896.aodl
2026-03-02 00:44:44 | MODIFIED | C:\Users\hp world\AppData\Local\Microsoft\OneDrive\logs\Personal\SyncEngine-2026-03-01.1914.3556.896.aodl
2026-03-02 00:44:44 | MODIFIED | C:\Users\hp world\AppData\Local\Microsoft\OneDrive\logs\Personal\SyncEngine-2026-03-01.1914.3556.896.aodl
2026-03-02 00:44:45 | MODIFIED | C:\Users\hp world\AppData\Local\Microsoft\OneDrive\logs\Personal\SyncEngine-2026-03-01.1914.3556.896.aodl
2026-03-02 00:44:45 | MODIFIED | C:\Users\hp world\AppData\Local\Microsoft\OneDrive\logs\Personal\SyncEngine-2026-03-01.1914.3556.896.aodl
2026-03-02 00:44:45 | MODIFIED | C:\Users\hp world\AppData\Local\Microsoft\OneDrive\logs\Personal\SyncEngine-2026-03-01.1914.3556.896.aodl
2026-03-02 00:44:45 | MODIFIED | C:\Users\hp world\AppData\Local\Microsoft\OneDrive\logs\Personal\SyncEngine-2026-03-01.1914.3556.896.aodl
2026-03-02 00:44:45 | MODIFIED | C:\Windows\Panther\monitor\WinSetupMon.log
2026-03-02 00:44:45 | CREATED | C:\Users\hp world\AppData\Local\Microsoft\OneDrive\logs\Personal\SyncEngine-2026-03-01.1914.3556.897.aodl
2026-03-02 00:44:45 | MODIFIED | C:\Users\hp world\AppData\Local\Microsoft\OneDrive\logs\Personal\SyncEngine-2026-03-01.1914.3556.897.aodl
2026-03-02 00:44:45 | MODIFIED | C:\Users\hp world\AppData\Local\Microsoft\OneDrive\logs\Personal\SyncEngine-2026-03-01.1914.3556.897.aodl
2026-03-02 00:44:45 | MODIFIED | C:\Users\hp world\AppData\Local\Microsoft\OneDrive\logs\Personal\SyncEngine-2026-03-01.1914.3556.897.aodl
2026-03-02 00:44:45 | MODIFIED | C:\Windows\Panther\monitor\WinSetupMon.log
2026-03-02 00:44:45 | CREATED | C:\Users\hp world\AppData\Local\Microsoft\OneDrive\logs\Personal\SyncEngine-2026-03-01.1914.3556.898.aodl
2026-03-02 00:44:45 | MODIFIED | C:\Users\hp world\AppData\Local\Microsoft\OneDrive\logs\Personal\SyncEngine-2026-03-01.1914.3556.898.aodl
2026-03-02 00:44:45 | MODIFIED | C:\Users\hp world\AppData\Local\Microsoft\OneDrive\logs\Personal\SyncEngine-2026-03-01.1914.3556.898.aodl
2026-03-02 00:44:45 | MODIFIED | C:\Users\hp world\AppData\Local\Microsoft\OneDrive\logs\Personal\SyncEngine-2026-03-01.1914.3556.898.aodl
2026-03-02 00:44:45 | MODIFIED | C:\Users\hp world\AppData\Local\Microsoft\OneDrive\logs\Personal\SyncEngine-2026-03-01.1914.3556.898.aodl
2026-03-02 00:44:45 | MODIFIED | C:\Windows\Panther\monitor\WinSetupMon.log
2026-03-02 00:44:45 | CREATED | C:\Users\hp world\AppData\Local\Microsoft\OneDrive\logs\Personal\SyncEngine-2026-03-01.1914.3556.899.aodl
2026-03-02 00:44:45 | MODIFIED | C:\Users\hp world\AppData\Local\Microsoft\OneDrive\logs\Personal\SyncEngine-2026-03-01.1914.3556.899.aodl
2026-03-02 00:44:45 | MODIFIED | C:\Users\hp world\AppData\Local\Microsoft\OneDrive\logs\Personal\SyncEngine-2026-03-01.1914.3556.899.aodl
2026-03-02 00:44:45 | MODIFIED | C:\Users\hp world\AppData\Local\Microsoft\OneDrive\logs\Personal\SyncEngine-2026-03-01.1914.3556.899.aodl
2026-03-02 00:44:45 | MODIFIED | C:\Users\hp world\AppData\Local\Microsoft\OneDrive\logs\Personal\SyncEngine-2026-03-01.1914.3556.899.aodl
2026-03-02 00:44:45 | MODIFIED | C:\Users\hp world\AppData\Local\Microsoft\OneDrive\logs\Personal\SyncEngine-2026-03-01.1914.3556.899.aodl
2026-03-02 00:44:45 | MODIFIED | C:\Users\hp world\AppData\Local\Microsoft\OneDrive\logs\Personal\SyncEngine-2026-03-01.1914.3556.899.aodl
2026-03-02 00:44:45 | MODIFIED | C:\Windows\Panther\monitor\WinSetupMon.log
2026-03-02 00:44:45 | CREATED | C:\Users\hp world\AppData\Local\Microsoft\OneDrive\logs\Personal\SyncEngine-2026-03-01.1914.3556.900.aodl
2026-03-02 00:44:45 | MODIFIED | C:\Users\hp world\AppData\Local\Microsoft\OneDrive\logs\Personal\SyncEngine-2026-03-01.1914.3556.900.aodl
2026-03-02 00:44:45 | MODIFIED | C:\Users\hp world\AppData\Local\Microsoft\OneDrive\logs\Personal\SyncEngine-2026-03-01.1914.3556.900.aodl
2026-03-02 00:44:45 | MODIFIED | C:\Windows\Panther\monitor\WinSetupMon.log
2026-03-02 00:44:45 | CREATED | C:\Users\hp world\AppData\Local\Microsoft\OneDrive\logs\Personal\SyncEngine-2026-03-01.1914.3556.901.aodl
2026-03-02 00:44:45 | MODIFIED | C:\Users\hp world\AppData\Local\Microsoft\OneDrive\logs\Personal\SyncEngine-2026-03-01.1914.3556.901.aodl
2026-03-02 00:44:45 | MODIFIED | C:\Users\hp world\AppData\Local\Microsoft\OneDrive\settings\Personal\SettingsDatabase.db-wal
2026-03-02 00:44:45 | MODIFIED | C:\Users\hp world\AppData\Local\Microsoft\OneDrive\settings\Personal\SyncEngineDatabase.db-wal
2026-03-02 00:44:46 | MODIFIED | C:\Users\hp world\AppData\Local\Google\Chrome\User Data\Default\WebStorage\QuotaManager-journal
2026-03-02 00:44:46 | MODIFIED | C:\Users\hp world\AppData\Local\Google\Chrome\User Data\Default\WebStorage\QuotaManager-journal
2026-03-02 00:44:46 | MODIFIED | C:\Users\hp world\AppData\Local\Google\Chrome\User Data\Default\WebStorage\QuotaManager
2026-03-02 00:44:46 | MODIFIED | C:\Users\hp world\AppData\Local\Google\Chrome\User Data\Default\WebStorage\QuotaManager-journal
2026-03-02 00:44:48 | MODIFIED | C:\Windows\Temp\_avg_\nsfsp0000000F.tmp
2026-03-02 00:44:48 | MODIFIED | C:\Windows\Temp\_avg_\nsfsp0000000F.tmp
2026-03-02 00:44:48 | MODIFIED | C:\Program Files\Microsoft OneDrive\26.017.0126.0002\FileCoAuth.exe
2026-03-02 00:44:48 | MODIFIED | C:\Windows\Panther\monitor\WinSetupMon.log
2026-03-02 00:44:48 | MODIFIED | C:\ProgramData\Microsoft\Search\Data\Applications\Windows\Windows-gather.db-wal
2026-03-02 00:44:48 | MODIFIED | C:\Users\hp world\AppData\Roaming\Microsoft\Windows\Recent\AutomaticDestinations\f01b4d95cf55d32a.automaticDestinations-ms
2026-03-02 00:44:48 | CREATED | C:\Users\hp world\AppData\Roaming\Microsoft\Windows\Recent\please.lnk
2026-03-02 00:44:48 | MODIFIED | C:\Users\hp world\AppData\Roaming\Microsoft\Windows\Recent\please.lnk
2026-03-02 00:44:48 | MODIFIED | C:\Windows\Panther\monitor\WinSetupMon.log
2026-03-02 00:44:48 | MODIFIED | C:\Users\hp world\AppData\Roaming\Microsoft\Windows\Recent\AutomaticDestinations\5f7b5f1e01b83767.automaticDestinations-ms
2026-03-02 00:44:48 | CREATED | C:\Users\hp world\AppData\Local\Microsoft\Windows\History\History.IE5\MSHist012026022320260302\container.dat
2026-03-02 00:44:48 | CREATED | C:\Users\hp world\AppData\Local\Microsoft\Windows\History\History.IE5\MSHist012026030220260303\container.dat
2026-03-02 00:44:48 | CREATED | C:\Users\hp world\AppData\Local\Microsoft\Windows\History\History.IE5\MSHist012026022320260302\container.dat
2026-03-02 00:44:48 | MODIFIED | C:\Users\hp world\AppData\Local\Microsoft\Windows\History\History.IE5\MSHist012026022320260302\container.dat
2026-03-02 00:44:48 | MODIFIED | C:\Users\hp world\AppData\Local\Microsoft\Windows\History\History.IE5\MSHist012026030120260302\container.dat
2026-03-02 00:44:48 | MODIFIED | C:\Windows\Panther\monitor\WinSetupMon.log
2026-03-02 00:44:48 | MODIFIED | C:\Users\hp world\AppData\Local\Microsoft\Windows\History\History.IE5\MSHist012026030120260302
2026-03-02 00:44:48 | MODIFIED | C:\Windows\Panther\monitor\WinSetupMon.log
2026-03-02 00:44:48 | MODIFIED | C:\Users\hp world\AppData\Local\Microsoft\Windows\History\History.IE5\MSHist012026022720260228
2026-03-02 00:44:48 | MODIFIED | C:\Users\hp world\AppData\Local\Microsoft\Windows\History\History.IE5\MSHist012026022720260228\container.dat
2026-03-02 00:44:48 | MODIFIED | C:\Windows\Panther\monitor\WinSetupMon.log
2026-03-02 00:44:48 | MODIFIED | C:\Users\hp world\AppData\Local\Microsoft\Windows\History\History.IE5\MSHist012026022720260228
2026-03-02 00:44:48 | MODIFIED | C:\Windows\Panther\monitor\WinSetupMon.log
2026-03-02 00:44:48 | MODIFIED | C:\Users\hp world\AppData\Local\Microsoft\Windows\History\History.IE5\MSHist012026022620260227
2026-03-02 00:44:48 | MODIFIED | C:\Users\hp world\AppData\Local\Microsoft\Windows\History\History.IE5\MSHist012026022620260227\container.dat
2026-03-02 00:44:48 | MODIFIED | C:\Windows\Panther\monitor\WinSetupMon.log
2026-03-02 00:44:48 | MODIFIED | C:\Users\hp world\AppData\Local\Microsoft\Windows\History\History.IE5\MSHist012026022620260227
2026-03-02 00:44:48 | MODIFIED | C:\Windows\Panther\monitor\WinSetupMon.log
2026-03-02 00:44:48 | MODIFIED | C:\Users\hp world\AppData\Local\Microsoft\Windows\History\History.IE5\MSHist012026022520260226
2026-03-02 00:44:48 | MODIFIED | C:\Users\hp world\AppData\Local\Microsoft\Windows\History\History.IE5\MSHist012026022520260226\container.dat
2026-03-02 00:44:48 | MODIFIED | C:\Windows\Panther\monitor\WinSetupMon.log
2026-03-02 00:44:48 | MODIFIED | C:\Users\hp world\AppData\Local\Microsoft\Windows\History\History.IE5\MSHist012026022520260226
2026-03-02 00:44:48 | MODIFIED | C:\Windows\Panther\monitor\WinSetupMon.log
2026-03-02 00:44:48 | MODIFIED | C:\Users\hp world\AppData\Local\Microsoft\Windows\History\History.IE5\MSHist012026022420260225
2026-03-02 00:44:48 | MODIFIED | C:\Users\hp world\AppData\Local\Microsoft\Windows\History\History.IE5\MSHist012026022420260225\container.dat
2026-03-02 00:44:48 | MODIFIED | C:\Windows\Panther\monitor\WinSetupMon.log
2026-03-02 00:44:48 | MODIFIED | C:\Users\hp world\AppData\Local\Microsoft\Windows\History\History.IE5\MSHist012026022420260225
2026-03-02 00:44:48 | MODIFIED | C:\Windows\Panther\monitor\WinSetupMon.log
2026-03-02 00:44:48 | MODIFIED | C:\Users\hp world\AppData\Local\Microsoft\Windows\History\History.IE5\MSHist012026022320260224
2026-03-02 00:44:48 | MODIFIED | C:\Users\hp world\AppData\Local\Microsoft\Windows\History\History.IE5\MSHist012026022320260224\container.dat
2026-03-02 00:44:48 | MODIFIED | C:\Windows\Panther\monitor\WinSetupMon.log
2026-03-02 00:44:48 | MODIFIED | C:\Users\hp world\AppData\Local\Microsoft\Windows\History\History.IE5\MSHist012026022320260224
2026-03-02 00:44:48 | MODIFIED | C:\Windows\Panther\monitor\WinSetupMon.log
2026-03-02 00:44:48 | CREATED | C:\Users\hp world\AppData\Local\Microsoft\Windows\History\History.IE5\MSHist012026030220260303\container.dat
2026-03-02 00:44:48 | MODIFIED | C:\Users\hp world\AppData\Local\Microsoft\Windows\History\History.IE5\MSHist012026030220260303\container.dat
2026-03-02 00:44:49 | MODIFIED | C:\Users\hp world\AppData\Local\Google\Chrome\User Data\Default\Network\Cookies-journal
2026-03-02 00:44:49 | MODIFIED | C:\Users\hp world\AppData\Local\Google\Chrome\User Data\Default\Network\Cookies-journal
2026-03-02 00:44:49 | MODIFIED | C:\Users\hp world\AppData\Local\Google\Chrome\User Data\Default\Network\Cookies
2026-03-02 00:44:49 | MODIFIED | C:\Users\hp world\AppData\Local\Google\Chrome\User Data\Default\Network\Cookies-journal
2026-03-02 00:44:49 | MODIFIED | C:\Users\hp world\AppData\Local\Microsoft\OneDrive\logs\Personal\SyncEngine-2026-03-01.1914.3556.901.aodl
2026-03-02 00:44:49 | MODIFIED | C:\Windows\Panther\monitor\WinSetupMon.log
2026-03-02 00:44:49 | CREATED | C:\Users\hp world\AppData\Local\Microsoft\OneDrive\logs\Personal\SyncEngine-2026-03-01.1914.3556.902.aodl
2026-03-02 00:44:49 | MODIFIED | C:\Users\hp world\AppData\Local\Microsoft\OneDrive\logs\Personal\SyncEngine-2026-03-01.1914.3556.902.aodl
2026-03-02 00:44:50 | MODIFIED | C:\Users\hp world\AppData\Local\Microsoft\OneDrive\logs\Personal\SyncEngine-2026-03-01.1914.3556.902.aodl
2026-03-02 00:44:50 | MODIFIED | C:\Windows\Panther\monitor\WinSetupMon.log
2026-03-02 00:44:50 | CREATED | C:\Users\hp world\AppData\Local\Microsoft\OneDrive\logs\Personal\SyncEngine-2026-03-01.1914.3556.903.aodl
2026-03-02 00:44:50 | MODIFIED | C:\Users\hp world\AppData\Local\Microsoft\OneDrive\logs\Personal\SyncEngine-2026-03-01.1914.3556.903.aodl
2026-03-02 00:44:50 | MODIFIED | C:\Windows\Temp\_avg_\nsfsp0000000B.tmp
2026-03-02 00:44:51 | MODIFIED | C:\Users\hp world\AppData\Local\Microsoft\OneDrive\logs\Personal\SyncEngine-2026-03-01.1914.3556.903.aodl
2026-03-02 00:44:51 | MODIFIED | C:\Windows\Panther\monitor\WinSetupMon.log
2026-03-02 00:44:51 | CREATED | C:\Users\hp world\AppData\Local\Microsoft\OneDrive\logs\Personal\SyncEngine-2026-03-01.1914.3556.904.aodl
2026-03-02 00:44:51 | MODIFIED | C:\Users\hp world\AppData\Local\Microsoft\OneDrive\logs\Personal\SyncEngine-2026-03-01.1914.3556.904.aodl
2026-03-02 00:44:51 | MODIFIED | C:\Windows\bootstat.dat
2026-03-02 00:44:51 | MODIFIED | C:\ProgramData\HP\HP Touchpoint Analytics Client\Logs\hp-touchpoint-analytics-service.log
2026-03-02 00:44:51 | CREATED | C:\Users\hp world\AppData\Local\Packages\AD2F1837.HPThermalControl_v10z8vjag6ke6\LocalState\20260301HpccBgLog.txt.~tmp
2026-03-02 00:44:51 | MODIFIED | C:\Users\hp world\AppData\Local\Packages\AD2F1837.HPThermalControl_v10z8vjag6ke6\LocalState\20260301HpccBgLog.txt.~tmp
2026-03-02 00:44:51 | CREATED | C:\Users\hp world\AppData\Local\Packages\AD2F1837.HPThermalControl_v10z8vjag6ke6\LocalState\20260301HpccBgLog.txt~RF79d535.TMP
2026-03-02 00:44:51 | MODIFIED | C:\Windows\Panther\monitor\WinSetupMon.log
2026-03-02 00:44:51 | MODIFIED | C:\Windows\Panther\monitor\WinSetupMon.log
2026-03-02 00:44:51 | MODIFIED | C:\Users\hp world\AppData\Local\Packages\AD2F1837.HPThermalControl_v10z8vjag6ke6\LocalState\20260301HpccBgLog.txt.~tmp
2026-03-02 00:44:51 | MODIFIED | C:\Users\hp world\AppData\Local\Packages\AD2F1837.HPThermalControl_v10z8vjag6ke6\LocalState\20260301HpccBgLog.txt
2026-03-02 00:44:51 | MODIFIED | C:\Windows\Panther\monitor\WinSetupMon.log
2026-03-02 00:44:51 | CREATED | C:\Users\hp world\AppData\Local\Packages\AD2F1837.HPThermalControl_v10z8vjag6ke6\LocalState\20260301HpccBgLog.txt.~tmp
2026-03-02 00:44:51 | MODIFIED | C:\Users\hp world\AppData\Local\Packages\AD2F1837.HPThermalControl_v10z8vjag6ke6\LocalState\20260301HpccBgLog.txt.~tmp
2026-03-02 00:44:51 | CREATED | C:\Users\hp world\AppData\Local\Packages\AD2F1837.HPThermalControl_v10z8vjag6ke6\LocalState\20260301HpccBgLog.txt~RF79d545.TMP
2026-03-02 00:44:51 | MODIFIED | C:\Windows\Panther\monitor\WinSetupMon.log
2026-03-02 00:44:51 | MODIFIED | C:\Users\hp world\AppData\Local\Packages\AD2F1837.HPThermalControl_v10z8vjag6ke6\LocalState\20260301HpccBgLog.txt.~tmp
2026-03-02 00:44:51 | MODIFIED | C:\Windows\Panther\monitor\WinSetupMon.log
2026-03-02 00:44:51 | MODIFIED | C:\Users\hp world\AppData\Local\Packages\AD2F1837.HPThermalControl_v10z8vjag6ke6\LocalState\20260301HpccBgLog.txt
2026-03-02 00:44:51 | MODIFIED | C:\Users\hp world\AppData\Local\Google\Chrome\User Data\Default\Network\Reporting and NEL-journal
2026-03-02 00:44:51 | MODIFIED | C:\Windows\Panther\monitor\WinSetupMon.log
2026-03-02 00:44:51 | MODIFIED | C:\Users\hp world\AppData\Local\Google\Chrome\User Data\Default\Network\Reporting and NEL-journal
2026-03-02 00:44:51 | MODIFIED | C:\Users\hp world\AppData\Local\Google\Chrome\User Data\Default\Network\Reporting and NEL
2026-03-02 00:44:51 | MODIFIED | C:\Users\hp world\AppData\Local\Google\Chrome\User Data\Default\Network\Reporting and NEL-journal
2026-03-02 00:44:51 | CREATED | C:\Users\hp world\AppData\Local\Packages\AD2F1837.HPThermalControl_v10z8vjag6ke6\LocalState\20260301HpccBgLog.txt.~tmp
2026-03-02 00:44:51 | MODIFIED | C:\Users\hp world\AppData\Local\Packages\AD2F1837.HPThermalControl_v10z8vjag6ke6\LocalState\20260301HpccBgLog.txt.~tmp
2026-03-02 00:44:51 | CREATED | C:\Users\hp world\AppData\Local\Packages\AD2F1837.HPThermalControl_v10z8vjag6ke6\LocalState\20260301HpccBgLog.txt~RF79d564.TMP
2026-03-02 00:44:51 | MODIFIED | C:\Windows\Panther\monitor\WinSetupMon.log
2026-03-02 00:44:51 | MODIFIED | C:\Users\hp world\AppData\Local\Packages\AD2F1837.HPThermalControl_v10z8vjag6ke6\LocalState\20260301HpccBgLog.txt.~tmp
2026-03-02 00:44:51 | MODIFIED | C:\Windows\Panther\monitor\WinSetupMon.log
2026-03-02 00:44:51 | MODIFIED | C:\Users\hp world\AppData\Local\Packages\AD2F1837.HPThermalControl_v10z8vjag6ke6\LocalState\20260301HpccBgLog.txt
2026-03-02 00:44:51 | MODIFIED | C:\Windows\Panther\monitor\WinSetupMon.log
2026-03-02 00:44:51 | CREATED | C:\Users\hp world\AppData\Local\Packages\AD2F1837.HPThermalControl_v10z8vjag6ke6\LocalState\20260301HpccBgLog.txt.~tmp
2026-03-02 00:44:51 | MODIFIED | C:\Users\hp world\AppData\Local\Packages\AD2F1837.HPThermalControl_v10z8vjag6ke6\LocalState\20260301HpccBgLog.txt.~tmp
2026-03-02 00:44:51 | CREATED | C:\Users\hp world\AppData\Local\Packages\AD2F1837.HPThermalControl_v10z8vjag6ke6\LocalState\20260301HpccBgLog.txt~RF79d574.TMP
2026-03-02 00:44:51 | MODIFIED | C:\Windows\Panther\monitor\WinSetupMon.log
2026-03-02 00:44:51 | MODIFIED | C:\Windows\Panther\monitor\WinSetupMon.log
2026-03-02 00:44:51 | MODIFIED | C:\Users\hp world\AppData\Local\Packages\AD2F1837.HPThermalControl_v10z8vjag6ke6\LocalState\20260301HpccBgLog.txt
2026-03-02 00:44:51 | MODIFIED | C:\Windows\Panther\monitor\WinSetupMon.log
2026-03-02 00:44:51 | CREATED | C:\Users\hp world\AppData\Local\Packages\AD2F1837.HPThermalControl_v10z8vjag6ke6\LocalState\20260301HpccBgLog.txt.~tmp
2026-03-02 00:44:51 | MODIFIED | C:\Users\hp world\AppData\Local\Packages\AD2F1837.HPThermalControl_v10z8vjag6ke6\LocalState\20260301HpccBgLog.txt.~tmp
2026-03-02 00:44:51 | MODIFIED | C:\Users\hp world\AppData\Local\Packages\AD2F1837.HPThermalControl_v10z8vjag6ke6\LocalState\20260301HpccBgLog.txt.~tmp
2026-03-02 00:44:51 | CREATED | C:\Users\hp world\AppData\Local\Packages\AD2F1837.HPThermalControl_v10z8vjag6ke6\LocalState\20260301HpccBgLog.txt~RF79d583.TMP
2026-03-02 00:44:51 | MODIFIED | C:\Users\hp world\AppData\Local\Packages\AD2F1837.HPThermalControl_v10z8vjag6ke6\LocalState\20260301HpccBgLog.txt.~tmp
2026-03-02 00:44:51 | MODIFIED | C:\Windows\Panther\monitor\WinSetupMon.log
2026-03-02 00:44:51 | MODIFIED | C:\Windows\Panther\monitor\WinSetupMon.log
2026-03-02 00:44:51 | MODIFIED | C:\Users\hp world\AppData\Local\Packages\AD2F1837.HPThermalControl_v10z8vjag6ke6\LocalState\20260301HpccBgLog.txt
2026-03-02 00:44:51 | MODIFIED | C:\Windows\Panther\monitor\WinSetupMon.log
2026-03-02 00:44:51 | CREATED | C:\Users\hp world\AppData\Local\Packages\AD2F1837.HPThermalControl_v10z8vjag6ke6\LocalState\20260301HpccBgLog.txt.~tmp
2026-03-02 00:44:51 | MODIFIED | C:\Users\hp world\AppData\Local\Packages\AD2F1837.HPThermalControl_v10z8vjag6ke6\LocalState\20260301HpccBgLog.txt.~tmp
2026-03-02 00:44:51 | MODIFIED | C:\Users\hp world\AppData\Local\Packages\AD2F1837.HPThermalControl_v10z8vjag6ke6\LocalState\20260301HpccBgLog.txt.~tmp
2026-03-02 00:44:51 | CREATED | C:\Users\hp world\AppData\Local\Packages\AD2F1837.HPThermalControl_v10z8vjag6ke6\LocalState\20260301HpccBgLog.txt~RF79d593.TMP
2026-03-02 00:44:51 | MODIFIED | C:\Windows\Panther\monitor\WinSetupMon.log
2026-03-02 00:44:51 | MODIFIED | C:\Windows\Panther\monitor\WinSetupMon.log
2026-03-02 00:44:51 | MODIFIED | C:\Users\hp world\AppData\Local\Packages\AD2F1837.HPThermalControl_v10z8vjag6ke6\LocalState\20260301HpccBgLog.txt
2026-03-02 00:44:51 | MODIFIED | C:\Windows\Panther\monitor\WinSetupMon.log
2026-03-02 00:44:51 | CREATED | C:\Users\hp world\AppData\Local\Packages\AD2F1837.HPThermalControl_v10z8vjag6ke6\LocalState\20260301HpccBgLog.txt.~tmp
2026-03-02 00:44:51 | MODIFIED | C:\Users\hp world\AppData\Local\Packages\AD2F1837.HPThermalControl_v10z8vjag6ke6\LocalState\20260301HpccBgLog.txt.~tmp
2026-03-02 00:44:51 | MODIFIED | C:\Users\hp world\AppData\Local\Packages\AD2F1837.HPThermalControl_v10z8vjag6ke6\LocalState\20260301HpccBgLog.txt.~tmp
2026-03-02 00:44:51 | CREATED | C:\Users\hp world\AppData\Local\Packages\AD2F1837.HPThermalControl_v10z8vjag6ke6\LocalState\20260301HpccBgLog.txt~RF79d5a2.TMP
2026-03-02 00:44:51 | MODIFIED | C:\Windows\Panther\monitor\WinSetupMon.log
2026-03-02 00:44:51 | MODIFIED | C:\Windows\Panther\monitor\WinSetupMon.log
2026-03-02 00:44:51 | MODIFIED | C:\Users\hp world\AppData\Local\Packages\AD2F1837.HPThermalControl_v10z8vjag6ke6\LocalState\20260301HpccBgLog.txt
2026-03-02 00:44:51 | MODIFIED | C:\Windows\Panther\monitor\WinSetupMon.log
2026-03-02 00:44:51 | CREATED | C:\Users\hp world\AppData\Local\Packages\AD2F1837.HPThermalControl_v10z8vjag6ke6\LocalState\20260301HpccBgLog.txt.~tmp
2026-03-02 00:44:51 | MODIFIED | C:\Users\hp world\AppData\Local\Packages\AD2F1837.HPThermalControl_v10z8vjag6ke6\LocalState\20260301HpccBgLog.txt.~tmp
2026-03-02 00:44:51 | CREATED | C:\Users\hp world\AppData\Local\Packages\AD2F1837.HPThermalControl_v10z8vjag6ke6\LocalState\20260301HpccBgLog.txt~RF79d5b2.TMP
2026-03-02 00:44:51 | MODIFIED | C:\Windows\Panther\monitor\WinSetupMon.log
2026-03-02 00:44:51 | MODIFIED | C:\Windows\Panther\monitor\WinSetupMon.log
2026-03-02 00:44:51 | MODIFIED | C:\Users\hp world\AppData\Local\Packages\AD2F1837.HPThermalControl_v10z8vjag6ke6\LocalState\20260301HpccBgLog.txt
2026-03-02 00:44:51 | MODIFIED | C:\Windows\Panther\monitor\WinSetupMon.log
2026-03-02 00:44:51 | MODIFIED | C:\Users\hp world\AppData\Local\Microsoft\OneDrive\logs\Personal\SyncEngine-2026-03-01.1914.3556.904.aodl
2026-03-02 00:44:51 | MODIFIED | C:\Windows\Panther\monitor\WinSetupMon.log
2026-03-02 00:44:51 | CREATED | C:\Users\hp world\AppData\Local\Microsoft\OneDrive\logs\Personal\SyncEngine-2026-03-01.1914.3556.905.aodl
2026-03-02 00:44:51 | MODIFIED | C:\Users\hp world\AppData\Local\Microsoft\OneDrive\logs\Personal\SyncEngine-2026-03-01.1914.3556.905.aodl
2026-03-02 00:44:52 | MODIFIED | C:\Users\hp world\AppData\Local\Microsoft\OneDrive\logs\Personal\SyncEngine-2026-03-01.1914.3556.905.aodl
2026-03-02 00:44:52 | MODIFIED | C:\Windows\Panther\monitor\WinSetupMon.log
2026-03-02 00:44:52 | CREATED | C:\Users\hp world\AppData\Local\Microsoft\OneDrive\logs\Personal\SyncEngine-2026-03-01.1914.3556.906.aodl
2026-03-02 00:44:52 | MODIFIED | C:\Users\hp world\AppData\Local\Microsoft\OneDrive\logs\Personal\SyncEngine-2026-03-01.1914.3556.906.aodl
2026-03-02 00:44:53 | MODIFIED | C:\Users\hp world\AppData\Local\Microsoft\OneDrive\logs\Personal\SyncEngine-2026-03-01.1914.3556.906.aodl
2026-03-02 00:44:53 | MODIFIED | C:\Windows\Panther\monitor\WinSetupMon.log
2026-03-02 00:44:53 | CREATED | C:\Users\hp world\AppData\Local\Microsoft\OneDrive\logs\Personal\SyncEngine-2026-03-01.1914.3556.907.aodl
2026-03-02 00:44:53 | MODIFIED | C:\Users\hp world\AppData\Local\Microsoft\OneDrive\logs\Personal\SyncEngine-2026-03-01.1914.3556.907.aodl
2026-03-02 00:44:54 | MODIFIED | C:\Users\hp world\AppData\Local\Microsoft\OneDrive\logs\Personal\SyncEngine-2026-03-01.1914.3556.907.aodl
2026-03-02 00:44:54 | MODIFIED | C:\Windows\Panther\monitor\WinSetupMon.log
2026-03-02 00:44:54 | MODIFIED | C:\Windows\System32\winevt\Logs\Microsoft-Windows-Known Folders API Service.evtx
2026-03-02 00:44:54 | CREATED | C:\Users\hp world\AppData\Local\Microsoft\OneDrive\logs\Personal\SyncEngine-2026-03-01.1914.3556.908.aodl
2026-03-02 00:44:54 | MODIFIED | C:\Users\hp world\AppData\Local\Microsoft\OneDrive\logs\Personal\SyncEngine-2026-03-01.1914.3556.908.aodl
2026-03-02 00:44:54 | MODIFIED | C:\Users\hp world\AppData\Local\Microsoft\OneDrive\logs\Personal\SyncEngine-2026-03-01.1914.3556.908.aodl
2026-03-02 00:44:54 | MODIFIED | C:\Users\hp world\AppData\Local\Microsoft\OneDrive\logs\Personal\SyncEngine-2026-03-01.1914.3556.908.aodl
2026-03-02 00:44:54 | MODIFIED | C:\Users\hp world\AppData\Local\Microsoft\OneDrive\logs\Personal\SyncEngine-2026-03-01.1914.3556.908.aodl
2026-03-02 00:44:54 | MODIFIED | C:\Users\hp world\AppData\Local\Microsoft\OneDrive\logs\Personal\SyncEngine-2026-03-01.1914.3556.908.aodl
2026-03-02 00:44:54 | MODIFIED | C:\Users\hp world\AppData\Local\Microsoft\OneDrive\logs\Personal\SyncEngine-2026-03-01.1914.3556.908.aodl
2026-03-02 00:44:54 | MODIFIED | C:\Users\hp world\AppData\Local\Microsoft\OneDrive\logs\Personal\SyncEngine-2026-03-01.1914.3556.908.aodl
2026-03-02 00:44:54 | MODIFIED | C:\Users\hp world\AppData\Local\Microsoft\OneDrive\logs\Personal\SyncEngine-2026-03-01.1914.3556.908.aodl
2026-03-02 00:44:54 | MODIFIED | C:\Users\hp world\AppData\Local\Microsoft\OneDrive\logs\Personal\SyncEngine-2026-03-01.1914.3556.908.aodl
2026-03-02 00:44:54 | MODIFIED | C:\Users\hp world\AppData\Local\Microsoft\OneDrive\logs\Personal\SyncEngine-2026-03-01.1914.3556.908.aodl
2026-03-02 00:44:54 | MODIFIED | C:\Users\hp world\AppData\Local\Microsoft\OneDrive\logs\Personal\SyncEngine-2026-03-01.1914.3556.908.aodl
2026-03-02 00:44:54 | MODIFIED | C:\Windows\Panther\monitor\WinSetupMon.log
2026-03-02 00:44:54 | CREATED | C:\Users\hp world\AppData\Local\Microsoft\OneDrive\logs\Personal\SyncEngine-2026-03-01.1914.3556.909.aodl
2026-03-02 00:44:54 | MODIFIED | C:\Users\hp world\AppData\Local\Microsoft\OneDrive\logs\Personal\SyncEngine-2026-03-01.1914.3556.909.aodl
2026-03-02 00:44:54 | MODIFIED | C:\Users\hp world\AppData\Local\Microsoft\OneDrive\logs\Personal\SyncEngine-2026-03-01.1914.3556.909.aodl
2026-03-02 00:44:54 | MODIFIED | C:\Users\hp world\AppData\Local\Microsoft\OneDrive\logs\Personal\SyncEngine-2026-03-01.1914.3556.909.aodl
2026-03-02 00:44:54 | MODIFIED | C:\Users\hp world\AppData\Local\Microsoft\OneDrive\logs\Personal\SyncEngine-2026-03-01.1914.3556.909.aodl
2026-03-02 00:44:54 | MODIFIED | C:\Users\hp world\AppData\Local\Microsoft\OneDrive\logs\Personal\SyncEngine-2026-03-01.1914.3556.909.aodl
2026-03-02 00:44:54 | MODIFIED | C:\Users\hp world\AppData\Local\Microsoft\OneDrive\logs\Personal\SyncEngine-2026-03-01.1914.3556.909.aodl
2026-03-02 00:44:54 | MODIFIED | C:\Users\hp world\AppData\Local\Microsoft\OneDrive\logs\Personal\SyncEngine-2026-03-01.1914.3556.909.aodl
2026-03-02 00:44:54 | MODIFIED | C:\Users\hp world\AppData\Local\Microsoft\OneDrive\logs\Personal\SyncEngine-2026-03-01.1914.3556.909.aodl
2026-03-02 00:44:54 | MODIFIED | C:\Users\hp world\AppData\Local\Microsoft\OneDrive\logs\Personal\SyncEngine-2026-03-01.1914.3556.909.aodl
2026-03-02 00:44:54 | MODIFIED | C:\Users\hp world\AppData\Local\Microsoft\OneDrive\logs\Personal\SyncEngine-2026-03-01.1914.3556.909.aodl
2026-03-02 00:44:54 | MODIFIED | C:\Users\hp world\AppData\Local\Microsoft\OneDrive\logs\Personal\SyncEngine-2026-03-01.1914.3556.909.aodl
2026-03-02 00:44:54 | MODIFIED | C:\Windows\Panther\monitor\WinSetupMon.log
2026-03-02 00:44:54 | CREATED | C:\Users\hp world\AppData\Local\Microsoft\OneDrive\logs\Personal\SyncEngine-2026-03-01.1914.3556.910.aodl
2026-03-02 00:44:54 | MODIFIED | C:\Users\hp world\AppData\Local\Microsoft\OneDrive\logs\Personal\SyncEngine-2026-03-01.1914.3556.910.aodl
2026-03-02 00:44:54 | MODIFIED | C:\Users\hp world\AppData\Local\Microsoft\OneDrive\logs\Personal\SyncEngine-2026-03-01.1914.3556.910.aodl
2026-03-02 00:44:54 | MODIFIED | C:\Users\hp world\AppData\Local\Microsoft\OneDrive\logs\Personal\SyncEngine-2026-03-01.1914.3556.910.aodl
2026-03-02 00:44:55 | MODIFIED | C:\Users\hp world\AppData\Local\Microsoft\OneDrive\logs\Personal\SyncEngine-2026-03-01.1914.3556.910.aodl
2026-03-02 00:44:55 | MODIFIED | C:\Windows\Panther\monitor\WinSetupMon.log
2026-03-02 00:44:55 | CREATED | C:\Users\hp world\AppData\Local\Microsoft\OneDrive\logs\Personal\SyncEngine-2026-03-01.1914.3556.911.aodl
2026-03-02 00:44:55 | MODIFIED | C:\Users\hp world\AppData\Local\Microsoft\OneDrive\logs\Personal\SyncEngine-2026-03-01.1914.3556.911.aodl
2026-03-02 00:44:55 | MODIFIED | C:\Users\hp world\AppData\Local\Microsoft\OneDrive\logs\Personal\SyncEngine-2026-03-01.1914.3556.911.aodl
2026-03-02 00:44:55 | MODIFIED | C:\Windows\Panther\monitor\WinSetupMon.log
2026-03-02 00:44:55 | CREATED | C:\Users\hp world\AppData\Local\Microsoft\OneDrive\logs\Personal\SyncEngine-2026-03-01.1914.3556.912.aodl
2026-03-02 00:44:55 | MODIFIED | C:\Users\hp world\AppData\Local\Microsoft\OneDrive\logs\Personal\SyncEngine-2026-03-01.1914.3556.912.aodl
2026-03-02 00:44:55 | MODIFIED | C:\Users\hp world\AppData\Local\Microsoft\OneDrive\logs\Personal\SyncEngine-2026-03-01.1914.3556.912.aodl
2026-03-02 00:44:55 | MODIFIED | C:\Windows\Panther\monitor\WinSetupMon.log
2026-03-02 00:44:55 | CREATED | C:\Users\hp world\AppData\Local\Microsoft\OneDrive\logs\Personal\SyncEngine-2026-03-01.1914.3556.913.aodl
2026-03-02 00:44:55 | MODIFIED | C:\Users\hp world\AppData\Local\Microsoft\OneDrive\logs\Personal\SyncEngine-2026-03-01.1914.3556.913.aodl
2026-03-02 00:44:55 | MODIFIED | C:\Users\hp world\AppData\Local\Microsoft\OneDrive\logs\Personal\SyncEngine-2026-03-01.1914.3556.913.aodl
2026-03-02 00:44:55 | MODIFIED | C:\Users\hp world\AppData\Local\Microsoft\OneDrive\logs\Personal\SyncEngine-2026-03-01.1914.3556.913.aodl
2026-03-02 00:44:55 | MODIFIED | C:\Users\hp world\AppData\Local\Microsoft\OneDrive\logs\Personal\SyncEngine-2026-03-01.1914.3556.913.aodl
2026-03-02 00:44:55 | MODIFIED | C:\Users\hp world\AppData\Local\Microsoft\OneDrive\logs\Personal\SyncEngine-2026-03-01.1914.3556.913.aodl
2026-03-02 00:44:55 | MODIFIED | C:\Users\hp world\AppData\Local\Microsoft\OneDrive\logs\Personal\SyncEngine-2026-03-01.1914.3556.913.aodl
2026-03-02 00:44:55 | MODIFIED | C:\Users\hp world\AppData\Local\Microsoft\OneDrive\logs\Personal\SyncEngine-2026-03-01.1914.3556.913.aodl
2026-03-02 00:44:55 | MODIFIED | C:\Users\hp world\AppData\Local\Microsoft\OneDrive\logs\Personal\SyncEngine-2026-03-01.1914.3556.913.aodl
2026-03-02 00:44:55 | MODIFIED | C:\Users\hp world\AppData\Local\Microsoft\OneDrive\logs\Personal\SyncEngine-2026-03-01.1914.3556.913.aodl
2026-03-02 00:44:55 | MODIFIED | C:\Users\hp world\AppData\Local\Microsoft\OneDrive\logs\Personal\SyncEngine-2026-03-01.1914.3556.913.aodl
2026-03-02 00:44:55 | MODIFIED | C:\Users\hp world\AppData\Local\Microsoft\OneDrive\logs\Personal\SyncEngine-2026-03-01.1914.3556.913.aodl
2026-03-02 00:44:55 | MODIFIED | C:\Users\hp world\AppData\Local\Microsoft\OneDrive\logs\Personal\SyncEngine-2026-03-01.1914.3556.913.aodl
2026-03-02 00:44:55 | MODIFIED | C:\Users\hp world\AppData\Local\Microsoft\OneDrive\logs\Personal\SyncEngine-2026-03-01.1914.3556.913.aodl
2026-03-02 00:44:55 | MODIFIED | C:\Users\hp world\AppData\Local\Microsoft\OneDrive\logs\Personal\SyncEngine-2026-03-01.1914.3556.913.aodl
2026-03-02 00:44:55 | MODIFIED | C:\Users\hp world\AppData\Local\Microsoft\OneDrive\logs\Personal\SyncEngine-2026-03-01.1914.3556.913.aodl
2026-03-02 00:44:55 | MODIFIED | C:\Users\hp world\AppData\Local\Microsoft\OneDrive\logs\Personal\SyncEngine-2026-03-01.1914.3556.913.aodl
2026-03-02 00:44:55 | MODIFIED | C:\Users\hp world\AppData\Local\Microsoft\OneDrive\logs\Personal\SyncEngine-2026-03-01.1914.3556.913.aodl
2026-03-02 00:44:55 | MODIFIED | C:\Users\hp world\AppData\Local\Microsoft\OneDrive\logs\Personal\SyncEngine-2026-03-01.1914.3556.913.aodl
2026-03-02 00:44:56 | MODIFIED | C:\Users\hp world\AppData\Local\Microsoft\OneDrive\logs\Personal\SyncEngine-2026-03-01.1914.3556.913.aodl
2026-03-02 00:44:56 | MODIFIED | C:\Windows\Panther\monitor\WinSetupMon.log
2026-03-02 00:44:56 | CREATED | C:\Users\hp world\AppData\Local\Microsoft\OneDrive\logs\Personal\SyncEngine-2026-03-01.1914.3556.914.aodl
2026-03-02 00:44:56 | MODIFIED | C:\Users\hp world\AppData\Local\Microsoft\OneDrive\logs\Personal\SyncEngine-2026-03-01.1914.3556.914.aodl
2026-03-02 00:44:56 | MODIFIED | C:\Users\hp world\AppData\Local\Microsoft\OneDrive\logs\Personal\SyncEngine-2026-03-01.1914.3556.914.aodl
2026-03-02 00:44:56 | MODIFIED | C:\Users\hp world\AppData\Local\Microsoft\OneDrive\logs\Personal\SyncEngine-2026-03-01.1914.3556.914.aodl
2026-03-02 00:44:56 | MODIFIED | C:\Users\hp world\AppData\Local\Microsoft\OneDrive\logs\Personal\SyncEngine-2026-03-01.1914.3556.914.aodl
2026-03-02 00:44:56 | MODIFIED | C:\Users\hp world\AppData\Local\Microsoft\OneDrive\logs\Personal\SyncEngine-2026-03-01.1914.3556.914.aodl
2026-03-02 00:44:56 | MODIFIED | C:\Users\hp world\AppData\Local\Microsoft\OneDrive\logs\Personal\SyncEngine-2026-03-01.1914.3556.914.aodl
2026-03-02 00:44:56 | MODIFIED | C:\Windows\Panther\monitor\WinSetupMon.log
2026-03-02 00:44:56 | CREATED | C:\Users\hp world\AppData\Local\Microsoft\OneDrive\logs\Personal\SyncEngine-2026-03-01.1914.3556.915.aodl
2026-03-02 00:44:56 | MODIFIED | C:\Users\hp world\AppData\Local\Microsoft\OneDrive\logs\Personal\SyncEngine-2026-03-01.1914.3556.915.aodl
2026-03-02 00:44:56 | MODIFIED | C:\Users\hp world\AppData\Local\Microsoft\OneDrive\logs\Personal\SyncEngine-2026-03-01.1914.3556.915.aodl
2026-03-02 00:44:56 | MODIFIED | C:\Users\hp world\AppData\Local\Microsoft\OneDrive\logs\Personal\SyncEngine-2026-03-01.1914.3556.915.aodl
2026-03-02 00:44:56 | MODIFIED | C:\Users\hp world\AppData\Local\Microsoft\OneDrive\logs\Personal\SyncEngine-2026-03-01.1914.3556.915.aodl
2026-03-02 00:44:56 | MODIFIED | C:\Users\hp world\AppData\Local\Microsoft\OneDrive\logs\Personal\SyncEngine-2026-03-01.1914.3556.915.aodl
2026-03-02 00:44:56 | MODIFIED | C:\Users\hp world\AppData\Local\Microsoft\OneDrive\logs\Personal\SyncEngine-2026-03-01.1914.3556.915.aodl
2026-03-02 00:44:56 | MODIFIED | C:\Windows\Panther\monitor\WinSetupMon.log
2026-03-02 00:44:56 | MODIFIED | C:\Users\hp world\OneDrive\Desktop\tellll.txt
2026-03-02 00:44:56 | MODIFIED | C:\Users\hp world\AppData\Roaming\Microsoft\Windows\Recent\AutomaticDestinations\5f7b5f1e01b83767.automaticDestinations-ms
2026-03-02 00:44:56 | MODIFIED | C:\ProgramData\Microsoft\Search\Data\Applications\Windows\Windows-gather.db-wal
2026-03-02 00:44:56 | MODIFIED | C:\Users\hp world\AppData\Roaming\Microsoft\Windows\Recent\AutomaticDestinations\5f7b5f1e01b83767.automaticDestinations-ms
2026-03-02 00:44:56 | MODIFIED | C:\Users\hp world\AppData\Local\Microsoft\OneDrive\settings\Personal\SettingsDatabase.db-wal
2026-03-02 00:44:56 | MODIFIED | C:\Users\hp world\AppData\Local\Microsoft\OneDrive\settings\Personal\SyncEngineDatabase.db-wal
2026-03-02 00:44:57 | MODIFIED | C:\Users\hp world\AppData\Local\Microsoft\OneDrive\logs\Personal\SyncEngine-2026-03-01.1914.3556.915.aodl
2026-03-02 00:44:57 | MODIFIED | C:\Windows\Panther\monitor\WinSetupMon.log
2026-03-02 00:44:57 | CREATED | C:\Users\hp world\AppData\Local\Microsoft\OneDrive\logs\Personal\SyncEngine-2026-03-01.1914.3556.916.aodl
2026-03-02 00:44:57 | MODIFIED | C:\Users\hp world\AppData\Local\Microsoft\OneDrive\logs\Personal\SyncEngine-2026-03-01.1914.3556.916.aodl
2026-03-02 00:44:57 | MODIFIED | C:\Users\hp world\AppData\Local\Microsoft\OneDrive\logs\Personal\SyncEngine-2026-03-01.1914.3556.916.aodl
2026-03-02 00:44:57 | MODIFIED | C:\Windows\Panther\monitor\WinSetupMon.log
2026-03-02 00:44:57 | CREATED | C:\Users\hp world\AppData\Local\Microsoft\OneDrive\logs\Personal\SyncEngine-2026-03-01.1914.3556.917.aodl
2026-03-02 00:44:57 | MODIFIED | C:\Users\hp world\AppData\Local\Microsoft\OneDrive\logs\Personal\SyncEngine-2026-03-01.1914.3556.917.aodl
2026-03-02 00:44:58 | MODIFIED | C:\Users\hp world\AppData\Local\Microsoft\OneDrive\logs\Personal\SyncEngine-2026-03-01.1914.3556.917.aodl
2026-03-02 00:44:58 | MODIFIED | C:\Windows\Panther\monitor\WinSetupMon.log
2026-03-02 00:44:58 | CREATED | C:\Users\hp world\AppData\Local\Microsoft\OneDrive\logs\Personal\SyncEngine-2026-03-01.1914.3556.918.aodl
2026-03-02 00:44:58 | MODIFIED | C:\Users\hp world\AppData\Local\Microsoft\OneDrive\logs\Personal\SyncEngine-2026-03-01.1914.3556.918.aodl
2026-03-02 00:44:58 | MODIFIED | C:\Users\hp world\AppData\Local\Microsoft\OneDrive\logs\Personal\SyncEngine-2026-03-01.1914.3556.918.aodl
2026-03-02 00:44:58 | MODIFIED | C:\Users\hp world\AppData\Local\Microsoft\OneDrive\logs\Personal\SyncEngine-2026-03-01.1914.3556.918.aodl
2026-03-02 00:44:59 | MODIFIED | C:\Users\hp world\AppData\Local\Microsoft\OneDrive\logs\Personal\SyncEngine-2026-03-01.1914.3556.918.aodl
2026-03-02 00:44:59 | MODIFIED | C:\Windows\Panther\monitor\WinSetupMon.log
2026-03-02 00:44:59 | CREATED | C:\Users\hp world\AppData\Local\Microsoft\OneDrive\logs\Personal\SyncEngine-2026-03-01.1914.3556.919.aodl
2026-03-02 00:44:59 | MODIFIED | C:\Users\hp world\AppData\Local\Microsoft\OneDrive\logs\Personal\SyncEngine-2026-03-01.1914.3556.919.aodl
2026-03-02 00:44:59 | MODIFIED | C:\Users\hp world\AppData\Local\Microsoft\OneDrive\logs\Personal\SyncEngine-2026-03-01.1914.3556.919.aodl
2026-03-02 00:44:59 | MODIFIED | C:\Windows\Panther\monitor\WinSetupMon.log
2026-03-02 00:44:59 | CREATED | C:\Users\hp world\AppData\Local\Microsoft\OneDrive\logs\Personal\SyncEngine-2026-03-01.1914.3556.920.aodl
2026-03-02 00:44:59 | MODIFIED | C:\Users\hp world\AppData\Local\Microsoft\OneDrive\logs\Personal\SyncEngine-2026-03-01.1914.3556.920.aodl
2026-03-02 00:44:59 | MODIFIED | C:\Users\hp world\AppData\Local\Microsoft\OneDrive\logs\Personal\SyncDiagnostics.log
2026-03-02 00:44:59 | MODIFIED | C:\Users\hp world\AppData\Local\Microsoft\OneDrive\logs\Personal\SyncEngine-2026-03-01.1914.3556.920.aodl
2026-03-02 00:44:59 | MODIFIED | C:\Windows\Panther\monitor\WinSetupMon.log
2026-03-02 00:44:59 | CREATED | C:\Users\hp world\AppData\Local\Microsoft\OneDrive\logs\Personal\SyncEngine-2026-03-01.1914.3556.921.aodl
2026-03-02 00:44:59 | MODIFIED | C:\Users\hp world\AppData\Local\Microsoft\OneDrive\logs\Personal\SyncEngine-2026-03-01.1914.3556.921.aodl
2026-03-02 00:44:59 | MODIFIED | C:\Program Files\Microsoft Office\root\Office16\WINWORD.EXE
2026-03-02 00:44:59 | MODIFIED | C:\Users\hp world\AppData\Local\Microsoft\OneDrive\logs\Personal\SyncEngine-2026-03-01.1914.3556.921.aodl
2026-03-02 00:45:00 | MODIFIED | C:\Users\hp world\AppData\Local\Microsoft\OneDrive\logs\Personal\SyncEngine-2026-03-01.1914.3556.921.aodl
2026-03-02 00:45:00 | MODIFIED | C:\Windows\Panther\monitor\WinSetupMon.log
2026-03-02 00:45:00 | CREATED | C:\Users\hp world\AppData\Local\Microsoft\OneDrive\logs\Personal\SyncEngine-2026-03-01.1915.3556.922.aodl
2026-03-02 00:45:00 | MODIFIED | C:\Users\hp world\AppData\Local\Microsoft\OneDrive\logs\Personal\SyncEngine-2026-03-01.1915.3556.922.aodl
2026-03-02 00:45:00 | MODIFIED | C:\ProgramData\Microsoft\Search\Data\Applications\Windows\Windows-gather.db-wal
2026-03-02 00:45:01 | MODIFIED | C:\Users\hp world\AppData\Local\Microsoft\OneDrive\logs\Personal\SyncEngine-2026-03-01.1915.3556.922.aodl
2026-03-02 00:45:01 | MODIFIED | C:\Windows\Panther\monitor\WinSetupMon.log
2026-03-02 00:45:01 | CREATED | C:\Users\hp world\AppData\Local\Microsoft\OneDrive\logs\Personal\SyncEngine-2026-03-01.1915.3556.923.aodl
2026-03-02 00:45:01 | MODIFIED | C:\Users\hp world\AppData\Local\Microsoft\OneDrive\logs\Personal\SyncEngine-2026-03-01.1915.3556.923.aodl
2026-03-02 00:45:01 | CREATED | C:\Users\hp world\AppData\Roaming\Code\User\globalStorage\storage.json.vsctmp
2026-03-02 00:45:01 | MODIFIED | C:\Users\hp world\AppData\Roaming\Code\User\globalStorage\storage.json.vsctmp
2026-03-02 00:45:01 | MODIFIED | C:\Windows\Panther\monitor\WinSetupMon.log
2026-03-02 00:45:01 | MODIFIED | C:\Users\hp world\AppData\Local\Microsoft\OneDrive\logs\Personal\SyncEngine-2026-03-01.1915.3556.923.aodl
2026-03-02 00:45:01 | MODIFIED | C:\Windows\Panther\monitor\WinSetupMon.log
2026-03-02 00:45:01 | CREATED | C:\Users\hp world\AppData\Local\Microsoft\OneDrive\logs\Personal\SyncEngine-2026-03-01.1915.3556.924.aodl
2026-03-02 00:45:01 | MODIFIED | C:\Users\hp world\AppData\Local\Microsoft\OneDrive\logs\Personal\SyncEngine-2026-03-01.1915.3556.924.aodl
2026-03-02 00:45:01 | MODIFIED | C:\Users\hp world\AppData\Local\Microsoft\OneDrive\logs\Personal\SyncEngine-2026-03-01.1915.3556.924.aodl
2026-03-02 00:45:02 | MODIFIED | C:\Users\hp world\AppData\Local\Microsoft\OneDrive\logs\Personal\SyncDiagnostics.log
2026-03-02 00:45:02 | MODIFIED | C:\Users\hp world\AppData\Local\Microsoft\OneDrive\logs\Personal\SyncEngine-2026-03-01.1915.3556.924.aodl
2026-03-02 00:45:02 | MODIFIED | C:\Windows\Panther\monitor\WinSetupMon.log
2026-03-02 00:45:02 | CREATED | C:\Users\hp world\AppData\Local\Microsoft\OneDrive\logs\Personal\SyncEngine-2026-03-01.1915.3556.925.aodl
2026-03-02 00:45:02 | MODIFIED | C:\Users\hp world\AppData\Local\Microsoft\OneDrive\logs\Personal\SyncEngine-2026-03-01.1915.3556.925.aodl
2026-03-02 00:45:02 | MODIFIED | C:\Users\hp world\AppData\Local\Microsoft\OneDrive\logs\Personal\SyncEngine-2026-03-01.1915.3556.925.aodl
2026-03-02 00:45:02 | MODIFIED | C:\Users\hp world\AppData\Local\Microsoft\OneDrive\logs\Personal\SyncEngine-2026-03-01.1915.3556.925.aodl
2026-03-02 00:45:02 | MODIFIED | C:\Users\hp world\AppData\Local\Microsoft\OneDrive\logs\Personal\SyncEngine-2026-03-01.1915.3556.925.aodl
2026-03-02 00:45:02 | MODIFIED | C:\Users\hp world\AppData\Local\Microsoft\OneDrive\logs\Personal\SyncEngine-2026-03-01.1915.3556.925.aodl
2026-03-02 00:45:02 | MODIFIED | C:\Users\hp world\AppData\Local\Microsoft\OneDrive\logs\Personal\SyncEngine-2026-03-01.1915.3556.925.aodl
2026-03-02 00:45:02 | MODIFIED | C:\Users\hp world\AppData\Local\Microsoft\OneDrive\logs\Personal\SyncEngine-2026-03-01.1915.3556.925.aodl
2026-03-02 00:45:02 | MODIFIED | C:\Users\hp world\AppData\Local\Microsoft\OneDrive\logs\Personal\SyncEngine-2026-03-01.1915.3556.925.aodl
2026-03-02 00:45:02 | MODIFIED | C:\Users\hp world\AppData\Local\Microsoft\OneDrive\logs\Personal\SyncEngine-2026-03-01.1915.3556.925.aodl
2026-03-02 00:45:02 | MODIFIED | C:\Users\hp world\AppData\Local\Microsoft\OneDrive\logs\Personal\SyncEngine-2026-03-01.1915.3556.925.aodl
2026-03-02 00:45:02 | MODIFIED | C:\Users\hp world\AppData\Local\Microsoft\OneDrive\logs\Personal\SyncEngine-2026-03-01.1915.3556.925.aodl
2026-03-02 00:45:02 | MODIFIED | C:\Users\hp world\AppData\Local\Microsoft\OneDrive\logs\Personal\SyncEngine-2026-03-01.1915.3556.925.aodl
2026-03-02 00:45:02 | MODIFIED | C:\Users\hp world\AppData\Local\Microsoft\OneDrive\logs\Personal\SyncEngine-2026-03-01.1915.3556.925.aodl
2026-03-02 00:45:02 | MODIFIED | C:\Users\hp world\AppData\Local\Microsoft\OneDrive\logs\Personal\SyncEngine-2026-03-01.1915.3556.925.aodl
2026-03-02 00:45:02 | MODIFIED | C:\Users\hp world\AppData\Local\Microsoft\OneDrive\logs\Personal\SyncEngine-2026-03-01.1915.3556.925.aodl
2026-03-02 00:45:02 | MODIFIED | C:\Users\hp world\AppData\Local\Microsoft\OneDrive\logs\Personal\SyncEngine-2026-03-01.1915.3556.925.aodl
2026-03-02 00:45:02 | MODIFIED | C:\Users\hp world\AppData\Local\Microsoft\OneDrive\logs\Personal\SyncEngine-2026-03-01.1915.3556.925.aodl
2026-03-02 00:45:02 | MODIFIED | C:\Users\hp world\AppData\Local\Microsoft\OneDrive\logs\Personal\SyncEngine-2026-03-01.1915.3556.925.aodl
2026-03-02 00:45:02 | MODIFIED | C:\Users\hp world\AppData\Local\Microsoft\OneDrive\logs\Personal\SyncEngine-2026-03-01.1915.3556.925.aodl
2026-03-02 00:45:02 | MODIFIED | C:\Users\hp world\AppData\Local\Microsoft\OneDrive\logs\Personal\SyncEngine-2026-03-01.1915.3556.925.aodl
2026-03-02 00:45:02 | MODIFIED | C:\Users\hp world\AppData\Local\Microsoft\OneDrive\logs\Personal\SyncEngine-2026-03-01.1915.3556.925.aodl
2026-03-02 00:45:02 | MODIFIED | C:\Users\hp world\AppData\Local\Microsoft\OneDrive\logs\Personal\SyncEngine-2026-03-01.1915.3556.925.aodl
2026-03-02 00:45:02 | MODIFIED | C:\Users\hp world\AppData\Local\Microsoft\OneDrive\logs\Personal\SyncEngine-2026-03-01.1915.3556.925.aodl
2026-03-02 00:45:02 | MODIFIED | C:\Users\hp world\AppData\Local\Packages\AD2F1837.OMENCommandCenter_v10z8vjag6ke6\LocalCache\Local\HPOMEN\HPOMENBG_20260302.log
2026-03-02 00:45:03 | MODIFIED | C:\Users\hp world\AppData\Local\Microsoft\OneDrive\logs\Personal\SyncEngine-2026-03-01.1915.3556.925.aodl
2026-03-02 00:45:03 | MODIFIED | C:\Windows\Panther\monitor\WinSetupMon.log
2026-03-02 00:45:03 | CREATED | C:\Users\hp world\AppData\Local\Microsoft\OneDrive\logs\Personal\SyncEngine-2026-03-01.1915.3556.926.aodl
2026-03-02 00:45:03 | MODIFIED | C:\Users\hp world\AppData\Local\Microsoft\OneDrive\logs\Personal\SyncEngine-2026-03-01.1915.3556.926.aodl
2026-03-02 00:45:03 | MODIFIED | C:\Users\hp world\AppData\Local\Microsoft\OneDrive\logs\Personal\SyncEngine-2026-03-01.1915.3556.926.aodl
2026-03-02 00:45:03 | MODIFIED | C:\Users\hp world\AppData\Local\Microsoft\OneDrive\logs\Personal\SyncEngine-2026-03-01.1915.3556.926.aodl
2026-03-02 00:45:03 | MODIFIED | C:\Users\hp world\AppData\Local\Microsoft\OneDrive\logs\Personal\SyncEngine-2026-03-01.1915.3556.926.aodl
2026-03-02 00:45:03 | MODIFIED | C:\Users\hp world\AppData\Local\Microsoft\OneDrive\logs\Personal\SyncEngine-2026-03-01.1915.3556.926.aodl
2026-03-02 00:45:03 | MODIFIED | C:\Users\hp world\AppData\Local\Microsoft\OneDrive\logs\Personal\SyncEngine-2026-03-01.1915.3556.926.aodl
2026-03-02 00:45:03 | MODIFIED | C:\Users\hp world\AppData\Local\Microsoft\OneDrive\logs\Personal\SyncEngine-2026-03-01.1915.3556.926.aodl
2026-03-02 00:45:03 | MODIFIED | C:\Users\hp world\AppData\Local\Microsoft\OneDrive\logs\Personal\SyncEngine-2026-03-01.1915.3556.926.aodl
2026-03-02 00:45:03 | MODIFIED | C:\Users\hp world\AppData\Local\Microsoft\OneDrive\logs\Personal\SyncEngine-2026-03-01.1915.3556.926.aodl
2026-03-02 00:45:03 | MODIFIED | C:\Users\hp world\AppData\Local\Microsoft\OneDrive\logs\Personal\SyncEngine-2026-03-01.1915.3556.926.aodl
2026-03-02 00:45:03 | MODIFIED | C:\Users\hp world\AppData\Local\Microsoft\OneDrive\logs\Personal\SyncEngine-2026-03-01.1915.3556.926.aodl
2026-03-02 00:45:03 | MODIFIED | C:\Users\hp world\AppData\Local\Microsoft\OneDrive\logs\Personal\SyncEngine-2026-03-01.1915.3556.926.aodl
2026-03-02 00:45:03 | MODIFIED | C:\Users\hp world\AppData\Local\Microsoft\OneDrive\logs\Personal\SyncEngine-2026-03-01.1915.3556.926.aodl
2026-03-02 00:45:03 | MODIFIED | C:\Users\hp world\AppData\Local\Microsoft\OneDrive\logs\Personal\SyncEngine-2026-03-01.1915.3556.926.aodl
2026-03-02 00:45:03 | MODIFIED | C:\Users\hp world\AppData\Local\Microsoft\OneDrive\logs\Personal\SyncEngine-2026-03-01.1915.3556.926.aodl
2026-03-02 00:45:03 | MODIFIED | C:\Users\hp world\AppData\Local\Microsoft\OneDrive\logs\Personal\SyncEngine-2026-03-01.1915.3556.926.aodl
2026-03-02 00:45:03 | MODIFIED | C:\Users\hp world\AppData\Local\Microsoft\OneDrive\logs\Personal\SyncEngine-2026-03-01.1915.3556.926.aodl
2026-03-02 00:45:03 | MODIFIED | C:\Users\hp world\AppData\Local\Microsoft\OneDrive\logs\Personal\SyncEngine-2026-03-01.1915.3556.926.aodl
2026-03-02 00:45:03 | MODIFIED | C:\Users\hp world\AppData\Local\Microsoft\OneDrive\logs\Personal\SyncEngine-2026-03-01.1915.3556.926.aodl
2026-03-02 00:45:03 | MODIFIED | C:\Users\hp world\AppData\Local\Microsoft\OneDrive\logs\Personal\SyncEngine-2026-03-01.1915.3556.926.aodl
2026-03-02 00:45:03 | MODIFIED | C:\Users\hp world\AppData\Local\Microsoft\OneDrive\logs\Personal\SyncEngine-2026-03-01.1915.3556.926.aodl
2026-03-02 00:45:03 | MODIFIED | C:\Users\hp world\AppData\Local\Microsoft\OneDrive\logs\Personal\SyncEngine-2026-03-01.1915.3556.926.aodl
2026-03-02 00:45:03 | MODIFIED | C:\Windows\Panther\monitor\WinSetupMon.log
2026-03-02 00:45:03 | CREATED | C:\Users\hp world\AppData\Local\Microsoft\OneDrive\logs\Personal\SyncEngine-2026-03-01.1915.3556.927.aodl
2026-03-02 00:45:03 | MODIFIED | C:\Users\hp world\AppData\Local\Microsoft\OneDrive\logs\Personal\SyncEngine-2026-03-01.1915.3556.927.aodl
2026-03-02 00:45:03 | MODIFIED | C:\Users\hp world\AppData\Local\Microsoft\OneDrive\logs\Personal\SyncEngine-2026-03-01.1915.3556.927.aodl
2026-03-02 00:45:03 | MODIFIED | C:\Users\hp world\AppData\Local\Microsoft\OneDrive\logs\Personal\SyncEngine-2026-03-01.1915.3556.927.aodl
2026-03-02 00:45:03 | MODIFIED | C:\Users\hp world\AppData\Local\Microsoft\OneDrive\logs\Personal\SyncEngine-2026-03-01.1915.3556.927.aodl
2026-03-02 00:45:03 | MODIFIED | C:\Users\hp world\AppData\Local\Microsoft\OneDrive\logs\Personal\SyncEngine-2026-03-01.1915.3556.927.aodl
2026-03-02 00:45:03 | MODIFIED | C:\Users\hp world\AppData\Local\Microsoft\OneDrive\logs\Personal\SyncEngine-2026-03-01.1915.3556.927.aodl
2026-03-02 00:45:03 | MODIFIED | C:\Users\hp world\AppData\Local\Microsoft\OneDrive\logs\Personal\SyncEngine-2026-03-01.1915.3556.927.aodl
2026-03-02 00:45:03 | MODIFIED | C:\Users\hp world\AppData\Local\Microsoft\OneDrive\logs\Personal\SyncEngine-2026-03-01.1915.3556.927.aodl
2026-03-02 00:45:03 | MODIFIED | C:\Users\hp world\AppData\Local\Microsoft\OneDrive\logs\Personal\SyncEngine-2026-03-01.1915.3556.927.aodl
2026-03-02 00:45:03 | MODIFIED | C:\Users\hp world\AppData\Local\Microsoft\OneDrive\logs\Personal\SyncEngine-2026-03-01.1915.3556.927.aodl
2026-03-02 00:45:03 | MODIFIED | C:\Users\hp world\AppData\Local\Microsoft\OneDrive\logs\Personal\SyncEngine-2026-03-01.1915.3556.927.aodl
2026-03-02 00:45:03 | MODIFIED | C:\Users\hp world\AppData\Local\Microsoft\OneDrive\logs\Personal\SyncEngine-2026-03-01.1915.3556.927.aodl
2026-03-02 00:45:03 | MODIFIED | C:\Users\hp world\AppData\Local\Microsoft\OneDrive\logs\Personal\SyncEngine-2026-03-01.1915.3556.927.aodl
2026-03-02 00:45:03 | MODIFIED | C:\Users\hp world\AppData\Local\Microsoft\OneDrive\logs\Personal\SyncEngine-2026-03-01.1915.3556.927.aodl
2026-03-02 00:45:03 | MODIFIED | C:\Users\hp world\AppData\Local\Microsoft\OneDrive\logs\Personal\SyncEngine-2026-03-01.1915.3556.927.aodl
2026-03-02 00:45:03 | MODIFIED | C:\Users\hp world\AppData\Local\Microsoft\OneDrive\logs\Personal\SyncEngine-2026-03-01.1915.3556.927.aodl
2026-03-02 00:45:03 | MODIFIED | C:\Users\hp world\AppData\Local\Microsoft\OneDrive\logs\Personal\SyncEngine-2026-03-01.1915.3556.927.aodl
2026-03-02 00:45:03 | MODIFIED | C:\Users\hp world\AppData\Local\Microsoft\OneDrive\logs\Personal\SyncEngine-2026-03-01.1915.3556.927.aodl
2026-03-02 00:45:03 | MODIFIED | C:\Users\hp world\AppData\Local\Microsoft\OneDrive\logs\Personal\SyncEngine-2026-03-01.1915.3556.927.aodl
2026-03-02 00:45:03 | MODIFIED | C:\Users\hp world\AppData\Local\Microsoft\OneDrive\logs\Personal\SyncEngine-2026-03-01.1915.3556.927.aodl
2026-03-02 00:45:03 | MODIFIED | C:\Users\hp world\AppData\Local\Microsoft\OneDrive\logs\Personal\SyncEngine-2026-03-01.1915.3556.927.aodl
2026-03-02 00:45:03 | MODIFIED | C:\Users\hp world\AppData\Local\Microsoft\OneDrive\logs\Personal\SyncEngine-2026-03-01.1915.3556.927.aodl
2026-03-02 00:45:03 | MODIFIED | C:\Users\hp world\AppData\Local\Microsoft\OneDrive\logs\Personal\SyncEngine-2026-03-01.1915.3556.927.aodl
2026-03-02 00:45:03 | MODIFIED | C:\Users\hp world\AppData\Local\Microsoft\OneDrive\logs\Personal\SyncEngine-2026-03-01.1915.3556.927.aodl
2026-03-02 00:45:03 | MODIFIED | C:\Users\hp world\AppData\Local\Microsoft\OneDrive\logs\Personal\SyncEngine-2026-03-01.1915.3556.927.aodl
2026-03-02 00:45:03 | MODIFIED | C:\Users\hp world\AppData\Local\Microsoft\OneDrive\logs\Personal\SyncEngine-2026-03-01.1915.3556.927.aodl
2026-03-02 00:45:03 | MODIFIED | C:\Users\hp world\AppData\Local\Microsoft\OneDrive\logs\Personal\SyncEngine-2026-03-01.1915.3556.927.aodl
2026-03-02 00:45:03 | MODIFIED | C:\Users\hp world\AppData\Local\Microsoft\OneDrive\logs\Personal\SyncEngine-2026-03-01.1915.3556.927.aodl
2026-03-02 00:45:03 | MODIFIED | C:\Users\hp world\AppData\Local\Microsoft\OneDrive\logs\Personal\SyncEngine-2026-03-01.1915.3556.927.aodl
2026-03-02 00:45:03 | MODIFIED | C:\Users\hp world\AppData\Local\Microsoft\OneDrive\logs\Personal\SyncEngine-2026-03-01.1915.3556.927.aodl
2026-03-02 00:45:03 | MODIFIED | C:\Users\hp world\AppData\Local\Microsoft\OneDrive\logs\Personal\SyncEngine-2026-03-01.1915.3556.927.aodl
2026-03-02 00:45:03 | MODIFIED | C:\Users\hp world\AppData\Local\Microsoft\OneDrive\logs\Personal\SyncEngine-2026-03-01.1915.3556.927.aodl
2026-03-02 00:45:03 | MODIFIED | C:\Users\hp world\AppData\Local\Microsoft\OneDrive\logs\Personal\SyncEngine-2026-03-01.1915.3556.927.aodl
2026-03-02 00:45:03 | MODIFIED | C:\Users\hp world\AppData\Local\Microsoft\OneDrive\logs\Personal\SyncEngine-2026-03-01.1915.3556.927.aodl
2026-03-02 00:45:03 | MODIFIED | C:\Users\hp world\AppData\Local\Microsoft\OneDrive\logs\Personal\SyncEngine-2026-03-01.1915.3556.927.aodl
2026-03-02 00:45:03 | MODIFIED | C:\Users\hp world\AppData\Local\Microsoft\OneDrive\logs\Personal\SyncEngine-2026-03-01.1915.3556.927.aodl
2026-03-02 00:45:03 | MODIFIED | C:\Users\hp world\AppData\Local\Microsoft\OneDrive\logs\Personal\SyncEngine-2026-03-01.1915.3556.927.aodl
2026-03-02 00:45:03 | MODIFIED | C:\Users\hp world\AppData\Local\Microsoft\OneDrive\logs\Personal\SyncEngine-2026-03-01.1915.3556.927.aodl
2026-03-02 00:45:03 | MODIFIED | C:\Users\hp world\AppData\Local\Microsoft\OneDrive\logs\Personal\SyncEngine-2026-03-01.1915.3556.927.aodl
2026-03-02 00:45:03 | MODIFIED | C:\Users\hp world\AppData\Local\Microsoft\OneDrive\logs\Personal\SyncEngine-2026-03-01.1915.3556.927.aodl
2026-03-02 00:45:03 | MODIFIED | C:\Users\hp world\AppData\Local\Microsoft\OneDrive\logs\Personal\SyncEngine-2026-03-01.1915.3556.927.aodl
2026-03-02 00:45:03 | MODIFIED | C:\Users\hp world\AppData\Local\Microsoft\OneDrive\logs\Personal\SyncEngine-2026-03-01.1915.3556.927.aodl
2026-03-02 00:45:03 | MODIFIED | C:\Users\hp world\AppData\Local\Microsoft\OneDrive\logs\Personal\SyncEngine-2026-03-01.1915.3556.927.aodl
2026-03-02 00:45:03 | MODIFIED | C:\Users\hp world\AppData\Local\Microsoft\OneDrive\logs\Personal\SyncEngine-2026-03-01.1915.3556.927.aodl
2026-03-02 00:45:03 | MODIFIED | C:\Users\hp world\AppData\Local\Microsoft\OneDrive\logs\Personal\SyncEngine-2026-03-01.1915.3556.927.aodl
2026-03-02 00:45:03 | MODIFIED | C:\Users\hp world\AppData\Local\Microsoft\OneDrive\logs\Personal\SyncEngine-2026-03-01.1915.3556.927.aodl
2026-03-02 00:45:03 | MODIFIED | C:\Users\hp world\AppData\Local\Microsoft\OneDrive\logs\Personal\SyncEngine-2026-03-01.1915.3556.927.aodl
2026-03-02 00:45:03 | MODIFIED | C:\Users\hp world\AppData\Local\Microsoft\OneDrive\logs\Personal\SyncEngine-2026-03-01.1915.3556.927.aodl
2026-03-02 00:45:03 | MODIFIED | C:\Users\hp world\AppData\Local\Microsoft\OneDrive\logs\Personal\SyncEngine-2026-03-01.1915.3556.927.aodl
2026-03-02 00:45:03 | MODIFIED | C:\Users\hp world\AppData\Local\Microsoft\OneDrive\logs\Personal\SyncEngine-2026-03-01.1915.3556.927.aodl
2026-03-02 00:45:03 | MODIFIED | C:\Users\hp world\AppData\Local\Microsoft\OneDrive\logs\Personal\SyncEngine-2026-03-01.1915.3556.927.aodl
2026-03-02 00:45:03 | MODIFIED | C:\Users\hp world\AppData\Local\Microsoft\OneDrive\logs\Personal\SyncEngine-2026-03-01.1915.3556.927.aodl
2026-03-02 00:45:03 | MODIFIED | C:\Users\hp world\AppData\Local\Microsoft\OneDrive\logs\Personal\SyncEngine-2026-03-01.1915.3556.927.aodl
2026-03-02 00:45:03 | MODIFIED | C:\Users\hp world\AppData\Local\Microsoft\OneDrive\logs\Personal\SyncEngine-2026-03-01.1915.3556.927.aodl
2026-03-02 00:45:03 | MODIFIED | C:\Users\hp world\AppData\Local\Microsoft\OneDrive\logs\Personal\SyncEngine-2026-03-01.1915.3556.927.aodl
2026-03-02 00:45:03 | MODIFIED | C:\Users\hp world\AppData\Local\Microsoft\OneDrive\logs\Personal\SyncEngine-2026-03-01.1915.3556.927.aodl
2026-03-02 00:45:03 | MODIFIED | C:\Users\hp world\AppData\Local\Microsoft\OneDrive\logs\Personal\SyncEngine-2026-03-01.1915.3556.927.aodl
2026-03-02 00:45:03 | MODIFIED | C:\Users\hp world\AppData\Local\Microsoft\OneDrive\logs\Personal\SyncEngine-2026-03-01.1915.3556.927.aodl
2026-03-02 00:45:03 | MODIFIED | C:\Users\hp world\AppData\Local\Microsoft\OneDrive\logs\Personal\SyncEngine-2026-03-01.1915.3556.927.aodl
2026-03-02 00:45:03 | MODIFIED | C:\Users\hp world\AppData\Local\Microsoft\OneDrive\logs\Personal\SyncEngine-2026-03-01.1915.3556.927.aodl
2026-03-02 00:45:03 | MODIFIED | C:\Users\hp world\AppData\Local\Microsoft\OneDrive\logs\Personal\SyncEngine-2026-03-01.1915.3556.927.aodl
2026-03-02 00:45:03 | MODIFIED | C:\Users\hp world\AppData\Local\Microsoft\OneDrive\logs\Personal\SyncEngine-2026-03-01.1915.3556.927.aodl
2026-03-02 00:45:03 | MODIFIED | C:\Users\hp world\AppData\Local\Microsoft\OneDrive\logs\Personal\SyncEngine-2026-03-01.1915.3556.927.aodl
2026-03-02 00:45:03 | MODIFIED | C:\Users\hp world\AppData\Local\Microsoft\OneDrive\logs\Personal\SyncEngine-2026-03-01.1915.3556.927.aodl
2026-03-02 00:45:03 | MODIFIED | C:\Users\hp world\AppData\Local\Microsoft\OneDrive\logs\Personal\SyncEngine-2026-03-01.1915.3556.927.aodl
2026-03-02 00:45:03 | MODIFIED | C:\Users\hp world\AppData\Local\Microsoft\OneDrive\logs\Personal\SyncEngine-2026-03-01.1915.3556.927.aodl
2026-03-02 00:45:03 | MODIFIED | C:\Users\hp world\AppData\Local\Microsoft\OneDrive\logs\Personal\SyncEngine-2026-03-01.1915.3556.927.aodl
2026-03-02 00:45:03 | MODIFIED | C:\Users\hp world\AppData\Local\Microsoft\OneDrive\logs\Personal\SyncEngine-2026-03-01.1915.3556.927.aodl
2026-03-02 00:45:03 | MODIFIED | C:\Users\hp world\AppData\Local\Microsoft\OneDrive\logs\Personal\SyncEngine-2026-03-01.1915.3556.927.aodl
2026-03-02 00:45:03 | MODIFIED | C:\Users\hp world\AppData\Local\Microsoft\OneDrive\logs\Personal\SyncEngine-2026-03-01.1915.3556.927.aodl
2026-03-02 00:45:03 | MODIFIED | C:\Users\hp world\AppData\Local\Microsoft\OneDrive\logs\Personal\SyncEngine-2026-03-01.1915.3556.927.aodl
2026-03-02 00:45:03 | MODIFIED | C:\Users\hp world\AppData\Local\Microsoft\OneDrive\logs\Personal\SyncEngine-2026-03-01.1915.3556.927.aodl
2026-03-02 00:45:03 | MODIFIED | C:\Users\hp world\AppData\Local\Microsoft\OneDrive\logs\Personal\SyncEngine-2026-03-01.1915.3556.927.aodl
2026-03-02 00:45:03 | MODIFIED | C:\Users\hp world\AppData\Local\Microsoft\OneDrive\logs\Personal\SyncEngine-2026-03-01.1915.3556.927.aodl
2026-03-02 00:45:03 | MODIFIED | C:\Users\hp world\AppData\Local\Microsoft\OneDrive\logs\Personal\SyncEngine-2026-03-01.1915.3556.927.aodl
2026-03-02 00:45:03 | MODIFIED | C:\Users\hp world\AppData\Local\Microsoft\OneDrive\logs\Personal\SyncEngine-2026-03-01.1915.3556.927.aodl
2026-03-02 00:45:03 | MODIFIED | C:\Users\hp world\AppData\Local\Microsoft\OneDrive\logs\Personal\SyncEngine-2026-03-01.1915.3556.927.aodl
2026-03-02 00:45:03 | MODIFIED | C:\Users\hp world\AppData\Local\Microsoft\OneDrive\logs\Personal\SyncEngine-2026-03-01.1915.3556.927.aodl
2026-03-02 00:45:03 | MODIFIED | C:\Users\hp world\AppData\Local\Microsoft\OneDrive\logs\Personal\SyncEngine-2026-03-01.1915.3556.927.aodl
2026-03-02 00:45:03 | MODIFIED | C:\Users\hp world\AppData\Local\Microsoft\OneDrive\logs\Personal\SyncEngine-2026-03-01.1915.3556.927.aodl
2026-03-02 00:45:03 | MODIFIED | C:\Windows\Panther\monitor\WinSetupMon.log
2026-03-02 00:45:03 | CREATED | C:\Users\hp world\AppData\Local\Microsoft\OneDrive\logs\Personal\SyncEngine-2026-03-01.1915.3556.928.aodl
2026-03-02 00:45:03 | MODIFIED | C:\Users\hp world\AppData\Local\Microsoft\OneDrive\logs\Personal\SyncEngine-2026-03-01.1915.3556.928.aodl
2026-03-02 00:45:03 | MODIFIED | C:\Users\hp world\AppData\Local\Microsoft\OneDrive\logs\Personal\SyncEngine-2026-03-01.1915.3556.928.aodl
2026-03-02 00:45:03 | MODIFIED | C:\Users\hp world\AppData\Local\Microsoft\OneDrive\logs\Personal\SyncEngine-2026-03-01.1915.3556.928.aodl
2026-03-02 00:45:03 | MODIFIED | C:\Users\hp world\AppData\Local\Microsoft\OneDrive\logs\Personal\SyncEngine-2026-03-01.1915.3556.928.aodl
2026-03-02 00:45:03 | MODIFIED | C:\Users\hp world\AppData\Local\Microsoft\OneDrive\logs\Personal\SyncEngine-2026-03-01.1915.3556.928.aodl
2026-03-02 00:45:03 | MODIFIED | C:\Users\hp world\AppData\Local\Microsoft\OneDrive\logs\Personal\SyncEngine-2026-03-01.1915.3556.928.aodl
2026-03-02 00:45:03 | MODIFIED | C:\Users\hp world\AppData\Local\Microsoft\OneDrive\logs\Personal\SyncEngine-2026-03-01.1915.3556.928.aodl
2026-03-02 00:45:03 | MODIFIED | C:\Users\hp world\AppData\Local\Microsoft\OneDrive\logs\Personal\SyncEngine-2026-03-01.1915.3556.928.aodl
2026-03-02 00:45:03 | MODIFIED | C:\Users\hp world\AppData\Local\Microsoft\OneDrive\logs\Personal\SyncEngine-2026-03-01.1915.3556.928.aodl
2026-03-02 00:45:03 | MODIFIED | C:\Users\hp world\AppData\Local\Microsoft\OneDrive\logs\Personal\SyncEngine-2026-03-01.1915.3556.928.aodl
2026-03-02 00:45:03 | MODIFIED | C:\Users\hp world\AppData\Local\Microsoft\OneDrive\logs\Personal\SyncEngine-2026-03-01.1915.3556.928.aodl
2026-03-02 00:45:03 | MODIFIED | C:\Users\hp world\AppData\Local\Microsoft\OneDrive\logs\Personal\SyncEngine-2026-03-01.1915.3556.928.aodl
2026-03-02 00:45:03 | MODIFIED | C:\Users\hp world\AppData\Local\Microsoft\OneDrive\logs\Personal\SyncEngine-2026-03-01.1915.3556.928.aodl
2026-03-02 00:45:03 | MODIFIED | C:\Users\hp world\AppData\Local\Microsoft\OneDrive\logs\Personal\SyncEngine-2026-03-01.1915.3556.928.aodl
2026-03-02 00:45:03 | MODIFIED | C:\Users\hp world\AppData\Local\Microsoft\OneDrive\logs\Personal\SyncEngine-2026-03-01.1915.3556.928.aodl
2026-03-02 00:45:03 | MODIFIED | C:\Windows\Panther\monitor\WinSetupMon.log
2026-03-02 00:45:03 | CREATED | C:\Users\hp world\AppData\Local\Microsoft\OneDrive\logs\Personal\SyncEngine-2026-03-01.1915.3556.929.aodl
2026-03-02 00:45:03 | MODIFIED | C:\Users\hp world\AppData\Local\Microsoft\OneDrive\logs\Personal\SyncEngine-2026-03-01.1915.3556.929.aodl
2026-03-02 00:45:03 | MODIFIED | C:\Users\hp world\AppData\Local\Microsoft\OneDrive\logs\Personal\SyncEngine-2026-03-01.1915.3556.929.aodl
2026-03-02 00:45:03 | MODIFIED | C:\Users\hp world\AppData\Local\Microsoft\OneDrive\logs\Personal\SyncEngine-2026-03-01.1915.3556.929.aodl
2026-03-02 00:45:03 | MODIFIED | C:\Users\hp world\AppData\Local\Microsoft\OneDrive\logs\Personal\SyncEngine-2026-03-01.1915.3556.929.aodl
2026-03-02 00:45:03 | MODIFIED | C:\Users\hp world\AppData\Local\Microsoft\OneDrive\logs\Personal\SyncEngine-2026-03-01.1915.3556.929.aodl
2026-03-02 00:45:03 | MODIFIED | C:\Users\hp world\AppData\Local\Microsoft\OneDrive\logs\Personal\SyncEngine-2026-03-01.1915.3556.929.aodl
2026-03-02 00:45:03 | MODIFIED | C:\Users\hp world\AppData\Local\Microsoft\OneDrive\logs\Personal\SyncEngine-2026-03-01.1915.3556.929.aodl
2026-03-02 00:45:03 | MODIFIED | C:\Users\hp world\AppData\Local\Microsoft\OneDrive\logs\Personal\SyncEngine-2026-03-01.1915.3556.929.aodl
2026-03-02 00:45:03 | MODIFIED | C:\Users\hp world\AppData\Local\Microsoft\OneDrive\logs\Personal\SyncEngine-2026-03-01.1915.3556.929.aodl
2026-03-02 00:45:03 | MODIFIED | C:\Users\hp world\AppData\Local\Microsoft\OneDrive\logs\Personal\SyncEngine-2026-03-01.1915.3556.929.aodl
2026-03-02 00:45:03 | MODIFIED | C:\Users\hp world\AppData\Local\Microsoft\OneDrive\logs\Personal\SyncEngine-2026-03-01.1915.3556.929.aodl
2026-03-02 00:45:03 | MODIFIED | C:\Users\hp world\AppData\Local\Microsoft\OneDrive\logs\Personal\SyncEngine-2026-03-01.1915.3556.929.aodl
2026-03-02 00:45:03 | MODIFIED | C:\Users\hp world\AppData\Local\Microsoft\OneDrive\logs\Personal\SyncEngine-2026-03-01.1915.3556.929.aodl
2026-03-02 00:45:03 | MODIFIED | C:\Users\hp world\AppData\Local\Microsoft\OneDrive\logs\Personal\SyncEngine-2026-03-01.1915.3556.929.aodl
2026-03-02 00:45:03 | MODIFIED | C:\Users\hp world\AppData\Local\Microsoft\OneDrive\logs\Personal\SyncEngine-2026-03-01.1915.3556.929.aodl
2026-03-02 00:45:03 | MODIFIED | C:\Users\hp world\AppData\Local\Microsoft\OneDrive\logs\Personal\SyncEngine-2026-03-01.1915.3556.929.aodl
2026-03-02 00:45:03 | MODIFIED | C:\Users\hp world\AppData\Local\Microsoft\OneDrive\logs\Personal\SyncEngine-2026-03-01.1915.3556.929.aodl
2026-03-02 00:45:03 | MODIFIED | C:\Users\hp world\AppData\Local\Microsoft\OneDrive\logs\Personal\SyncEngine-2026-03-01.1915.3556.929.aodl
2026-03-02 00:45:03 | MODIFIED | C:\Users\hp world\AppData\Local\Microsoft\OneDrive\logs\Personal\SyncEngine-2026-03-01.1915.3556.929.aodl
2026-03-02 00:45:03 | MODIFIED | C:\Users\hp world\AppData\Local\Microsoft\OneDrive\logs\Personal\SyncEngine-2026-03-01.1915.3556.929.aodl
2026-03-02 00:45:03 | MODIFIED | C:\Users\hp world\AppData\Local\Microsoft\OneDrive\logs\Personal\SyncEngine-2026-03-01.1915.3556.929.aodl
2026-03-02 00:45:03 | MODIFIED | C:\Users\hp world\AppData\Local\Microsoft\OneDrive\logs\Personal\SyncEngine-2026-03-01.1915.3556.929.aodl
2026-03-02 00:45:03 | MODIFIED | C:\Users\hp world\AppData\Local\Microsoft\OneDrive\logs\Personal\SyncEngine-2026-03-01.1915.3556.929.aodl
2026-03-02 00:45:03 | MODIFIED | C:\Users\hp world\AppData\Local\Microsoft\OneDrive\logs\Personal\SyncEngine-2026-03-01.1915.3556.929.aodl
2026-03-02 00:45:03 | MODIFIED | C:\Users\hp world\AppData\Local\Microsoft\OneDrive\logs\Personal\SyncEngine-2026-03-01.1915.3556.929.aodl
2026-03-02 00:45:04 | MODIFIED | C:\Users\hp world\AppData\Local\Microsoft\OneDrive\logs\Personal\SyncEngine-2026-03-01.1915.3556.929.aodl
2026-03-02 00:45:04 | MODIFIED | C:\Windows\Panther\monitor\WinSetupMon.log
2026-03-02 00:45:04 | MODIFIED | C:\Users\hp world\AppData\Local\Microsoft\OneDrive\logs\Personal\SyncEngine-2026-03-01.1915.3556.929.odl
2026-03-02 00:45:04 | CREATED | C:\Users\hp world\AppData\Local\Microsoft\OneDrive\logs\Personal\SyncEngine-2026-03-01.1915.3556.930.aodl
2026-03-02 00:45:04 | MODIFIED | C:\Users\hp world\AppData\Local\Microsoft\OneDrive\logs\Personal\SyncEngine-2026-03-01.1915.3556.930.aodl
2026-03-02 00:45:04 | MODIFIED | C:\Users\hp world\AppData\Local\Microsoft\OneDrive\logs\Personal\SyncEngine-2026-03-01.1915.3556.930.aodl
2026-03-02 00:45:04 | MODIFIED | C:\Users\hp world\AppData\Local\Microsoft\OneDrive\logs\Personal\SyncEngine-2026-03-01.1915.3556.930.aodl
2026-03-02 00:45:04 | MODIFIED | C:\Users\hp world\AppData\Local\Microsoft\OneDrive\logs\Personal\SyncEngine-2026-03-01.1915.3556.930.aodl
2026-03-02 00:45:04 | MODIFIED | C:\Users\hp world\AppData\Local\Microsoft\OneDrive\logs\Personal\SyncEngine-2026-03-01.1915.3556.930.aodl
2026-03-02 00:45:04 | MODIFIED | C:\Users\hp world\AppData\Local\Microsoft\OneDrive\logs\Personal\SyncEngine-2026-03-01.1915.3556.930.aodl
2026-03-02 00:45:04 | MODIFIED | C:\Users\hp world\AppData\Local\Microsoft\OneDrive\logs\Personal\SyncEngine-2026-03-01.1915.3556.930.aodl
2026-03-02 00:45:04 | MODIFIED | C:\Users\hp world\AppData\Local\Microsoft\OneDrive\logs\Personal\SyncEngine-2026-03-01.1915.3556.930.aodl
2026-03-02 00:45:04 | MODIFIED | C:\Users\hp world\AppData\Local\Microsoft\OneDrive\logs\Personal\SyncEngine-2026-03-01.1915.3556.930.aodl
2026-03-02 00:45:04 | MODIFIED | C:\Users\hp world\AppData\Local\Microsoft\OneDrive\logs\Personal\SyncEngine-2026-03-01.1915.3556.930.aodl
2026-03-02 00:45:04 | MODIFIED | C:\Users\hp world\AppData\Local\Microsoft\OneDrive\logs\Personal\SyncEngine-2026-03-01.1915.3556.930.aodl
2026-03-02 00:45:04 | MODIFIED | C:\Users\hp world\AppData\Local\Microsoft\OneDrive\logs\Personal\SyncEngine-2026-03-01.1915.3556.930.aodl
2026-03-02 00:45:04 | MODIFIED | C:\Users\hp world\AppData\Local\Microsoft\OneDrive\logs\Personal\SyncEngine-2026-03-01.1915.3556.930.aodl
2026-03-02 00:45:04 | MODIFIED | C:\Users\hp world\AppData\Local\Microsoft\OneDrive\logs\Personal\SyncEngine-2026-03-01.1915.3556.930.aodl
2026-03-02 00:45:04 | MODIFIED | C:\Users\hp world\AppData\Local\Microsoft\OneDrive\logs\Personal\SyncEngine-2026-03-01.1915.3556.930.aodl
2026-03-02 00:45:04 | MODIFIED | C:\Users\hp world\AppData\Local\Microsoft\OneDrive\logs\Personal\SyncEngine-2026-03-01.1915.3556.930.aodl
2026-03-02 00:45:04 | MODIFIED | C:\Users\hp world\AppData\Local\Microsoft\OneDrive\logs\Personal\SyncEngine-2026-03-01.1915.3556.930.aodl
2026-03-02 00:45:04 | MODIFIED | C:\Users\hp world\AppData\Local\Microsoft\OneDrive\logs\Personal\SyncEngine-2026-03-01.1915.3556.930.aodl
2026-03-02 00:45:04 | MODIFIED | C:\Users\hp world\AppData\Local\Microsoft\OneDrive\logs\Personal\SyncEngine-2026-03-01.1915.3556.930.aodl
2026-03-02 00:45:04 | MODIFIED | C:\Users\hp world\AppData\Local\Microsoft\OneDrive\logs\Personal\SyncEngine-2026-03-01.1915.3556.930.aodl
2026-03-02 00:45:04 | MODIFIED | C:\Users\hp world\AppData\Local\Microsoft\OneDrive\logs\Personal\SyncEngine-2026-03-01.1915.3556.930.aodl
2026-03-02 00:45:04 | MODIFIED | C:\Users\hp world\AppData\Local\Microsoft\OneDrive\logs\Personal\SyncEngine-2026-03-01.1915.3556.930.aodl
2026-03-02 00:45:04 | MODIFIED | C:\Windows\Panther\monitor\WinSetupMon.log
2026-03-02 00:45:04 | CREATED | C:\Users\hp world\AppData\Local\Microsoft\OneDrive\logs\Personal\SyncEngine-2026-03-01.1915.3556.931.aodl
2026-03-02 00:45:04 | MODIFIED | C:\Users\hp world\AppData\Local\Microsoft\OneDrive\logs\Personal\SyncEngine-2026-03-01.1915.3556.931.aodl
2026-03-02 00:45:04 | MODIFIED | C:\Users\hp world\AppData\Local\Microsoft\OneDrive\logs\Personal\SyncEngine-2026-03-01.1915.3556.931.aodl
2026-03-02 00:45:04 | MODIFIED | C:\Users\hp world\AppData\Local\Microsoft\OneDrive\logs\Personal\SyncEngine-2026-03-01.1915.3556.931.aodl
2026-03-02 00:45:04 | MODIFIED | C:\Users\hp world\AppData\Local\Microsoft\OneDrive\logs\Personal\SyncEngine-2026-03-01.1915.3556.931.aodl
2026-03-02 00:45:04 | MODIFIED | C:\Users\hp world\AppData\Local\Microsoft\OneDrive\logs\Personal\SyncEngine-2026-03-01.1915.3556.931.aodl
2026-03-02 00:45:04 | MODIFIED | C:\Users\hp world\AppData\Local\Microsoft\OneDrive\logs\Personal\SyncEngine-2026-03-01.1915.3556.931.aodl
2026-03-02 00:45:04 | MODIFIED | C:\Users\hp world\AppData\Local\Microsoft\OneDrive\logs\Personal\SyncEngine-2026-03-01.1915.3556.931.aodl
2026-03-02 00:45:04 | MODIFIED | C:\Users\hp world\AppData\Local\Microsoft\OneDrive\logs\Personal\SyncEngine-2026-03-01.1915.3556.931.aodl
2026-03-02 00:45:04 | MODIFIED | C:\Users\hp world\AppData\Local\Microsoft\OneDrive\logs\Personal\SyncEngine-2026-03-01.1915.3556.931.aodl
2026-03-02 00:45:04 | MODIFIED | C:\Users\hp world\AppData\Local\Microsoft\OneDrive\logs\Personal\SyncEngine-2026-03-01.1915.3556.931.aodl
2026-03-02 00:45:04 | MODIFIED | C:\Users\hp world\AppData\Local\Microsoft\OneDrive\logs\Personal\SyncEngine-2026-03-01.1915.3556.931.aodl
2026-03-02 00:45:04 | MODIFIED | C:\Users\hp world\AppData\Local\Microsoft\OneDrive\logs\Personal\SyncEngine-2026-03-01.1915.3556.931.aodl
2026-03-02 00:45:04 | MODIFIED | C:\Users\hp world\AppData\Local\Microsoft\OneDrive\logs\Personal\SyncEngine-2026-03-01.1915.3556.931.aodl
2026-03-02 00:45:04 | MODIFIED | C:\Users\hp world\AppData\Local\Microsoft\OneDrive\logs\Personal\SyncEngine-2026-03-01.1915.3556.931.aodl
2026-03-02 00:45:04 | MODIFIED | C:\Users\hp world\AppData\Local\Microsoft\OneDrive\logs\Personal\SyncEngine-2026-03-01.1915.3556.931.aodl
2026-03-02 00:45:04 | MODIFIED | C:\Users\hp world\AppData\Local\Microsoft\OneDrive\logs\Personal\SyncEngine-2026-03-01.1915.3556.931.aodl
2026-03-02 00:45:04 | MODIFIED | C:\Users\hp world\AppData\Local\Microsoft\OneDrive\logs\Personal\SyncEngine-2026-03-01.1915.3556.931.aodl
2026-03-02 00:45:04 | MODIFIED | C:\Users\hp world\AppData\Local\Microsoft\OneDrive\logs\Personal\SyncEngine-2026-03-01.1915.3556.931.aodl
2026-03-02 00:45:04 | MODIFIED | C:\Users\hp world\AppData\Local\Microsoft\OneDrive\logs\Personal\SyncEngine-2026-03-01.1915.3556.931.aodl
2026-03-02 00:45:04 | MODIFIED | C:\Users\hp world\AppData\Local\Microsoft\OneDrive\logs\Personal\SyncEngine-2026-03-01.1915.3556.931.aodl
2026-03-02 00:45:04 | MODIFIED | C:\Users\hp world\AppData\Local\Microsoft\OneDrive\logs\Personal\SyncEngine-2026-03-01.1915.3556.931.aodl
2026-03-02 00:45:04 | MODIFIED | C:\Users\hp world\AppData\Local\Microsoft\OneDrive\logs\Personal\SyncEngine-2026-03-01.1915.3556.931.aodl
2026-03-02 00:45:04 | MODIFIED | C:\Users\hp world\AppData\Local\Microsoft\OneDrive\logs\Personal\SyncEngine-2026-03-01.1915.3556.931.aodl
2026-03-02 00:45:04 | MODIFIED | C:\Users\hp world\AppData\Local\Microsoft\OneDrive\logs\Personal\SyncEngine-2026-03-01.1915.3556.931.aodl
2026-03-02 00:45:04 | MODIFIED | C:\Users\hp world\AppData\Local\Microsoft\OneDrive\logs\Personal\SyncEngine-2026-03-01.1915.3556.931.aodl
2026-03-02 00:45:04 | MODIFIED | C:\Users\hp world\AppData\Local\Microsoft\OneDrive\logs\Personal\SyncEngine-2026-03-01.1915.3556.931.aodl
2026-03-02 00:45:04 | MODIFIED | C:\Users\hp world\AppData\Local\Microsoft\OneDrive\logs\Personal\SyncEngine-2026-03-01.1915.3556.931.aodl
2026-03-02 00:45:04 | MODIFIED | C:\Users\hp world\AppData\Local\Microsoft\OneDrive\logs\Personal\SyncEngine-2026-03-01.1915.3556.931.aodl
2026-03-02 00:45:04 | MODIFIED | C:\Users\hp world\AppData\Local\Microsoft\OneDrive\logs\Personal\SyncEngine-2026-03-01.1915.3556.931.aodl
2026-03-02 00:45:04 | MODIFIED | C:\Users\hp world\AppData\Local\Microsoft\OneDrive\logs\Personal\SyncEngine-2026-03-01.1915.3556.931.aodl
2026-03-02 00:45:04 | MODIFIED | C:\Users\hp world\AppData\Local\Microsoft\OneDrive\logs\Personal\SyncEngine-2026-03-01.1915.3556.931.aodl
2026-03-02 00:45:04 | MODIFIED | C:\Users\hp world\AppData\Local\Microsoft\OneDrive\logs\Personal\SyncEngine-2026-03-01.1915.3556.931.aodl
2026-03-02 00:45:04 | MODIFIED | C:\Users\hp world\AppData\Local\Microsoft\OneDrive\logs\Personal\SyncEngine-2026-03-01.1915.3556.931.aodl
2026-03-02 00:45:04 | MODIFIED | C:\Users\hp world\AppData\Local\Microsoft\OneDrive\logs\Personal\SyncEngine-2026-03-01.1915.3556.931.aodl
2026-03-02 00:45:04 | MODIFIED | C:\Users\hp world\AppData\Local\Microsoft\OneDrive\logs\Personal\SyncEngine-2026-03-01.1915.3556.931.aodl
2026-03-02 00:45:04 | MODIFIED | C:\Users\hp world\AppData\Local\Microsoft\OneDrive\logs\Personal\SyncEngine-2026-03-01.1915.3556.931.aodl
2026-03-02 00:45:04 | MODIFIED | C:\Users\hp world\AppData\Local\Microsoft\OneDrive\logs\Personal\SyncEngine-2026-03-01.1915.3556.931.aodl
2026-03-02 00:45:04 | MODIFIED | C:\Users\hp world\AppData\Local\Microsoft\OneDrive\logs\Personal\SyncEngine-2026-03-01.1915.3556.931.aodl
2026-03-02 00:45:04 | MODIFIED | C:\Users\hp world\AppData\Local\Microsoft\OneDrive\logs\Personal\SyncEngine-2026-03-01.1915.3556.931.aodl
2026-03-02 00:45:04 | MODIFIED | C:\Users\hp world\AppData\Local\Microsoft\OneDrive\logs\Personal\SyncEngine-2026-03-01.1915.3556.931.aodl
2026-03-02 00:45:04 | MODIFIED | C:\Users\hp world\AppData\Local\Microsoft\OneDrive\logs\Personal\SyncEngine-2026-03-01.1915.3556.931.aodl
2026-03-02 00:45:04 | MODIFIED | C:\Users\hp world\AppData\Local\Microsoft\OneDrive\logs\Personal\SyncEngine-2026-03-01.1915.3556.931.aodl
2026-03-02 00:45:04 | MODIFIED | C:\Users\hp world\AppData\Local\Microsoft\OneDrive\logs\Personal\SyncEngine-2026-03-01.1915.3556.931.aodl
2026-03-02 00:45:04 | MODIFIED | C:\Users\hp world\AppData\Local\Microsoft\OneDrive\logs\Personal\SyncEngine-2026-03-01.1915.3556.931.aodl
2026-03-02 00:45:04 | MODIFIED | C:\Users\hp world\AppData\Local\Microsoft\OneDrive\logs\Personal\SyncEngine-2026-03-01.1915.3556.931.aodl
2026-03-02 00:45:04 | MODIFIED | C:\Users\hp world\AppData\Local\Microsoft\OneDrive\logs\Personal\SyncEngine-2026-03-01.1915.3556.931.aodl
2026-03-02 00:45:04 | MODIFIED | C:\Users\hp world\AppData\Local\Microsoft\OneDrive\logs\Personal\SyncEngine-2026-03-01.1915.3556.931.aodl
2026-03-02 00:45:04 | MODIFIED | C:\Users\hp world\AppData\Local\Microsoft\OneDrive\logs\Personal\SyncEngine-2026-03-01.1915.3556.931.aodl
2026-03-02 00:45:04 | MODIFIED | C:\Users\hp world\AppData\Local\Microsoft\OneDrive\logs\Personal\SyncEngine-2026-03-01.1915.3556.931.aodl
2026-03-02 00:45:04 | MODIFIED | C:\Users\hp world\AppData\Local\Microsoft\OneDrive\logs\Personal\SyncEngine-2026-03-01.1915.3556.931.aodl
2026-03-02 00:45:04 | MODIFIED | C:\Users\hp world\AppData\Local\Microsoft\OneDrive\logs\Personal\SyncEngine-2026-03-01.1915.3556.931.aodl
2026-03-02 00:45:04 | MODIFIED | C:\Users\hp world\AppData\Local\Microsoft\OneDrive\logs\Personal\SyncEngine-2026-03-01.1915.3556.931.aodl
2026-03-02 00:45:04 | MODIFIED | C:\Users\hp world\AppData\Local\Microsoft\OneDrive\logs\Personal\SyncEngine-2026-03-01.1915.3556.931.aodl
2026-03-02 00:45:04 | MODIFIED | C:\Users\hp world\AppData\Local\Microsoft\OneDrive\logs\Personal\SyncEngine-2026-03-01.1915.3556.931.aodl
2026-03-02 00:45:04 | MODIFIED | C:\Users\hp world\AppData\Local\Microsoft\OneDrive\logs\Personal\SyncEngine-2026-03-01.1915.3556.931.aodl
2026-03-02 00:45:04 | MODIFIED | C:\Users\hp world\AppData\Local\Microsoft\OneDrive\logs\Personal\SyncEngine-2026-03-01.1915.3556.931.aodl
2026-03-02 00:45:04 | MODIFIED | C:\Users\hp world\AppData\Local\Microsoft\OneDrive\logs\Personal\SyncEngine-2026-03-01.1915.3556.931.aodl
2026-03-02 00:45:04 | MODIFIED | C:\Users\hp world\AppData\Local\Microsoft\OneDrive\logs\Personal\SyncEngine-2026-03-01.1915.3556.931.aodl
2026-03-02 00:45:04 | MODIFIED | C:\Users\hp world\AppData\Local\Microsoft\OneDrive\logs\Personal\SyncEngine-2026-03-01.1915.3556.931.aodl
2026-03-02 00:45:04 | MODIFIED | C:\Users\hp world\AppData\Local\Microsoft\OneDrive\logs\Personal\SyncEngine-2026-03-01.1915.3556.931.aodl
2026-03-02 00:45:04 | MODIFIED | C:\Users\hp world\AppData\Local\Microsoft\OneDrive\logs\Personal\SyncEngine-2026-03-01.1915.3556.931.aodl
2026-03-02 00:45:04 | MODIFIED | C:\Users\hp world\AppData\Local\Microsoft\OneDrive\logs\Personal\SyncEngine-2026-03-01.1915.3556.931.aodl
2026-03-02 00:45:04 | MODIFIED | C:\Users\hp world\AppData\Local\Microsoft\OneDrive\logs\Personal\SyncEngine-2026-03-01.1915.3556.931.aodl
2026-03-02 00:45:04 | MODIFIED | C:\Users\hp world\AppData\Local\Microsoft\OneDrive\logs\Personal\SyncEngine-2026-03-01.1915.3556.931.aodl
2026-03-02 00:45:04 | MODIFIED | C:\Users\hp world\AppData\Local\Microsoft\OneDrive\logs\Personal\SyncEngine-2026-03-01.1915.3556.931.aodl
2026-03-02 00:45:04 | MODIFIED | C:\Users\hp world\AppData\Local\Microsoft\OneDrive\logs\Personal\SyncEngine-2026-03-01.1915.3556.931.aodl
2026-03-02 00:45:04 | MODIFIED | C:\Users\hp world\AppData\Local\Microsoft\OneDrive\logs\Personal\SyncEngine-2026-03-01.1915.3556.931.aodl
2026-03-02 00:45:04 | MODIFIED | C:\Users\hp world\AppData\Local\Microsoft\OneDrive\logs\Personal\SyncEngine-2026-03-01.1915.3556.931.aodl
2026-03-02 00:45:04 | MODIFIED | C:\Users\hp world\AppData\Local\Microsoft\OneDrive\logs\Personal\SyncEngine-2026-03-01.1915.3556.931.aodl
2026-03-02 00:45:04 | MODIFIED | C:\Users\hp world\AppData\Local\Microsoft\OneDrive\logs\Personal\SyncEngine-2026-03-01.1915.3556.931.aodl
2026-03-02 00:45:04 | MODIFIED | C:\Users\hp world\AppData\Local\Microsoft\OneDrive\logs\Personal\SyncEngine-2026-03-01.1915.3556.931.aodl
2026-03-02 00:45:04 | MODIFIED | C:\Users\hp world\AppData\Local\Microsoft\OneDrive\logs\Personal\SyncEngine-2026-03-01.1915.3556.931.aodl
2026-03-02 00:45:04 | MODIFIED | C:\Users\hp world\AppData\Local\Microsoft\OneDrive\logs\Personal\SyncEngine-2026-03-01.1915.3556.931.aodl
2026-03-02 00:45:04 | MODIFIED | C:\Users\hp world\AppData\Local\Microsoft\OneDrive\logs\Personal\SyncEngine-2026-03-01.1915.3556.931.aodl
2026-03-02 00:45:04 | MODIFIED | C:\Windows\Panther\monitor\WinSetupMon.log
2026-03-02 00:45:04 | CREATED | C:\Users\hp world\AppData\Local\Microsoft\OneDrive\logs\Personal\SyncEngine-2026-03-01.1915.3556.932.aodl
2026-03-02 00:45:04 | MODIFIED | C:\Users\hp world\AppData\Local\Microsoft\OneDrive\logs\Personal\SyncEngine-2026-03-01.1915.3556.932.aodl
2026-03-02 00:45:04 | MODIFIED | C:\Users\hp world\AppData\Local\Microsoft\OneDrive\logs\Personal\SyncEngine-2026-03-01.1915.3556.932.aodl
2026-03-02 00:45:04 | MODIFIED | C:\Users\hp world\AppData\Local\Microsoft\OneDrive\logs\Personal\SyncEngine-2026-03-01.1915.3556.932.aodl
2026-03-02 00:45:04 | MODIFIED | C:\Users\hp world\AppData\Local\Microsoft\OneDrive\logs\Personal\SyncEngine-2026-03-01.1915.3556.932.aodl
2026-03-02 00:45:04 | MODIFIED | C:\Users\hp world\AppData\Local\Microsoft\OneDrive\logs\Personal\SyncEngine-2026-03-01.1915.3556.932.aodl
2026-03-02 00:45:04 | MODIFIED | C:\Users\hp world\AppData\Local\Microsoft\OneDrive\logs\Personal\SyncEngine-2026-03-01.1915.3556.932.aodl
2026-03-02 00:45:04 | MODIFIED | C:\Users\hp world\AppData\Local\Microsoft\OneDrive\logs\Personal\SyncEngine-2026-03-01.1915.3556.932.aodl
2026-03-02 00:45:04 | MODIFIED | C:\Users\hp world\AppData\Local\Microsoft\OneDrive\logs\Personal\SyncEngine-2026-03-01.1915.3556.932.aodl
2026-03-02 00:45:04 | MODIFIED | C:\Users\hp world\AppData\Local\Microsoft\OneDrive\logs\Personal\SyncEngine-2026-03-01.1915.3556.932.aodl
2026-03-02 00:45:04 | MODIFIED | C:\Users\hp world\AppData\Local\Microsoft\OneDrive\logs\Personal\SyncEngine-2026-03-01.1915.3556.932.aodl
2026-03-02 00:45:04 | MODIFIED | C:\Users\hp world\AppData\Local\Microsoft\OneDrive\logs\Personal\SyncEngine-2026-03-01.1915.3556.932.aodl
2026-03-02 00:45:04 | MODIFIED | C:\Users\hp world\AppData\Local\Microsoft\OneDrive\logs\Personal\SyncEngine-2026-03-01.1915.3556.932.aodl
2026-03-02 00:45:04 | MODIFIED | C:\Users\hp world\AppData\Local\Microsoft\OneDrive\logs\Personal\SyncEngine-2026-03-01.1915.3556.932.aodl
2026-03-02 00:45:04 | MODIFIED | C:\Users\hp world\AppData\Local\Microsoft\OneDrive\logs\Personal\SyncEngine-2026-03-01.1915.3556.932.aodl
2026-03-02 00:45:04 | MODIFIED | C:\Users\hp world\AppData\Local\Microsoft\OneDrive\logs\Personal\SyncEngine-2026-03-01.1915.3556.932.aodl
2026-03-02 00:45:04 | MODIFIED | C:\Users\hp world\AppData\Local\Microsoft\OneDrive\logs\Personal\SyncEngine-2026-03-01.1915.3556.932.aodl
2026-03-02 00:45:04 | MODIFIED | C:\Users\hp world\AppData\Local\Microsoft\OneDrive\logs\Personal\SyncEngine-2026-03-01.1915.3556.932.aodl
2026-03-02 00:45:04 | MODIFIED | C:\Users\hp world\AppData\Local\Microsoft\OneDrive\logs\Personal\SyncEngine-2026-03-01.1915.3556.932.aodl
2026-03-02 00:45:04 | MODIFIED | C:\Users\hp world\AppData\Local\Microsoft\OneDrive\logs\Personal\SyncEngine-2026-03-01.1915.3556.932.aodl
2026-03-02 00:45:04 | MODIFIED | C:\Users\hp world\AppData\Local\Microsoft\OneDrive\logs\Personal\SyncEngine-2026-03-01.1915.3556.932.aodl
2026-03-02 00:45:04 | MODIFIED | C:\Users\hp world\AppData\Local\Microsoft\OneDrive\logs\Personal\SyncEngine-2026-03-01.1915.3556.932.aodl
2026-03-02 00:45:04 | MODIFIED | C:\Users\hp world\AppData\Local\Microsoft\OneDrive\logs\Personal\SyncEngine-2026-03-01.1915.3556.932.aodl
2026-03-02 00:45:04 | MODIFIED | C:\Users\hp world\AppData\Local\Microsoft\OneDrive\logs\Personal\SyncEngine-2026-03-01.1915.3556.932.aodl
2026-03-02 00:45:04 | MODIFIED | C:\Users\hp world\AppData\Local\Microsoft\OneDrive\logs\Personal\SyncEngine-2026-03-01.1915.3556.932.aodl
2026-03-02 00:45:04 | MODIFIED | C:\Users\hp world\AppData\Local\Microsoft\OneDrive\logs\Personal\SyncEngine-2026-03-01.1915.3556.932.aodl
2026-03-02 00:45:04 | MODIFIED | C:\Users\hp world\AppData\Local\Microsoft\OneDrive\logs\Personal\SyncEngine-2026-03-01.1915.3556.932.aodl
2026-03-02 00:45:04 | MODIFIED | C:\Users\hp world\AppData\Local\Microsoft\OneDrive\logs\Personal\SyncEngine-2026-03-01.1915.3556.932.aodl
2026-03-02 00:45:04 | MODIFIED | C:\Users\hp world\AppData\Local\Microsoft\OneDrive\logs\Personal\SyncEngine-2026-03-01.1915.3556.932.aodl
2026-03-02 00:45:04 | MODIFIED | C:\Users\hp world\AppData\Local\Microsoft\OneDrive\logs\Personal\SyncEngine-2026-03-01.1915.3556.932.aodl
2026-03-02 00:45:04 | MODIFIED | C:\Users\hp world\AppData\Local\Microsoft\OneDrive\logs\Personal\SyncEngine-2026-03-01.1915.3556.932.aodl
2026-03-02 00:45:04 | MODIFIED | C:\Users\hp world\AppData\Local\Microsoft\OneDrive\logs\Personal\SyncEngine-2026-03-01.1915.3556.932.aodl
2026-03-02 00:45:04 | MODIFIED | C:\Users\hp world\AppData\Local\Microsoft\OneDrive\logs\Personal\SyncEngine-2026-03-01.1915.3556.932.aodl
2026-03-02 00:45:04 | MODIFIED | C:\Users\hp world\AppData\Local\Microsoft\OneDrive\logs\Personal\SyncEngine-2026-03-01.1915.3556.932.aodl
2026-03-02 00:45:04 | MODIFIED | C:\Users\hp world\AppData\Local\Microsoft\OneDrive\logs\Personal\SyncEngine-2026-03-01.1915.3556.932.aodl
2026-03-02 00:45:04 | MODIFIED | C:\Users\hp world\AppData\Local\Microsoft\OneDrive\logs\Personal\SyncEngine-2026-03-01.1915.3556.932.aodl
2026-03-02 00:45:04 | MODIFIED | C:\Users\hp world\AppData\Local\Microsoft\OneDrive\logs\Personal\SyncEngine-2026-03-01.1915.3556.932.aodl
2026-03-02 00:45:04 | MODIFIED | C:\Users\hp world\AppData\Local\Microsoft\OneDrive\logs\Personal\SyncEngine-2026-03-01.1915.3556.932.aodl
2026-03-02 00:45:04 | MODIFIED | C:\Users\hp world\AppData\Local\Microsoft\OneDrive\logs\Personal\SyncEngine-2026-03-01.1915.3556.932.aodl
2026-03-02 00:45:04 | MODIFIED | C:\Users\hp world\AppData\Local\Microsoft\OneDrive\logs\Personal\SyncEngine-2026-03-01.1915.3556.932.aodl
2026-03-02 00:45:04 | MODIFIED | C:\Users\hp world\AppData\Local\Microsoft\OneDrive\logs\Personal\SyncEngine-2026-03-01.1915.3556.932.aodl
2026-03-02 00:45:04 | MODIFIED | C:\Users\hp world\AppData\Local\Microsoft\OneDrive\logs\Personal\SyncEngine-2026-03-01.1915.3556.932.aodl
2026-03-02 00:45:04 | MODIFIED | C:\Users\hp world\AppData\Local\Microsoft\OneDrive\logs\Personal\SyncEngine-2026-03-01.1915.3556.932.aodl
2026-03-02 00:45:04 | MODIFIED | C:\Users\hp world\AppData\Local\Microsoft\OneDrive\logs\Personal\SyncEngine-2026-03-01.1915.3556.932.aodl
2026-03-02 00:45:04 | MODIFIED | C:\Users\hp world\AppData\Local\Microsoft\OneDrive\logs\Personal\SyncEngine-2026-03-01.1915.3556.932.aodl
2026-03-02 00:45:04 | MODIFIED | C:\Users\hp world\AppData\Local\Microsoft\OneDrive\logs\Personal\SyncEngine-2026-03-01.1915.3556.932.aodl
2026-03-02 00:45:04 | MODIFIED | C:\Users\hp world\AppData\Local\Microsoft\OneDrive\logs\Personal\SyncEngine-2026-03-01.1915.3556.932.aodl
2026-03-02 00:45:04 | MODIFIED | C:\Users\hp world\AppData\Local\Microsoft\OneDrive\logs\Personal\SyncEngine-2026-03-01.1915.3556.932.aodl
2026-03-02 00:45:05 | MODIFIED | C:\Users\hp world\AppData\Local\Microsoft\OneDrive\logs\Personal\SyncEngine-2026-03-01.1915.3556.932.aodl
2026-03-02 00:45:05 | MODIFIED | C:\Windows\Panther\monitor\WinSetupMon.log
2026-03-02 00:45:05 | CREATED | C:\Users\hp world\AppData\Local\Microsoft\OneDrive\logs\Personal\SyncEngine-2026-03-01.1915.3556.933.aodl
2026-03-02 00:45:05 | MODIFIED | C:\Users\hp world\AppData\Local\Microsoft\OneDrive\logs\Personal\SyncEngine-2026-03-01.1915.3556.933.aodl
2026-03-02 00:45:05 | MODIFIED | C:\Users\hp world\AppData\Local\Microsoft\OneDrive\logs\Personal\SyncEngine-2026-03-01.1915.3556.933.aodl
2026-03-02 00:45:05 | MODIFIED | C:\Users\hp world\AppData\Local\Microsoft\OneDrive\logs\Personal\SyncEngine-2026-03-01.1915.3556.933.aodl
2026-03-02 00:45:05 | MODIFIED | C:\Users\hp world\AppData\Local\Microsoft\OneDrive\logs\Personal\SyncEngine-2026-03-01.1915.3556.933.aodl
2026-03-02 00:45:05 | MODIFIED | C:\Users\hp world\AppData\Local\Microsoft\OneDrive\logs\Personal\SyncEngine-2026-03-01.1915.3556.933.aodl
2026-03-02 00:45:05 | MODIFIED | C:\Users\hp world\AppData\Local\Microsoft\OneDrive\logs\Personal\SyncEngine-2026-03-01.1915.3556.933.aodl
2026-03-02 00:45:05 | MODIFIED | C:\Users\hp world\AppData\Local\Microsoft\OneDrive\logs\Personal\SyncEngine-2026-03-01.1915.3556.933.aodl
2026-03-02 00:45:05 | MODIFIED | C:\Users\hp world\AppData\Local\Microsoft\OneDrive\logs\Personal\SyncEngine-2026-03-01.1915.3556.933.aodl
2026-03-02 00:45:05 | MODIFIED | C:\Users\hp world\AppData\Local\Microsoft\OneDrive\logs\Personal\SyncEngine-2026-03-01.1915.3556.933.aodl
2026-03-02 00:45:05 | MODIFIED | C:\Users\hp world\AppData\Local\Microsoft\OneDrive\logs\Personal\SyncEngine-2026-03-01.1915.3556.933.aodl
2026-03-02 00:45:05 | MODIFIED | C:\Users\hp world\AppData\Local\Microsoft\OneDrive\logs\Personal\SyncEngine-2026-03-01.1915.3556.933.aodl
2026-03-02 00:45:05 | MODIFIED | C:\Users\hp world\AppData\Local\Microsoft\OneDrive\logs\Personal\SyncEngine-2026-03-01.1915.3556.933.aodl
2026-03-02 00:45:05 | MODIFIED | C:\Users\hp world\AppData\Local\Microsoft\OneDrive\logs\Personal\SyncEngine-2026-03-01.1915.3556.933.aodl
2026-03-02 00:45:05 | MODIFIED | C:\Windows\Panther\monitor\WinSetupMon.log
2026-03-02 00:45:05 | MODIFIED | C:\Users\hp world\AppData\Local\Microsoft\OneDrive\logs\Personal\SyncEngine-2026-03-01.1915.3556.933.odl
2026-03-02 00:45:05 | CREATED | C:\Users\hp world\AppData\Local\Microsoft\OneDrive\logs\Personal\SyncEngine-2026-03-01.1915.3556.934.aodl
2026-03-02 00:45:05 | MODIFIED | C:\Users\hp world\AppData\Local\Microsoft\OneDrive\logs\Personal\SyncEngine-2026-03-01.1915.3556.934.aodl
2026-03-02 00:45:05 | MODIFIED | C:\Users\hp world\AppData\Local\Microsoft\OneDrive\settings\Personal\SettingsDatabase.db-wal
2026-03-02 00:45:05 | MODIFIED | C:\Users\hp world\AppData\Local\Microsoft\OneDrive\settings\Personal\SyncEngineDatabase.db-wal
2026-03-02 00:45:05 | MODIFIED | C:\Users\hp world\AppData\Local\Microsoft\OneDrive\logs\Personal\SyncEngine-2026-03-01.1915.3556.934.aodl
2026-03-02 00:45:05 | MODIFIED | C:\Windows\Panther\monitor\WinSetupMon.log
2026-03-02 00:45:05 | CREATED | C:\Users\hp world\AppData\Local\Microsoft\OneDrive\logs\Personal\SyncEngine-2026-03-01.1915.3556.935.aodl
2026-03-02 00:45:05 | MODIFIED | C:\Users\hp world\AppData\Local\Microsoft\OneDrive\logs\Personal\SyncEngine-2026-03-01.1915.3556.935.aodl
2026-03-02 00:45:07 | MODIFIED | C:\ProgramData\Microsoft\Search\Data\Applications\Windows\Windows-gather.db-wal
2026-03-02 00:45:07 | MODIFIED | C:\ProgramData\Microsoft\Search\Data\Applications\Windows\Windows-gather.db
2026-03-02 00:45:07 | MODIFIED | C:\ProgramData\Microsoft\Search\Data\Applications\Windows\Windows-gather.db-wal
2026-03-02 00:45:07 | MODIFIED | C:\Windows\Prefetch\SEARCHFILTERHOST.EXE-44162447.pf
2026-03-02 00:45:07 | MODIFIED | C:\Windows\Prefetch\SEARCHFILTERHOST.EXE-44162447.pf
2026-03-02 00:45:08 | MODIFIED | C:\Users\hp world\AppData\Local\Microsoft\OneDrive\logs\Personal\SyncEngine-2026-03-01.1915.3556.935.aodl
2026-03-02 00:45:08 | MODIFIED | C:\Windows\Panther\monitor\WinSetupMon.log
2026-03-02 00:45:08 | CREATED | C:\Users\hp world\AppData\Local\Microsoft\OneDrive\logs\Personal\SyncEngine-2026-03-01.1915.3556.936.aodl
2026-03-02 00:45:08 | CREATED | C:\Users\hp world\AppData\Roaming\Code\User\workspaceStorage\16b7c7ad893b27922f971aa5ea6645b5\state.vscdb-journal
2026-03-02 00:45:08 | MODIFIED | C:\Users\hp world\AppData\Roaming\Code\User\workspaceStorage\16b7c7ad893b27922f971aa5ea6645b5\state.vscdb-journal
2026-03-02 00:45:08 | MODIFIED | C:\Users\hp world\AppData\Roaming\Code\User\workspaceStorage\16b7c7ad893b27922f971aa5ea6645b5\state.vscdb-journal
2026-03-02 00:45:08 | MODIFIED | C:\Users\hp world\AppData\Roaming\Code\User\workspaceStorage\16b7c7ad893b27922f971aa5ea6645b5\state.vscdb
2026-03-02 00:45:08 | MODIFIED | C:\Users\hp world\AppData\Roaming\Code\User\workspaceStorage\16b7c7ad893b27922f971aa5ea6645b5\state.vscdb-journal
2026-03-02 00:45:08 | MODIFIED | C:\Windows\Panther\monitor\WinSetupMon.log
2026-03-02 00:45:09 | MODIFIED | C:\Users\hp world\AppData\Local\Microsoft\OneDrive\logs\Personal\SyncEngine-2026-03-01.1915.3556.936.aodl
2026-03-02 00:45:09 | MODIFIED | C:\Windows\Panther\monitor\WinSetupMon.log
2026-03-02 00:45:09 | CREATED | C:\Users\hp world\AppData\Local\Microsoft\OneDrive\logs\Personal\SyncEngine-2026-03-01.1915.3556.937.aodl
2026-03-02 00:45:09 | MODIFIED | C:\Users\hp world\AppData\Local\Microsoft\OneDrive\logs\Personal\SyncEngine-2026-03-01.1915.3556.937.aodl
2026-03-02 00:45:09 | MODIFIED | C:\Users\hp world\AppData\Local\Microsoft\OneDrive\logs\Personal\SyncEngine-2026-03-01.1915.3556.937.aodl
2026-03-02 10:11:52 | MODIFIED | C:\Users\hp world\AppData\Local\OGH\Optimizer_20260302.log
2026-03-02 10:11:52 | MODIFIED | C:\ProgramData\Microsoft\Windows\AppRepository\AD2F1837.BOAudioControl_1.47.308.0_neutral_~_v10z8vjag6ke6.xml
2026-03-02 10:11:52 | MODIFIED | C:\Windows\Temp\_avg_\nsfsp00000005.tmp
2026-03-02 10:11:53 | MODIFIED | C:\Users\hp world\AppData\Local\Programs\Python\Python312\python.exe
2026-03-02 10:11:53 | MODIFIED | C:\Users\hp world\AppData\Local\Programs\Python\Python312\python.exe
2026-03-02 10:11:54 | MODIFIED | C:\ProgramData\Microsoft\Windows\AppRepository\AD2F1837.HPInc.EnergyStar_2.0.11.0_neutral_~_v10z8vjag6ke6.xml
2026-03-02 10:11:54 | CREATED | C:\Users\HPWORL~1\AppData\Local\Temp\python-languageserver-cancellation\733aa43be2ec6e09728c513c60ecf5a6c0a796afc0\cancellation-27.tmp
2026-03-02 10:11:54 | CREATED | C:\Users\HPWORL~1\AppData\Local\Temp\python-languageserver-cancellation\733aa43be2ec6e09728c513c60ecf5a6c0a796afc0\cancellation-28.tmp
2026-03-02 10:11:54 | CREATED | C:\Users\HPWORL~1\AppData\Local\Temp\pyright-16636-M71N1qgFo7s2\bcca212c95333ee2d39c388fe9c39762d466a38537-a
2026-03-02 10:11:54 | MODIFIED | C:\ProgramData\Microsoft\Windows\AppRepository\Microsoft.Windows.Photos_2025.11120.5001.0_neutral_~_8wekyb3d8bbwe.xml
2026-03-02 10:11:54 | MODIFIED | C:\Users\hp world\AppData\Local\Programs\Python\Python312\python.exe
2026-03-02 10:11:54 | MODIFIED | C:\Users\hp world\AppData\Local\Programs\Python\Python312\python.exe
2026-03-02 10:11:54 | MODIFIED | C:\ProgramData\Microsoft\Windows\AppRepository\MicrosoftCorporationII.WindowsSubsystemForLinux_2.6.3.0_neutral_~_8wekyb3d8bbwe.xml
2026-03-02 10:11:54 | MODIFIED | C:\Users\hp world\AppData\Local\Packages\AD2F1837.OMENCommandCenter_v10z8vjag6ke6\LocalCache\Local\HPOMEN\HPOMENBG_20260302.log
2026-03-02 10:11:54 | MODIFIED | C:\Users\hp world\AppData\Local\Programs\Python\Python312\Lib\tkinter\__pycache__\__init__.cpython-312.pyc
2026-03-02 10:11:54 | CREATED | C:\Users\hp world\AppData\Local\Google\Chrome\User Data\f2219b89-6fb2-4fd0-98a2-21235e8176c8.tmp
2026-03-02 10:11:54 | MODIFIED | C:\Users\hp world\AppData\Local\Google\Chrome\User Data\f2219b89-6fb2-4fd0-98a2-21235e8176c8.tmp
2026-03-02 10:11:54 | MODIFIED | C:\Users\hp world\AppData\Local\Google\Chrome\User Data\f2219b89-6fb2-4fd0-98a2-21235e8176c8.tmp
2026-03-02 10:11:54 | CREATED | C:\Users\hp world\AppData\Local\Google\Chrome\User Data\Local State~RF280fdfe.TMP
2026-03-02 10:11:54 | MODIFIED | C:\Users\hp world\AppData\Local\Google\Chrome\User Data\f2219b89-6fb2-4fd0-98a2-21235e8176c8.tmp
2026-03-02 10:11:54 | MODIFIED | C:\Windows\Panther\monitor\WinSetupMon.log
2026-03-02 10:11:54 | MODIFIED | C:\Windows\Panther\monitor\WinSetupMon.log
2026-03-02 10:11:54 | MODIFIED | C:\Users\hp world\AppData\Local\Google\Chrome\User Data\Local State
2026-03-02 10:11:54 | MODIFIED | C:\Windows\Panther\monitor\WinSetupMon.log
2026-03-02 10:11:54 | MODIFIED | C:\Users\hp world\AppData\Local\Programs\Python\Python312\DLLs\_tkinter.pyd
2026-03-02 10:11:54 | CREATED | C:\Users\hp world\AppData\Roaming\Code\User\workspaceStorage\16b7c7ad893b27922f971aa5ea6645b5\state.vscdb-journal
2026-03-02 10:11:54 | MODIFIED | C:\Users\hp world\AppData\Local\Programs\Python\Python312\DLLs\tcl86t.dll
2026-03-02 10:11:54 | MODIFIED | C:\Users\hp world\AppData\Roaming\Code\User\workspaceStorage\16b7c7ad893b27922f971aa5ea6645b5\state.vscdb-journal
2026-03-02 10:11:54 | MODIFIED | C:\Users\hp world\AppData\Local\Programs\Python\Python312\DLLs\tk86t.dll
2026-03-02 10:11:54 | MODIFIED | C:\Users\hp world\AppData\Local\Programs\Python\Python312\DLLs\zlib1.dll
2026-03-02 10:11:54 | MODIFIED | C:\Users\hp world\AppData\Roaming\Code\User\workspaceStorage\16b7c7ad893b27922f971aa5ea6645b5\state.vscdb-journal
2026-03-02 10:11:54 | MODIFIED | C:\Users\hp world\AppData\Roaming\Code\User\workspaceStorage\16b7c7ad893b27922f971aa5ea6645b5\state.vscdb-journal
2026-03-02 10:11:54 | MODIFIED | C:\Users\hp world\AppData\Roaming\Code\User\workspaceStorage\16b7c7ad893b27922f971aa5ea6645b5\state.vscdb
2026-03-02 10:11:54 | MODIFIED | C:\Users\hp world\AppData\Roaming\Code\User\workspaceStorage\16b7c7ad893b27922f971aa5ea6645b5\state.vscdb-journal
2026-03-02 10:11:54 | MODIFIED | C:\Windows\Panther\monitor\WinSetupMon.log
2026-03-02 10:11:54 | MODIFIED | C:\Users\hp world\AppData\Local\Programs\Python\Python312\tcl\tcl8.6\encoding\cp1252.enc
2026-03-02 10:11:54 | MODIFIED | C:\Users\hp world\AppData\Local\Programs\Python\Python312\Lib\tkinter\__pycache__\constants.cpython-312.pyc
2026-03-02 10:11:54 | MODIFIED | C:\Users\hp world\AppData\Local\Programs\Python\Python312\Lib\tkinter\__pycache__\ttk.cpython-312.pyc
2026-03-02 10:11:54 | MODIFIED | C:\Users\hp world\AppData\Local\Programs\Python\Python312\Lib\__pycache__\random.cpython-312.pyc
2026-03-02 10:11:54 | MODIFIED | C:\Users\hp world\AppData\Local\Programs\Python\Python312\Lib\__pycache__\bisect.cpython-312.pyc
2026-03-02 10:11:54 | MODIFIED | C:\Users\hp world\OneDrive\Desktop\Pro\venv\Lib\site-packages\psutil\__pycache__\__init__.cpython-312.pyc
2026-03-02 10:11:54 | MODIFIED | C:\ProgramData\Microsoft\Windows\AppRepository\Microsoft.GamingApp_2602.1001.5.0_neutral_~_8wekyb3d8bbwe.xml
2026-03-02 10:11:54 | MODIFIED | C:\Users\hp world\AppData\Local\Programs\Python\Python312\Lib\__pycache__\signal.cpython-312.pyc
2026-03-02 10:11:54 | MODIFIED | C:\Users\hp world\AppData\Local\Programs\Python\Python312\Lib\__pycache__\socket.cpython-312.pyc
2026-03-02 10:11:54 | MODIFIED | C:\Users\hp world\AppData\Local\Programs\Python\Python312\DLLs\_socket.pyd
2026-03-02 10:11:54 | MODIFIED | C:\Users\hp world\AppData\Local\Programs\Python\Python312\Lib\__pycache__\selectors.cpython-312.pyc
2026-03-02 10:11:54 | MODIFIED | C:\Users\hp world\AppData\Local\Programs\Python\Python312\DLLs\select.pyd
2026-03-02 10:11:54 | MODIFIED | C:\Users\hp world\AppData\Local\Programs\Python\Python312\Lib\__pycache__\subprocess.cpython-312.pyc
2026-03-02 10:11:54 | MODIFIED | C:\Users\hp world\AppData\Local\Programs\Python\Python312\Lib\__pycache__\locale.cpython-312.pyc
2026-03-02 10:11:54 | MODIFIED | C:\Users\hp world\OneDrive\Desktop\Pro\venv\Lib\site-packages\psutil\__pycache__\_common.cpython-312.pyc
2026-03-02 10:11:54 | MODIFIED | C:\Users\hp world\OneDrive\Desktop\Pro\venv\Lib\site-packages\psutil\__pycache__\_ntuples.cpython-312.pyc
2026-03-02 10:11:54 | MODIFIED | C:\Users\hp world\OneDrive\Desktop\Pro\venv\Lib\site-packages\psutil\__pycache__\_pswindows.cpython-312.pyc
2026-03-02 10:11:54 | MODIFIED | C:\Users\hp world\OneDrive\Desktop\Pro\venv\Lib\site-packages\psutil\_psutil_windows.pyd
2026-03-02 10:11:55 | MODIFIED | C:\Users\hp world\AppData\Local\Programs\Python\Python312\tcl\tcl8.6\init.tcl
2026-03-02 10:11:55 | MODIFIED | C:\Users\hp world\AppData\Local\Programs\Python\Python312\tcl\tcl8.6\tclIndex
2026-03-02 10:11:55 | MODIFIED | C:\Users\hp world\AppData\Local\Programs\Python\Python312\tcl\tcl8.6\auto.tcl
2026-03-02 10:11:55 | MODIFIED | C:\Users\hp world\AppData\Local\Programs\Python\Python312\tcl\tk8.6\tk.tcl
2026-03-02 10:11:55 | MODIFIED | C:\Users\hp world\AppData\Local\Programs\Python\Python312\tcl\tcl8.6\tm.tcl
2026-03-02 10:11:55 | MODIFIED | C:\Users\hp world\AppData\Local\Programs\Python\Python312\tcl\tcl8\8.5\msgcat-1.6.1.tm
2026-03-02 10:11:55 | MODIFIED | C:\Users\hp world\AppData\Local\Programs\Python\Python312\tcl\tk8.6\msgs\en.msg
2026-03-02 10:11:55 | MODIFIED | C:\Users\hp world\AppData\Local\Programs\Python\Python312\tcl\tk8.6\icons.tcl
2026-03-02 10:11:55 | MODIFIED | C:\Users\hp world\AppData\Local\Programs\Python\Python312\tcl\tk8.6\button.tcl
2026-03-02 10:11:55 | MODIFIED | C:\Users\hp world\AppData\Local\Programs\Python\Python312\tcl\tk8.6\entry.tcl
2026-03-02 10:11:55 | MODIFIED | C:\Users\hp world\AppData\Local\Programs\Python\Python312\tcl\tk8.6\listbox.tcl
2026-03-02 10:11:55 | MODIFIED | C:\Users\hp world\AppData\Local\Programs\Python\Python312\tcl\tk8.6\menu.tcl
2026-03-02 10:11:55 | MODIFIED | C:\Users\hp world\AppData\Local\Programs\Python\Python312\tcl\tk8.6\panedwindow.tcl
2026-03-02 10:11:55 | MODIFIED | C:\Users\hp world\AppData\Local\Programs\Python\Python312\tcl\tk8.6\scale.tcl
2026-03-02 10:11:55 | MODIFIED | C:\Users\hp world\AppData\Local\Programs\Python\Python312\tcl\tk8.6\scrlbar.tcl
2026-03-02 10:11:55 | MODIFIED | C:\Users\hp world\AppData\Local\Programs\Python\Python312\tcl\tk8.6\spinbox.tcl
2026-03-02 10:11:55 | MODIFIED | C:\Users\hp world\AppData\Local\Programs\Python\Python312\tcl\tk8.6\text.tcl
2026-03-02 10:11:55 | MODIFIED | C:\Users\hp world\AppData\Local\Programs\Python\Python312\tcl\tk8.6\ttk\ttk.tcl
2026-03-02 10:11:55 | MODIFIED | C:\Users\hp world\AppData\Local\Programs\Python\Python312\tcl\tk8.6\ttk\fonts.tcl
2026-03-02 10:11:55 | MODIFIED | C:\Users\hp world\AppData\Local\Programs\Python\Python312\tcl\tk8.6\ttk\cursors.tcl
2026-03-02 10:11:55 | MODIFIED | C:\Users\hp world\AppData\Local\Programs\Python\Python312\tcl\tk8.6\ttk\utils.tcl
2026-03-02 10:11:55 | MODIFIED | C:\Users\hp world\AppData\Local\Programs\Python\Python312\tcl\tk8.6\ttk\button.tcl
2026-03-02 10:11:55 | MODIFIED | C:\Users\hp world\AppData\Local\Programs\Python\Python312\tcl\tk8.6\ttk\menubutton.tcl
2026-03-02 10:11:55 | MODIFIED | C:\Users\hp world\AppData\Local\Programs\Python\Python312\tcl\tk8.6\ttk\scrollbar.tcl
2026-03-02 10:11:55 | MODIFIED | C:\Users\hp world\AppData\Local\Programs\Python\Python312\tcl\tk8.6\ttk\scale.tcl
2026-03-02 10:11:55 | MODIFIED | C:\Users\hp world\AppData\Local\Programs\Python\Python312\tcl\tk8.6\ttk\progress.tcl
2026-03-02 10:11:55 | MODIFIED | C:\Users\hp world\AppData\Local\Programs\Python\Python312\tcl\tk8.6\ttk\notebook.tcl
2026-03-02 10:11:55 | MODIFIED | C:\Users\hp world\AppData\Local\Programs\Python\Python312\tcl\tk8.6\ttk\panedwindow.tcl
2026-03-02 10:11:55 | MODIFIED | C:\Users\hp world\AppData\Local\Programs\Python\Python312\tcl\tk8.6\ttk\entry.tcl
2026-03-02 10:11:55 | MODIFIED | C:\Users\hp world\AppData\Local\Programs\Python\Python312\tcl\tk8.6\ttk\combobox.tcl
2026-03-02 10:11:55 | MODIFIED | C:\Users\hp world\AppData\Local\Programs\Python\Python312\tcl\tk8.6\ttk\spinbox.tcl
2026-03-02 10:11:55 | MODIFIED | C:\ProgramData\Microsoft\Windows\AppRepository\Microsoft.Windows.DevHome_0.2101.858.0_neutral_~_8wekyb3d8bbwe.xml
2026-03-02 10:11:55 | MODIFIED | C:\Users\hp world\AppData\Local\Programs\Python\Python312\tcl\tk8.6\ttk\treeview.tcl
2026-03-02 10:11:55 | MODIFIED | C:\Users\hp world\AppData\Local\Programs\Python\Python312\tcl\tk8.6\ttk\sizegrip.tcl
2026-03-02 10:11:55 | MODIFIED | C:\Users\hp world\AppData\Local\Programs\Python\Python312\tcl\tk8.6\ttk\defaults.tcl
2026-03-02 10:11:55 | MODIFIED | C:\Users\hp world\AppData\Local\Programs\Python\Python312\tcl\tk8.6\ttk\classicTheme.tcl
2026-03-02 10:11:55 | MODIFIED | C:\Users\hp world\AppData\Local\Programs\Python\Python312\tcl\tk8.6\ttk\altTheme.tcl
2026-03-02 10:11:55 | MODIFIED | C:\Users\hp world\AppData\Local\Programs\Python\Python312\tcl\tk8.6\ttk\clamTheme.tcl
2026-03-02 10:11:55 | MODIFIED | C:\Users\hp world\AppData\Local\Programs\Python\Python312\tcl\tk8.6\ttk\winTheme.tcl
2026-03-02 10:11:55 | MODIFIED | C:\Users\hp world\AppData\Local\Programs\Python\Python312\tcl\tk8.6\ttk\xpTheme.tcl
2026-03-02 10:11:55 | MODIFIED | C:\Users\hp world\AppData\Local\Programs\Python\Python312\tcl\tk8.6\ttk\vistaTheme.tcl
2026-03-02 10:11:55 | MODIFIED | C:\Users\hp world\AppData\Local\Programs\Python\Python312\tcl\tcl8.6\encoding\symbol.enc
2026-03-02 10:11:55 | MODIFIED | C:\ProgramData\Microsoft\Windows\AppRepository\Microsoft.PowerAutomateDesktop_11.2602.145.0_neutral_~_8wekyb3d8bbwe.xml
2026-03-02 10:11:55 | MODIFIED | C:\ProgramData\Microsoft\Windows\AppRepository\C27EB4BA.DropboxOEM_23.4.36.0_neutral_~_xbfy0k16fey96.xml
2026-03-02 10:11:55 | CREATED | C:\Users\HPWORL~1\AppData\Local\Temp\python-languageserver-cancellation\733aa43be2ec6e09728c513c60ecf5a6c0a796afc0\cancellation-bg-5.tmp
2026-03-02 10:11:55 | CREATED | C:\Users\HPWORL~1\AppData\Local\Temp\python-languageserver-cancellation\733aa43be2ec6e09728c513c60ecf5a6c0a796afc0\cancellation-32.tmp
2026-03-02 10:11:55 | CREATED | C:\Users\HPWORL~1\AppData\Local\Temp\python-languageserver-cancellation\733aa43be2ec6e09728c513c60ecf5a6c0a796afc0\cancellation-33.tmp
2026-03-02 10:11:55 | MODIFIED | C:\ProgramData\Microsoft\Windows\AppRepository\Microsoft.VP9VideoExtensions_1.2.12.0_neutral_~_8wekyb3d8bbwe.xml
2026-03-02 10:11:56 | MODIFIED | C:\ProgramData\Microsoft\Windows\AppRepository\Microsoft.WindowsNotepad_11.2510.14.0_neutral_~_8wekyb3d8bbwe.xml
2026-03-02 10:11:56 | MODIFIED | C:\ProgramData\Microsoft\Windows\AppRepository\Microsoft.ZuneMusic_11.2512.10.0_neutral_~_8wekyb3d8bbwe.xml
2026-03-02 10:11:56 | MODIFIED | C:\ProgramData\Microsoft\Windows\AppRepository\AD2F1837.myHP_2026.211.2011.0_neutral_~_v10z8vjag6ke6.xml
2026-03-02 10:11:57 | MODIFIED | C:\ProgramData\Microsoft\Windows\AppRepository\Microsoft.People_2021.2202.100.0_neutral_~_8wekyb3d8bbwe.xml
2026-03-02 10:11:57 | MODIFIED | C:\Users\hp world\AppData\Local\Microsoft\OneDrive\logs\Personal\SyncEngine-2026-03-02.0438.22380.29.aodl
2026-03-02 10:11:57 | MODIFIED | C:\Windows\Panther\monitor\WinSetupMon.log
2026-03-02 10:11:57 | CREATED | C:\Users\hp world\AppData\Local\Microsoft\OneDrive\logs\Personal\SyncEngine-2026-03-02.0441.22380.30.aodl
2026-03-02 10:11:58 | MODIFIED | C:\ProgramData\Microsoft\Windows\AppRepository\AD2F1837.HPEnhance_2024.723.556.0_neutral_~_v10z8vjag6ke6.xml
2026-03-02 10:11:58 | MODIFIED | C:\ProgramData\Microsoft\Windows\AppRepository\Microsoft.WebpImageExtension_1.2.14.0_neutral_~_8wekyb3d8bbwe.xml
2026-03-02 10:11:58 | MODIFIED | C:\ProgramData\Microsoft\Windows\AppRepository\Microsoft.ScreenSketch_2022.2511.47.0_neutral_~_8wekyb3d8bbwe.xml
2026-03-02 10:11:58 | MODIFIED | C:\Users\hp world\AppData\Local\Microsoft\OneDrive\logs\Personal\SyncEngine-2026-03-02.0441.22380.30.aodl
2026-03-02 10:11:58 | MODIFIED | C:\Windows\Panther\monitor\WinSetupMon.log
2026-03-02 10:11:58 | CREATED | C:\Users\hp world\AppData\Local\Microsoft\OneDrive\logs\Personal\SyncEngine-2026-03-02.0441.22380.31.aodl
2026-03-02 10:11:58 | MODIFIED | C:\ProgramData\Microsoft\Windows\AppRepository\Microsoft.HEIFImageExtension_1.2.29.0_neutral_~_8wekyb3d8bbwe.xml
2026-03-02 10:11:59 | MODIFIED | C:\ProgramData\Microsoft\Windows\AppRepository\Microsoft.YourPhone_1.26011.42.0_neutral_~_8wekyb3d8bbwe.xml
2026-03-02 10:11:59 | MODIFIED | C:\Users\hp world\AppData\Local\Microsoft\OneDrive\logs\Personal\SyncEngine-2026-03-02.0441.22380.31.aodl
2026-03-02 10:11:59 | MODIFIED | C:\Windows\Panther\monitor\WinSetupMon.log
2026-03-02 10:11:59 | CREATED | C:\Users\hp world\AppData\Local\Microsoft\OneDrive\logs\Personal\SyncEngine-2026-03-02.0441.22380.32.aodl
2026-03-02 10:11:59 | MODIFIED | C:\Users\hp world\AppData\Local\Microsoft\OneDrive\logs\Personal\SyncEngine-2026-03-02.0441.22380.32.aodl
2026-03-02 10:11:59 | MODIFIED | C:\ProgramData\Microsoft\Windows\AppRepository\Microsoft.HEVCVideoExtension_2.4.43.0_neutral_~_8wekyb3d8bbwe.xml
2026-03-02 10:12:00 | MODIFIED | C:\ProgramData\Microsoft\Windows\AppRepository\Microsoft.WindowsCalculator_2021.2508.4.0_neutral_~_8wekyb3d8bbwe.xml
2026-03-02 10:12:00 | MODIFIED | C:\Users\hp world\AppData\Local\Microsoft\OneDrive\logs\Personal\SyncEngine-2026-03-02.0441.22380.32.aodl
2026-03-02 10:12:00 | MODIFIED | C:\Windows\Panther\monitor\WinSetupMon.log
2026-03-02 10:12:00 | CREATED | C:\Users\hp world\AppData\Local\Microsoft\OneDrive\logs\Personal\SyncEngine-2026-03-02.0442.22380.33.aodl
2026-03-02 10:12:00 | MODIFIED | C:\Users\hp world\AppData\Local\Microsoft\OneDrive\logs\Personal\SyncEngine-2026-03-02.0442.22380.33.aodl
2026-03-02 10:12:00 | MODIFIED | C:\ProgramData\Microsoft\Windows\AppRepository\Microsoft.XboxGameOverlay_1.54.4001.0_neutral_~_8wekyb3d8bbwe.xml
2026-03-02 10:12:01 | MODIFIED | C:\ProgramData\Microsoft\Windows\AppRepository\MicrosoftWindows.CrossDevice_1.26011.30.0_neutral_~_cw5n1h2txyewy.xml
2026-03-02 10:12:01 | MODIFIED | C:\Users\hp world\AppData\Local\Microsoft\OneDrive\logs\Personal\SyncEngine-2026-03-02.0442.22380.33.aodl
2026-03-02 10:12:01 | MODIFIED | C:\Windows\Panther\monitor\WinSetupMon.log
2026-03-02 10:12:01 | CREATED | C:\Users\hp world\AppData\Local\Microsoft\OneDrive\logs\Personal\SyncEngine-2026-03-02.0442.22380.34.aodl
2026-03-02 10:12:01 | MODIFIED | C:\Users\hp world\AppData\Local\Microsoft\OneDrive\logs\Personal\SyncEngine-2026-03-02.0442.22380.34.aodl
2026-03-02 10:12:01 | MODIFIED | C:\Users\hp world\AppData\Local\Microsoft\OneDrive\logs\Personal\SyncEngine-2026-03-02.0442.22380.34.aodl
2026-03-02 10:12:01 | MODIFIED | C:\ProgramData\Microsoft\Windows\AppRepository\AD2F1837.HPSystemEventUtility_2026.129.225.0_neutral_~_v10z8vjag6ke6.xml
2026-03-02 10:12:01 | MODIFIED | C:\Users\hp world\AppData\Local\Packages\5319275A.WhatsAppDesktop_cv1g1gvanyjgm\LocalCache\EBWebView\Default\WebStorage\QuotaManager-journal
2026-03-02 10:12:01 | MODIFIED | C:\Users\hp world\AppData\Local\Packages\5319275A.WhatsAppDesktop_cv1g1gvanyjgm\LocalCache\EBWebView\Default\WebStorage\QuotaManager-journal
2026-03-02 10:12:01 | MODIFIED | C:\Users\hp world\AppData\Local\Packages\5319275A.WhatsAppDesktop_cv1g1gvanyjgm\LocalCache\EBWebView\Default\WebStorage\QuotaManager
2026-03-02 10:12:01 | MODIFIED | C:\Users\hp world\AppData\Local\Packages\5319275A.WhatsAppDesktop_cv1g1gvanyjgm\LocalCache\EBWebView\Default\WebStorage\QuotaManager-journal
2026-03-02 10:12:02 | MODIFIED | C:\ProgramData\Microsoft\Windows\AppRepository\Microsoft.WindowsCamera_2022.2510.2.0_neutral_~_8wekyb3d8bbwe.xml
2026-03-02 10:12:02 | MODIFIED | C:\Windows\Temp\_avg_\nsfsp00000005.tmp
2026-03-02 10:12:02 | MODIFIED | C:\Windows\Temp\_avg_\nsfsp00000005.tmp
2026-03-02 10:12:02 | MODIFIED | C:\ProgramData\Microsoft\Windows\AppRepository\Microsoft.StorePurchaseApp_22512.1401.1.0_neutral_~_8wekyb3d8bbwe.xml
2026-03-02 10:12:02 | MODIFIED | C:\Users\hp world\AppData\Local\Microsoft\OneDrive\logs\Personal\SyncEngine-2026-03-02.0442.22380.34.aodl
2026-03-02 10:12:02 | MODIFIED | C:\Windows\Panther\monitor\WinSetupMon.log
2026-03-02 10:12:02 | MODIFIED | C:\Windows\System32\winevt\Logs\Microsoft-Windows-CloudStore%4Operational.evtx
2026-03-02 10:12:02 | CREATED | C:\Users\hp world\AppData\Local\Microsoft\OneDrive\logs\Personal\SyncEngine-2026-03-02.0442.22380.35.aodl
2026-03-02 10:12:02 | MODIFIED | C:\Users\hp world\AppData\Local\Microsoft\OneDrive\logs\Personal\SyncEngine-2026-03-02.0442.22380.35.aodl
2026-03-02 10:12:02 | MODIFIED | C:\Users\hp world\AppData\Local\Microsoft\OneDrive\logs\Personal\SyncEngine-2026-03-02.0442.22380.35.aodl
2026-03-02 10:12:02 | MODIFIED | C:\Users\hp world\AppData\Local\Microsoft\OneDrive\logs\Personal\SyncEngine-2026-03-02.0442.22380.35.aodl
2026-03-02 10:12:02 | MODIFIED | C:\Users\hp world\AppData\Local\Microsoft\OneDrive\logs\Personal\SyncEngine-2026-03-02.0442.22380.35.aodl
2026-03-02 10:12:02 | MODIFIED | C:\Users\hp world\AppData\Local\Microsoft\OneDrive\logs\Personal\SyncEngine-2026-03-02.0442.22380.35.aodl
2026-03-02 10:12:02 | MODIFIED | C:\Users\hp world\AppData\Local\Packages\AD2F1837.myHP_v10z8vjag6ke6\AC\Microsoft\CryptnetUrlCache\MetaData\59D76868C250B3240414CE3EFBB12518_6E3FAEE5FAFE70BE0597FA44A3BF8C64
2026-03-02 10:12:02 | MODIFIED | C:\Users\hp world\AppData\Local\Packages\AD2F1837.myHP_v10z8vjag6ke6\AC\Microsoft\CryptnetUrlCache\MetaData\E2C6CBAF0AF08CF203BA74BF0D0AB6D5_49536AB5156BDD74EFF881D01C36A419
2026-03-02 10:12:02 | MODIFIED | C:\ProgramData\Microsoft\Windows\AppRepository\Microsoft.AVCEncoderVideoExtension_1.1.23.0_neutral_~_8wekyb3d8bbwe.xml
2026-03-02 10:12:02 | MODIFIED | C:\Users\hp world\AppData\Local\Packages\AD2F1837.OMENCommandCenter_v10z8vjag6ke6\LocalCache\Local\HPOMEN\GA4_AnonymousAnalyticsBG_20260302.log
2026-03-02 10:12:02 | MODIFIED | C:\Users\hp world\AppData\Local\Microsoft\OneDrive\logs\Personal\SyncEngine-2026-03-02.0442.22380.35.aodl
2026-03-02 10:12:02 | MODIFIED | C:\Windows\Panther\monitor\WinSetupMon.log
2026-03-02 10:12:02 | CREATED | C:\Users\hp world\AppData\Local\Microsoft\OneDrive\logs\Personal\SyncEngine-2026-03-02.0442.22380.36.aodl
2026-03-02 10:12:02 | MODIFIED | C:\Users\hp world\AppData\Local\Microsoft\OneDrive\logs\Personal\SyncEngine-2026-03-02.0442.22380.36.aodl
2026-03-02 10:12:02 | MODIFIED | C:\ProgramData\Microsoft\Windows\AppRepository\Microsoft.AV1VideoExtension_2.0.7.0_neutral_~_8wekyb3d8bbwe.xml
2026-03-02 10:12:03 | MODIFIED | C:\ProgramData\Microsoft\Windows\AppRepository\Microsoft.XboxIdentityProvider_12.130.16001.0_neutral_~_8wekyb3d8bbwe.xml
2026-03-02 10:12:03 | MODIFIED | C:\Users\hp world\AppData\Local\Microsoft\OneDrive\logs\Personal\SyncEngine-2026-03-02.0442.22380.36.aodl
2026-03-02 10:12:03 | MODIFIED | C:\Windows\Panther\monitor\WinSetupMon.log
2026-03-02 10:12:03 | CREATED | C:\Users\hp world\AppData\Local\Microsoft\OneDrive\logs\Personal\SyncEngine-2026-03-02.0442.22380.37.aodl
2026-03-02 10:12:03 | MODIFIED | C:\Windows\System32\Tasks\Microsoft\Windows\SoftwareProtectionPlatform\SvcRestartTask
2026-03-02 10:12:03 | MODIFIED | C:\Windows\System32\Tasks\Microsoft\Windows\SoftwareProtectionPlatform\SvcRestartTask
2026-03-02 10:12:03 | MODIFIED | C:\Windows\System32\Tasks\Microsoft\Windows\SoftwareProtectionPlatform\SvcRestartTask
2026-03-02 10:12:03 | MODIFIED | C:\Windows\System32\Tasks\Microsoft\Windows\SoftwareProtectionPlatform\SvcRestartTask
2026-03-02 10:12:03 | CREATED | C:\Users\hp world\AppData\Roaming\Code\User\workspaceStorage\16b7c7ad893b27922f971aa5ea6645b5\state.vscdb-journal
2026-03-02 10:12:03 | MODIFIED | C:\Users\hp world\AppData\Roaming\Code\User\workspaceStorage\16b7c7ad893b27922f971aa5ea6645b5\state.vscdb-journal
2026-03-02 10:12:03 | MODIFIED | C:\Users\hp world\AppData\Roaming\Code\User\workspaceStorage\16b7c7ad893b27922f971aa5ea6645b5\state.vscdb-journal
2026-03-02 10:12:03 | MODIFIED | C:\Users\hp world\AppData\Roaming\Code\User\workspaceStorage\16b7c7ad893b27922f971aa5ea6645b5\state.vscdb-journal
2026-03-02 10:12:03 | MODIFIED | C:\Users\hp world\AppData\Roaming\Code\User\workspaceStorage\16b7c7ad893b27922f971aa5ea6645b5\state.vscdb-journal
2026-03-02 10:12:03 | MODIFIED | C:\Users\hp world\AppData\Roaming\Code\User\workspaceStorage\16b7c7ad893b27922f971aa5ea6645b5\state.vscdb
2026-03-02 10:12:03 | MODIFIED | C:\Users\hp world\AppData\Roaming\Code\User\workspaceStorage\16b7c7ad893b27922f971aa5ea6645b5\state.vscdb-journal
2026-03-02 10:12:03 | MODIFIED | C:\Windows\Panther\monitor\WinSetupMon.log
2026-03-02 10:12:03 | MODIFIED | C:\Users\hp world\AppData\Local\Microsoft\OneDrive\logs\Personal\SyncEngine-2026-03-02.0442.22380.37.aodl
2026-03-02 10:12:03 | MODIFIED | C:\Windows\Panther\monitor\WinSetupMon.log
2026-03-02 10:12:03 | MODIFIED | C:\ProgramData\Microsoft\Windows\AppRepository\Microsoft.WindowsSoundRecorder_2021.2512.0.0_neutral_~_8wekyb3d8bbwe.xml
2026-03-02 10:12:03 | CREATED | C:\Users\hp world\AppData\Local\Microsoft\OneDrive\logs\Personal\SyncEngine-2026-03-02.0442.22380.38.aodl
2026-03-02 10:12:03 | MODIFIED | C:\Users\hp world\AppData\Local\Microsoft\OneDrive\logs\Personal\SyncEngine-2026-03-02.0442.22380.38.aodl
2026-03-02 10:12:03 | MODIFIED | C:\Users\hp world\AppData\Local\Microsoft\OneDrive\logs\Personal\SyncEngine-2026-03-02.0442.22380.38.aodl
2026-03-02 10:12:03 | MODIFIED | C:\Users\hp world\AppData\Local\Microsoft\OneDrive\logs\Personal\SyncEngine-2026-03-02.0442.22380.38.aodl
2026-03-02 10:12:03 | MODIFIED | C:\Users\hp world\AppData\Local\Microsoft\OneDrive\logs\Personal\SyncEngine-2026-03-02.0442.22380.38.aodl
2026-03-02 10:12:03 | MODIFIED | C:\Users\hp world\AppData\Local\Microsoft\OneDrive\logs\Personal\SyncEngine-2026-03-02.0442.22380.38.aodl
2026-03-02 10:12:03 | MODIFIED | C:\Users\hp world\AppData\Local\Microsoft\OneDrive\logs\Personal\SyncEngine-2026-03-02.0442.22380.38.aodl
2026-03-02 10:12:03 | MODIFIED | C:\Users\hp world\AppData\Local\Microsoft\OneDrive\logs\Personal\SyncEngine-2026-03-02.0442.22380.38.aodl
2026-03-02 10:12:03 | MODIFIED | C:\Users\hp world\AppData\Local\Microsoft\OneDrive\logs\Personal\SyncEngine-2026-03-02.0442.22380.38.aodl
2026-03-02 10:12:03 | MODIFIED | C:\Windows\Panther\monitor\WinSetupMon.log
2026-03-02 10:12:03 | CREATED | C:\Users\hp world\AppData\Local\Microsoft\OneDrive\logs\Personal\SyncEngine-2026-03-02.0442.22380.39.aodl
2026-03-02 10:12:04 | MODIFIED | C:\Users\hp world\AppData\Local\Microsoft\OneDrive\logs\Personal\SyncEngine-2026-03-02.0442.22380.39.aodl
2026-03-02 10:12:04 | MODIFIED | C:\Windows\Panther\monitor\WinSetupMon.log
2026-03-02 10:12:04 | CREATED | C:\Users\hp world\AppData\Local\Microsoft\OneDrive\logs\Personal\SyncEngine-2026-03-02.0442.22380.40.aodl
2026-03-02 10:12:04 | MODIFIED | C:\Users\hp world\AppData\Local\Packages\5319275A.WhatsAppDesktop_cv1g1gvanyjgm\LocalCache\EBWebView\Default\IndexedDB\https_web.whatsapp.com_0.indexeddb.leveldb\036725.log
2026-03-02 10:12:04 | MODIFIED | C:\Users\hp world\AppData\Local\Microsoft\OneDrive\settings\Personal\SettingsDatabase.db-wal
2026-03-02 10:12:04 | MODIFIED | C:\ProgramData\Microsoft\Windows\AppRepository\Microsoft.WebMediaExtensions_1.2.17.0_neutral_~_8wekyb3d8bbwe.xml
2026-03-02 10:12:04 | MODIFIED | C:\Users\hp world\AppData\Local\Microsoft\OneDrive\settings\Personal\SyncEngineDatabase.db-wal
2026-03-02 10:58:37 | CREATED | C:\ProgramData\AVG\Antivirus\psi.db-journal
2026-03-02 10:58:37 | MODIFIED | C:\ProgramData\AVG\Antivirus\psi.db-journal
2026-03-02 10:58:37 | MODIFIED | C:\Windows\Panther\monitor\WinSetupMon.log
2026-03-02 10:58:37 | CREATED | C:\ProgramData\AVG\Antivirus\psi.db-journal
2026-03-02 10:58:37 | MODIFIED | C:\ProgramData\AVG\Antivirus\psi.db-journal
2026-03-02 10:58:37 | MODIFIED | C:\Windows\Panther\monitor\WinSetupMon.log
2026-03-02 10:58:37 | CREATED | C:\ProgramData\AVG\Antivirus\psi.db-journal
2026-03-02 10:58:37 | MODIFIED | C:\ProgramData\AVG\Antivirus\psi.db-journal
2026-03-02 10:58:37 | MODIFIED | C:\Windows\Panther\monitor\WinSetupMon.log
2026-03-02 10:58:40 | MODIFIED | C:\Users\hp world\AppData\Local\Microsoft\OneDrive\logs\Personal\SyncEngine-2026-03-02.0442.22380.89.aodl
2026-03-02 10:58:40 | MODIFIED | C:\Windows\Panther\monitor\WinSetupMon.log
2026-03-02 10:58:40 | CREATED | C:\Users\hp world\AppData\Local\Microsoft\OneDrive\logs\Personal\SyncEngine-2026-03-02.0528.22380.90.aodl
2026-03-02 10:58:40 | MODIFIED | C:\Users\hp world\AppData\Local\Microsoft\OneDrive\logs\Personal\SyncEngine-2026-03-02.0528.22380.90.aodl
2026-03-02 10:58:40 | MODIFIED | C:\Users\hp world\AppData\Local\Microsoft\OneDrive\logs\Personal\SyncEngine-2026-03-02.0528.22380.90.aodl
2026-03-02 10:58:40 | MODIFIED | C:\Windows\System32\winevt\Logs\Microsoft-Windows-Dhcp-Client%4Admin.evtx
2026-03-02 10:58:40 | MODIFIED | C:\Windows\System32\winevt\Logs\Microsoft-Windows-Dhcpv6-Client%4Admin.evtx
2026-03-02 10:58:40 | CREATED | C:\Users\hp world\AppData\LocalLow\Adobe\GrowthSDK\Production\x64\manifest.db-wal
2026-03-02 10:58:40 | CREATED | C:\Users\hp world\AppData\LocalLow\Adobe\GrowthSDK\Production\x64\manifest.db-shm
2026-03-02 10:58:40 | MODIFIED | C:\Users\hp world\AppData\LocalLow\Adobe\GrowthSDK\Production\x64\manifest.db-shm
2026-03-02 10:58:40 | CREATED | C:\Users\HPWORL~1\AppData\Local\Temp\collab_low\etilqs_EEfZy6PfCafmsot
2026-03-02 10:58:40 | MODIFIED | C:\Users\HPWORL~1\AppData\Local\Temp\collab_low\etilqs_EEfZy6PfCafmsot
2026-03-02 10:58:40 | MODIFIED | C:\Users\hp world\AppData\LocalLow\Adobe\GrowthSDK\Production\x64\manifest.db-wal
2026-03-02 10:58:40 | MODIFIED | C:\Users\hp world\AppData\LocalLow\Adobe\GrowthSDK\Production\x64\manifest.db-wal
2026-03-02 10:58:40 | CREATED | C:\Users\HPWORL~1\AppData\Local\Temp\collab_low\etilqs_8JGMiT4NZ0NylP6
2026-03-02 10:58:40 | MODIFIED | C:\Users\HPWORL~1\AppData\Local\Temp\collab_low\etilqs_8JGMiT4NZ0NylP6
2026-03-02 10:58:40 | MODIFIED | C:\Users\hp world\AppData\Local\Google\Chrome\User Data\Default\Network\Reporting and NEL-journal
2026-03-02 10:58:40 | MODIFIED | C:\Users\hp world\AppData\Local\Google\Chrome\User Data\Default\Network\Reporting and NEL-journal
2026-03-02 10:58:40 | MODIFIED | C:\Users\hp world\AppData\Local\Google\Chrome\User Data\Default\Network\Reporting and NEL
2026-03-02 10:58:40 | MODIFIED | C:\Users\hp world\AppData\Local\Google\Chrome\User Data\Default\Network\Reporting and NEL-journal
2026-03-02 10:58:40 | MODIFIED | C:\Users\hp world\AppData\Local\Microsoft\OneDrive\logs\Personal\SyncEngine-2026-03-02.0528.22380.90.aodl
2026-03-02 10:58:40 | MODIFIED | C:\Windows\Panther\monitor\WinSetupMon.log
2026-03-02 10:58:40 | CREATED | C:\Users\hp world\AppData\Local\Microsoft\OneDrive\logs\Personal\SyncEngine-2026-03-02.0528.22380.91.aodl
2026-03-02 10:58:41 | MODIFIED | C:\ProgramData\Microsoft\Windows\Start Menu\Programs\Administrative Tools\Memory Diagnostics Tool.lnk
2026-03-02 10:58:41 | MODIFIED | C:\Users\hp world\AppData\Local\Packages\AD2F1837.OMENCommandCenter_v10z8vjag6ke6\LocalCache\Local\HPOMEN\HPOMENBG_20260302.log
2026-03-02 10:58:41 | MODIFIED | C:\Users\hp world\AppData\Local\Microsoft\OneDrive\logs\Personal\SyncEngine-2026-03-02.0528.22380.91.aodl
2026-03-02 10:58:41 | MODIFIED | C:\Windows\Panther\monitor\WinSetupMon.log
2026-03-02 10:58:41 | CREATED | C:\Users\hp world\AppData\Local\Microsoft\OneDrive\logs\Personal\SyncEngine-2026-03-02.0528.22380.92.aodl
2026-03-02 10:58:41 | MODIFIED | C:\Users\hp world\AppData\Local\Microsoft\OneDrive\logs\Personal\SyncEngine-2026-03-02.0528.22380.92.aodl
2026-03-02 10:58:42 | MODIFIED | C:\Program Files\WindowsApps\MicrosoftCorporationII.QuickAssist_2.0.47.0_x64__8wekyb3d8bbwe\resources.pri
2026-03-02 10:58:42 | MODIFIED | C:\Windows\System32\config\systemprofile\AppData\LocalLow\Microsoft\CryptnetUrlCache\MetaData\8EC9B1D0ABBD7F98B401D425828828CE_CC3688855157C046C775E4823067B2AA
2026-03-02 10:58:42 | MODIFIED | C:\Windows\System32\winevt\Logs\Microsoft-Client-Licensing-Platform%4Admin.evtx
2026-03-02 10:58:42 | MODIFIED | C:\Windows\System32\winevt\Logs\Microsoft-Windows-Application-Experience%4Program-Telemetry.evtx
2026-03-02 10:58:42 | MODIFIED | C:\Windows\System32\winevt\Logs\Microsoft-Windows-Known Folders API Service.evtx
2026-03-02 10:58:42 | MODIFIED | C:\Users\hp world\AppData\Local\Microsoft\OneDrive\logs\Personal\SyncEngine-2026-03-02.0528.22380.92.aodl
2026-03-02 10:58:42 | MODIFIED | C:\Windows\Panther\monitor\WinSetupMon.log
2026-03-02 10:58:42 | CREATED | C:\Users\hp world\AppData\Local\Microsoft\OneDrive\logs\Personal\SyncEngine-2026-03-02.0528.22380.93.aodl
2026-03-02 10:58:42 | MODIFIED | C:\Windows\Logs\waasmedic\waasmedic.20260302_051027_873.etl
2026-03-02 10:58:43 | CREATED | C:\ProgramData\AVG\Antivirus\psi.db-journal
2026-03-02 10:58:43 | MODIFIED | C:\ProgramData\AVG\Antivirus\psi.db-journal
2026-03-02 10:58:43 | MODIFIED | C:\Windows\Panther\monitor\WinSetupMon.log
2026-03-02 10:58:44 | CREATED | C:\Users\hp world\AppData\Local\Temp\09fe9cd3-a2d2-4bf4-b3ef-70195f90838c.tmp
2026-03-02 10:58:44 | MODIFIED | C:\Users\hp world\AppData\Local\Temp\09fe9cd3-a2d2-4bf4-b3ef-70195f90838c.tmp
2026-03-02 10:58:44 | MODIFIED | C:\Users\hp world\AppData\Local\Temp\09fe9cd3-a2d2-4bf4-b3ef-70195f90838c.tmp
2026-03-02 10:58:44 | MODIFIED | C:\Users\hp world\AppData\Local\Microsoft\OneDrive\logs\Personal\SyncEngine-2026-03-02.0528.22380.93.aodl
2026-03-02 10:58:44 | MODIFIED | C:\Windows\Panther\monitor\WinSetupMon.log
2026-03-02 10:58:44 | CREATED | C:\Users\hp world\AppData\Local\Microsoft\OneDrive\logs\Personal\SyncEngine-2026-03-02.0528.22380.94.aodl
2026-03-02 10:58:44 | CREATED | C:\ProgramData\AVG\Antivirus\psi.db-journal
2026-03-02 10:58:44 | MODIFIED | C:\ProgramData\AVG\Antivirus\psi.db-journal
2026-03-02 10:58:44 | MODIFIED | C:\Windows\Panther\monitor\WinSetupMon.log
2026-03-02 10:58:44 | CREATED | C:\ProgramData\AVG\Antivirus\psi.db-journal
2026-03-02 10:58:44 | MODIFIED | C:\ProgramData\AVG\Antivirus\psi.db-journal
2026-03-02 10:58:44 | MODIFIED | C:\Windows\Panther\monitor\WinSetupMon.log
2026-03-02 10:58:44 | CREATED | C:\ProgramData\AVG\Antivirus\psi.db-journal
2026-03-02 10:58:44 | MODIFIED | C:\ProgramData\AVG\Antivirus\psi.db-journal
2026-03-02 10:58:44 | MODIFIED | C:\Windows\Panther\monitor\WinSetupMon.log
2026-03-02 10:58:44 | MODIFIED | C:\Users\hp world\AppData\Local\Microsoft\OneDrive\logs\Personal\SyncEngine-2026-03-02.0528.22380.94.aodl
2026-03-02 10:58:44 | MODIFIED | C:\Windows\Panther\monitor\WinSetupMon.log
2026-03-02 10:58:44 | CREATED | C:\Users\hp world\AppData\Local\Microsoft\OneDrive\logs\Personal\SyncEngine-2026-03-02.0528.22380.95.aodl
2026-03-02 10:58:44 | MODIFIED | C:\Users\hp world\AppData\Local\Microsoft\OneDrive\logs\Personal\SyncEngine-2026-03-02.0528.22380.95.aodl
2026-03-02 10:58:44 | MODIFIED | C:\Users\hp world\AppData\Local\Microsoft\OneDrive\logs\Personal\SyncEngine-2026-03-02.0528.22380.95.aodl
2026-03-02 10:58:44 | MODIFIED | C:\Users\hp world\AppData\Local\Microsoft\OneDrive\logs\Personal\SyncEngine-2026-03-02.0528.22380.95.aodl
2026-03-02 10:58:45 | MODIFIED | C:\Users\hp world\AppData\Local\Microsoft\OneDrive\logs\Personal\SyncEngine-2026-03-02.0528.22380.95.aodl
2026-03-02 10:58:45 | MODIFIED | C:\Windows\Panther\monitor\WinSetupMon.log
2026-03-02 10:58:45 | CREATED | C:\Users\hp world\AppData\Local\Microsoft\OneDrive\logs\Personal\SyncEngine-2026-03-02.0528.22380.96.aodl
2026-03-02 10:58:45 | MODIFIED | C:\Users\hp world\AppData\Local\Microsoft\OneDrive\logs\Personal\SyncEngine-2026-03-02.0528.22380.96.aodl
2026-03-02 10:58:45 | MODIFIED | C:\Users\hp world\AppData\Local\Microsoft\OneDrive\logs\Personal\SyncEngine-2026-03-02.0528.22380.96.aodl
2026-03-02 10:58:45 | MODIFIED | C:\Windows\Panther\monitor\WinSetupMon.log
2026-03-02 10:58:45 | CREATED | C:\Users\hp world\AppData\Local\Microsoft\OneDrive\logs\Personal\SyncEngine-2026-03-02.0528.22380.97.aodl
2026-03-02 10:58:45 | MODIFIED | C:\Users\hp world\AppData\Local\Microsoft\OneDrive\logs\Personal\SyncEngine-2026-03-02.0528.22380.97.aodl
2026-03-02 10:58:45 | MODIFIED | C:\Users\hp world\AppData\Local\Microsoft\OneDrive\logs\Personal\SyncEngine-2026-03-02.0528.22380.97.aodl
2026-03-02 10:58:45 | MODIFIED | C:\Windows\Panther\monitor\WinSetupMon.log
2026-03-02 10:58:45 | CREATED | C:\Users\hp world\AppData\Local\Microsoft\OneDrive\logs\Personal\SyncEngine-2026-03-02.0528.22380.98.aodl
2026-03-02 10:58:46 | MODIFIED | C:\Users\hp world\AppData\Local\Microsoft\OneDrive\logs\Personal\SyncEngine-2026-03-02.0528.22380.98.aodl
2026-03-02 10:58:46 | MODIFIED | C:\Windows\Panther\monitor\WinSetupMon.log
2026-03-02 10:58:46 | CREATED | C:\Users\hp world\AppData\Local\Microsoft\OneDrive\logs\Personal\SyncEngine-2026-03-02.0528.22380.99.aodl
2026-03-02 10:58:46 | MODIFIED | C:\Users\hp world\AppData\Local\Microsoft\OneDrive\logs\Personal\SyncEngine-2026-03-02.0528.22380.99.aodl
2026-03-02 10:58:46 | MODIFIED | C:\Users\hp world\AppData\Local\Microsoft\OneDrive\logs\Personal\SyncEngine-2026-03-02.0528.22380.99.aodl
2026-03-02 10:58:46 | MODIFIED | C:\Users\hp world\AppData\Local\Microsoft\OneDrive\logs\Personal\SyncEngine-2026-03-02.0528.22380.99.aodl
2026-03-02 10:58:46 | MODIFIED | C:\Users\hp world\AppData\Local\Microsoft\OneDrive\logs\Personal\SyncEngine-2026-03-02.0528.22380.99.aodl
2026-03-02 10:58:46 | MODIFIED | C:\Users\hp world\AppData\Local\Microsoft\OneDrive\logs\Personal\SyncEngine-2026-03-02.0528.22380.99.aodl
2026-03-02 10:58:46 | MODIFIED | C:\Users\hp world\AppData\Local\Microsoft\OneDrive\logs\Personal\SyncEngine-2026-03-02.0528.22380.99.aodl
2026-03-02 10:58:46 | MODIFIED | C:\Users\hp world\AppData\Local\Microsoft\OneDrive\logs\Personal\SyncEngine-2026-03-02.0528.22380.99.aodl
2026-03-02 10:58:46 | MODIFIED | C:\Users\hp world\AppData\Local\Microsoft\OneDrive\logs\Personal\SyncEngine-2026-03-02.0528.22380.99.aodl
2026-03-02 10:58:46 | MODIFIED | C:\Users\hp world\AppData\Local\Microsoft\OneDrive\logs\Personal\SyncEngine-2026-03-02.0528.22380.99.aodl
2026-03-02 10:58:46 | MODIFIED | C:\Users\hp world\AppData\Local\Microsoft\OneDrive\logs\Personal\SyncEngine-2026-03-02.0528.22380.99.aodl
2026-03-02 10:58:46 | MODIFIED | C:\Users\hp world\AppData\Local\Microsoft\OneDrive\logs\Personal\SyncEngine-2026-03-02.0528.22380.99.aodl
2026-03-02 10:58:46 | MODIFIED | C:\Users\hp world\AppData\Local\Microsoft\OneDrive\logs\Personal\SyncEngine-2026-03-02.0528.22380.99.aodl
2026-03-02 10:58:46 | MODIFIED | C:\Users\hp world\AppData\Local\Microsoft\OneDrive\logs\Personal\SyncEngine-2026-03-02.0528.22380.99.aodl
2026-03-02 10:58:46 | MODIFIED | C:\Users\hp world\AppData\Local\Microsoft\OneDrive\logs\Personal\SyncEngine-2026-03-02.0528.22380.99.aodl
2026-03-02 10:58:46 | MODIFIED | C:\Users\hp world\AppData\Local\Microsoft\OneDrive\logs\Personal\SyncEngine-2026-03-02.0528.22380.99.aodl
2026-03-02 10:58:46 | MODIFIED | C:\Users\hp world\AppData\Local\Microsoft\OneDrive\logs\Personal\SyncEngine-2026-03-02.0528.22380.99.aodl
2026-03-02 10:58:46 | MODIFIED | C:\Users\hp world\AppData\Local\Microsoft\OneDrive\logs\Personal\SyncEngine-2026-03-02.0528.22380.99.aodl
2026-03-02 10:58:46 | MODIFIED | C:\Users\hp world\AppData\Local\Microsoft\OneDrive\logs\Personal\SyncEngine-2026-03-02.0528.22380.99.aodl
2026-03-02 10:58:46 | MODIFIED | C:\Windows\Panther\monitor\WinSetupMon.log
2026-03-02 10:58:46 | CREATED | C:\Users\hp world\AppData\Local\Microsoft\OneDrive\logs\Personal\SyncEngine-2026-03-02.0528.22380.100.aodl
2026-03-02 10:58:46 | MODIFIED | C:\Users\hp world\AppData\Local\Microsoft\OneDrive\logs\Personal\SyncEngine-2026-03-02.0528.22380.100.aodl
2026-03-02 10:58:46 | MODIFIED | C:\ProgramData\Microsoft\Search\Data\Applications\Windows\Windows-gather.db-wal
2026-03-02 10:58:46 | MODIFIED | C:\Users\hp world\AppData\Local\Microsoft\OneDrive\settings\Personal\SettingsDatabase.db-wal
2026-03-02 10:58:46 | MODIFIED | C:\Users\hp world\AppData\Local\Microsoft\OneDrive\settings\Personal\SyncEngineDatabase.db-wal
2026-03-02 10:58:47 | CREATED | C:\ProgramData\AVG\Antivirus\psi.db-journal
2026-03-02 10:58:47 | MODIFIED | C:\ProgramData\AVG\Antivirus\psi.db-journal
2026-03-02 10:58:47 | MODIFIED | C:\Windows\Panther\monitor\WinSetupMon.log
2026-03-02 10:58:48 | MODIFIED | C:\Program Files\WindowsApps\MicrosoftWindows.Client.WebExperience_526.1202.40.0_x64__cw5n1h2txyewy\Assets\Square44x44Logo.scale-200.png
2026-03-02 10:58:48 | MODIFIED | C:\Program Files\WindowsApps\AD2F1837.OMENCommandCenter_1101.2602.2.0_x64__v10z8vjag6ke6\Assets\Square44x44Logo.scale-125.png
2026-03-02 10:58:48 | MODIFIED | C:\Program Files\WindowsApps\Microsoft.WindowsFeedbackHub_1.2602.13304.0_neutral_split.scale-150_8wekyb3d8bbwe\Assets\FeedbackHubAppList.scale-150.png
2026-03-02 10:58:48 | MODIFIED | C:\Users\hp world\AppData\Local\Microsoft\OneDrive\logs\Personal\SyncEngine-2026-03-02.0528.22380.100.aodl
2026-03-02 10:58:48 | MODIFIED | C:\Windows\Panther\monitor\WinSetupMon.log
2026-03-02 10:58:48 | CREATED | C:\Users\hp world\AppData\Local\Microsoft\OneDrive\logs\Personal\SyncEngine-2026-03-02.0528.22380.101.aodl
2026-03-02 10:58:48 | MODIFIED | C:\Users\hp world\AppData\Local\Microsoft\OneDrive\logs\Personal\SyncEngine-2026-03-02.0528.22380.101.aodl
2026-03-02 10:58:49 | MODIFIED | C:\Users\hp world\AppData\Local\Microsoft\OneDrive\logs\Personal\SyncEngine-2026-03-02.0528.22380.101.aodl
2026-03-02 10:58:49 | MODIFIED | C:\Windows\Panther\monitor\WinSetupMon.log
2026-03-02 10:58:49 | CREATED | C:\Users\hp world\AppData\Local\Microsoft\OneDrive\logs\Personal\SyncEngine-2026-03-02.0528.22380.102.aodl
2026-03-02 10:58:49 | MODIFIED | C:\Users\hp world\AppData\Local\Microsoft\OneDrive\logs\Personal\SyncEngine-2026-03-02.0528.22380.102.aodl
2026-03-02 10:58:50 | MODIFIED | C:\Users\hp world\AppData\Local\Microsoft\OneDrive\logs\Personal\SyncEngine-2026-03-02.0528.22380.102.aodl
2026-03-02 10:58:50 | MODIFIED | C:\Windows\Panther\monitor\WinSetupMon.log
2026-03-02 10:58:50 | CREATED | C:\Users\hp world\AppData\Local\Microsoft\OneDrive\logs\Personal\SyncEngine-2026-03-02.0528.22380.103.aodl
2026-03-02 10:58:50 | MODIFIED | C:\Users\hp world\AppData\Local\Microsoft\OneDrive\logs\Personal\SyncEngine-2026-03-02.0528.22380.103.aodl
2026-03-02 10:58:50 | MODIFIED | C:\Users\hp world\AppData\Local\Microsoft\OneDrive\logs\Personal\SyncEngine-2026-03-02.0528.22380.103.aodl
2026-03-02 10:58:50 | MODIFIED | C:\Users\hp world\AppData\Local\Microsoft\OneDrive\logs\Personal\SyncEngine-2026-03-02.0528.22380.103.aodl
2026-03-02 10:58:50 | MODIFIED | C:\Users\hp world\AppData\Local\Microsoft\OneDrive\logs\Personal\SyncEngine-2026-03-02.0528.22380.103.aodl
2026-03-02 10:58:51 | MODIFIED | C:\Users\hp world\AppData\Local\Microsoft\OneDrive\logs\Personal\SyncEngine-2026-03-02.0528.22380.103.aodl
2026-03-02 10:58:51 | MODIFIED | C:\Windows\Panther\monitor\WinSetupMon.log
2026-03-02 10:58:51 | CREATED | C:\Users\hp world\AppData\Local\Microsoft\OneDrive\logs\Personal\SyncEngine-2026-03-02.0528.22380.104.aodl
2026-03-02 10:58:51 | MODIFIED | C:\Users\hp world\AppData\Local\Microsoft\OneDrive\logs\Personal\SyncEngine-2026-03-02.0528.22380.104.aodl
2026-03-02 10:58:52 | MODIFIED | C:\Users\hp world\AppData\Local\Microsoft\OneDrive\logs\Personal\SyncEngine-2026-03-02.0528.22380.104.aodl
2026-03-02 10:58:52 | MODIFIED | C:\Windows\Panther\monitor\WinSetupMon.log
2026-03-02 10:58:52 | CREATED | C:\Users\hp world\AppData\Local\Microsoft\OneDrive\logs\Personal\SyncEngine-2026-03-02.0528.22380.105.aodl
2026-03-02 10:58:52 | MODIFIED | C:\Users\hp world\AppData\Local\Microsoft\OneDrive\logs\Personal\SyncEngine-2026-03-02.0528.22380.105.aodl
2026-03-02 10:58:52 | MODIFIED | C:\Users\hp world\AppData\Local\Microsoft\OneDrive\logs\Personal\SyncEngine-2026-03-02.0528.22380.105.aodl
2026-03-02 10:58:52 | MODIFIED | C:\Windows\Panther\monitor\WinSetupMon.log
2026-03-02 10:58:52 | CREATED | C:\Users\hp world\AppData\Local\Microsoft\OneDrive\logs\Personal\SyncEngine-2026-03-02.0528.22380.106.aodl
2026-03-02 10:58:52 | MODIFIED | C:\Users\hp world\AppData\Local\Microsoft\OneDrive\logs\Personal\SyncEngine-2026-03-02.0528.22380.106.aodl
2026-03-02 10:58:53 | MODIFIED | C:\Users\hp world\AppData\Local\Microsoft\OneDrive\logs\Personal\SyncEngine-2026-03-02.0528.22380.106.aodl
2026-03-02 10:58:53 | MODIFIED | C:\Windows\Panther\monitor\WinSetupMon.log
2026-03-02 10:58:53 | CREATED | C:\Users\hp world\AppData\Local\Microsoft\OneDrive\logs\Personal\SyncEngine-2026-03-02.0528.22380.107.aodl
2026-03-02 10:58:53 | MODIFIED | C:\Users\hp world\AppData\Local\Microsoft\OneDrive\logs\Personal\SyncEngine-2026-03-02.0528.22380.107.aodl
2026-03-02 10:58:54 | MODIFIED | C:\Users\hp world\AppData\Local\Microsoft\OneDrive\logs\Personal\SyncEngine-2026-03-02.0528.22380.107.aodl
2026-03-02 10:58:54 | MODIFIED | C:\Windows\Panther\monitor\WinSetupMon.log
2026-03-02 10:58:54 | CREATED | C:\Users\hp world\AppData\Local\Microsoft\OneDrive\logs\Personal\SyncEngine-2026-03-02.0528.22380.108.aodl
2026-03-02 10:58:54 | MODIFIED | C:\Users\hp world\AppData\Local\Microsoft\OneDrive\logs\Personal\SyncEngine-2026-03-02.0528.22380.108.aodl
2026-03-02 10:58:54 | MODIFIED | C:\Windows\Panther\monitor\WinSetupMon.log
2026-03-02 10:58:54 | CREATED | C:\Users\hp world\AppData\Local\Microsoft\OneDrive\logs\Personal\SyncEngine-2026-03-02.0528.22380.109.aodl
2026-03-02 10:58:54 | MODIFIED | C:\Users\hp world\AppData\Local\Microsoft\OneDrive\logs\Personal\SyncEngine-2026-03-02.0528.22380.109.aodl
2026-03-02 10:58:54 | MODIFIED | C:\Users\hp world\AppData\Local\Microsoft\OneDrive\logs\Personal\SyncEngine-2026-03-02.0528.22380.109.aodl
2026-03-02 10:58:54 | MODIFIED | C:\Users\hp world\AppData\Local\Microsoft\OneDrive\logs\Personal\SyncEngine-2026-03-02.0528.22380.109.aodl
2026-03-02 10:58:54 | MODIFIED | C:\Windows\Panther\monitor\WinSetupMon.log
2026-03-02 10:58:54 | CREATED | C:\Users\hp world\AppData\Local\Microsoft\OneDrive\logs\Personal\SyncEngine-2026-03-02.0528.22380.110.aodl
2026-03-02 10:58:55 | MODIFIED | C:\Users\hp world\AppData\Local\Microsoft\OneDrive\logs\Personal\SyncEngine-2026-03-02.0528.22380.110.aodl
2026-03-02 10:58:55 | MODIFIED | C:\Windows\Panther\monitor\WinSetupMon.log
2026-03-02 10:58:55 | CREATED | C:\Users\hp world\AppData\Local\Microsoft\OneDrive\logs\Personal\SyncEngine-2026-03-02.0528.22380.111.aodl
2026-03-02 10:58:55 | MODIFIED | C:\Users\hp world\AppData\Local\Microsoft\OneDrive\logs\Personal\SyncEngine-2026-03-02.0528.22380.111.aodl
2026-03-02 11:40:06 | MODIFIED | C:\ProgramData\Microsoft\Search\Data\Applications\Windows\Windows-gather.db-wal
2026-03-02 11:40:06 | MODIFIED | C:\ProgramData\Microsoft\Search\Data\Applications\Windows\Windows-gather.db
2026-03-02 11:40:07 | MODIFIED | C:\ProgramData\Microsoft\Search\Data\Applications\Windows\Windows-gather.db-wal
2026-03-02 11:40:07 | MODIFIED | C:\Users\hp world\AppData\Local\Packages\5319275A.WhatsAppDesktop_cv1g1gvanyjgm\LocalCache\EBWebView\Default\WebStorage\QuotaManager-journal
2026-03-02 11:40:07 | MODIFIED | C:\Users\hp world\AppData\Local\Packages\5319275A.WhatsAppDesktop_cv1g1gvanyjgm\LocalCache\EBWebView\Default\WebStorage\QuotaManager-journal
2026-03-02 11:40:07 | MODIFIED | C:\Users\hp world\AppData\Local\Packages\5319275A.WhatsAppDesktop_cv1g1gvanyjgm\LocalCache\EBWebView\Default\WebStorage\QuotaManager
2026-03-02 11:40:07 | MODIFIED | C:\Users\hp world\AppData\Local\Packages\5319275A.WhatsAppDesktop_cv1g1gvanyjgm\LocalCache\EBWebView\Default\WebStorage\QuotaManager-journal
2026-03-02 11:40:07 | MODIFIED | C:\Users\hp world\AppData\Local\Packages\5319275A.WhatsAppDesktop_cv1g1gvanyjgm\LocalCache\EBWebView\Default\IndexedDB\https_web.whatsapp.com_0.indexeddb.leveldb\036887.log
2026-03-02 11:40:07 | MODIFIED | C:\Users\hp world\AppData\Local\Packages\5319275A.WhatsAppDesktop_cv1g1gvanyjgm\LocalCache\EBWebView\Default\IndexedDB\https_web.whatsapp.com_0.indexeddb.leveldb\LOG
2026-03-02 11:40:07 | CREATED | C:\Users\hp world\AppData\Local\Packages\5319275A.WhatsAppDesktop_cv1g1gvanyjgm\LocalCache\EBWebView\Default\IndexedDB\https_web.whatsapp.com_0.indexeddb.leveldb\036889.ldb
2026-03-02 11:40:07 | MODIFIED | C:\Users\hp world\AppData\Local\Packages\5319275A.WhatsAppDesktop_cv1g1gvanyjgm\LocalCache\EBWebView\Default\IndexedDB\https_web.whatsapp.com_0.indexeddb.leveldb\036889.ldb
2026-03-02 11:40:07 | MODIFIED | C:\Users\hp world\AppData\Local\Packages\5319275A.WhatsAppDesktop_cv1g1gvanyjgm\LocalCache\EBWebView\Default\IndexedDB\https_web.whatsapp.com_0.indexeddb.leveldb\036889.ldb
2026-03-02 11:40:07 | CREATED | C:\Users\hp world\AppData\Local\Packages\5319275A.WhatsAppDesktop_cv1g1gvanyjgm\LocalCache\EBWebView\Default\IndexedDB\https_web.whatsapp.com_0.indexeddb.leveldb\036890.ldb
2026-03-02 11:40:07 | MODIFIED | C:\Users\hp world\AppData\Local\Packages\5319275A.WhatsAppDesktop_cv1g1gvanyjgm\LocalCache\EBWebView\Default\IndexedDB\https_web.whatsapp.com_0.indexeddb.leveldb\036890.ldb
2026-03-02 11:40:07 | CREATED | C:\Users\hp world\AppData\Local\Packages\5319275A.WhatsAppDesktop_cv1g1gvanyjgm\LocalCache\EBWebView\Default\IndexedDB\https_web.whatsapp.com_0.indexeddb.leveldb\036891.ldb
2026-03-02 11:40:07 | MODIFIED | C:\Users\hp world\AppData\Local\Packages\5319275A.WhatsAppDesktop_cv1g1gvanyjgm\LocalCache\EBWebView\Default\IndexedDB\https_web.whatsapp.com_0.indexeddb.leveldb\036891.ldb
2026-03-02 11:40:07 | MODIFIED | C:\Users\hp world\AppData\Local\Packages\5319275A.WhatsAppDesktop_cv1g1gvanyjgm\LocalCache\EBWebView\Default\IndexedDB\https_web.whatsapp.com_0.indexeddb.leveldb\036891.ldb
2026-03-02 11:40:07 | MODIFIED | C:\Users\hp world\AppData\Local\Packages\5319275A.WhatsAppDesktop_cv1g1gvanyjgm\LocalCache\EBWebView\Default\IndexedDB\https_web.whatsapp.com_0.indexeddb.leveldb\036891.ldb
2026-03-02 11:40:07 | CREATED | C:\Users\hp world\AppData\Local\Packages\5319275A.WhatsAppDesktop_cv1g1gvanyjgm\LocalCache\EBWebView\Default\IndexedDB\https_web.whatsapp.com_0.indexeddb.leveldb\036892.ldb
2026-03-02 11:40:07 | MODIFIED | C:\Users\hp world\AppData\Local\Packages\5319275A.WhatsAppDesktop_cv1g1gvanyjgm\LocalCache\EBWebView\Default\IndexedDB\https_web.whatsapp.com_0.indexeddb.leveldb\036892.ldb
2026-03-02 11:40:07 | MODIFIED | C:\Users\hp world\AppData\Local\Packages\5319275A.WhatsAppDesktop_cv1g1gvanyjgm\LocalCache\EBWebView\Default\IndexedDB\https_web.whatsapp.com_0.indexeddb.leveldb\MANIFEST-035016
2026-03-02 11:40:07 | MODIFIED | C:\Windows\Panther\monitor\WinSetupMon.log
2026-03-02 11:40:08 | CREATED | C:\Users\hp world\AppData\Roaming\Code\User\workspaceStorage\16b7c7ad893b27922f971aa5ea6645b5\state.vscdb-journal
2026-03-02 11:40:08 | MODIFIED | C:\Users\hp world\AppData\Roaming\Code\User\workspaceStorage\16b7c7ad893b27922f971aa5ea6645b5\state.vscdb-journal
2026-03-02 11:40:08 | MODIFIED | C:\Users\hp world\AppData\Roaming\Code\User\workspaceStorage\16b7c7ad893b27922f971aa5ea6645b5\state.vscdb-journal
2026-03-02 11:40:08 | MODIFIED | C:\Users\hp world\AppData\Roaming\Code\User\workspaceStorage\16b7c7ad893b27922f971aa5ea6645b5\state.vscdb-journal
2026-03-02 11:40:08 | MODIFIED | C:\Users\hp world\AppData\Roaming\Code\User\workspaceStorage\16b7c7ad893b27922f971aa5ea6645b5\state.vscdb
2026-03-02 11:40:08 | MODIFIED | C:\Users\hp world\AppData\Roaming\Code\User\workspaceStorage\16b7c7ad893b27922f971aa5ea6645b5\state.vscdb-journal
2026-03-02 11:40:08 | MODIFIED | C:\Windows\Panther\monitor\WinSetupMon.log
2026-03-02 11:40:08 | MODIFIED | C:\Users\hp world\AppData\Local\Programs\Python\Python312\python.exe
2026-03-02 11:40:08 | MODIFIED | C:\Users\hp world\OneDrive\Desktop\Pro\rdefender_ui.py
2026-03-02 11:40:08 | MODIFIED | C:\Users\hp world\AppData\Local\Programs\Python\Python312\Lib\tkinter\__pycache__\__init__.cpython-312.pyc
2026-03-02 11:40:08 | MODIFIED | C:\Users\hp world\AppData\Local\Programs\Python\Python312\DLLs\_tkinter.pyd
2026-03-02 11:40:08 | MODIFIED | C:\Users\hp world\AppData\Local\Programs\Python\Python312\DLLs\tcl86t.dll
2026-03-02 11:40:08 | MODIFIED | C:\Users\hp world\AppData\Local\Programs\Python\Python312\DLLs\tk86t.dll
2026-03-02 11:40:08 | MODIFIED | C:\Users\hp world\AppData\Local\Programs\Python\Python312\DLLs\zlib1.dll
2026-03-02 11:40:08 | MODIFIED | C:\Users\hp world\AppData\Local\Programs\Python\Python312\tcl\tcl8.6\encoding\cp1252.enc
2026-03-02 11:40:08 | MODIFIED | C:\Users\hp world\AppData\Local\Programs\Python\Python312\Lib\tkinter\__pycache__\constants.cpython-312.pyc
2026-03-02 11:40:08 | MODIFIED | C:\Users\hp world\AppData\Local\Programs\Python\Python312\Lib\tkinter\__pycache__\ttk.cpython-312.pyc
2026-03-02 11:40:08 | MODIFIED | C:\Users\hp world\AppData\Local\Programs\Python\Python312\Lib\__pycache__\random.cpython-312.pyc
2026-03-02 11:40:08 | MODIFIED | C:\Users\hp world\AppData\Local\Programs\Python\Python312\Lib\__pycache__\bisect.cpython-312.pyc
2026-03-02 11:40:08 | MODIFIED | C:\Users\hp world\OneDrive\Desktop\Pro\venv\Lib\site-packages\psutil\__pycache__\__init__.cpython-312.pyc
2026-03-02 11:40:08 | MODIFIED | C:\Users\hp world\AppData\Local\Programs\Python\Python312\Lib\__pycache__\signal.cpython-312.pyc
2026-03-02 11:40:08 | MODIFIED | C:\Users\hp world\AppData\Local\Programs\Python\Python312\Lib\__pycache__\socket.cpython-312.pyc
2026-03-02 11:40:08 | MODIFIED | C:\Users\hp world\AppData\Local\Programs\Python\Python312\DLLs\_socket.pyd
2026-03-02 11:40:08 | MODIFIED | C:\Users\hp world\AppData\Local\Programs\Python\Python312\Lib\__pycache__\selectors.cpython-312.pyc
2026-03-02 11:40:08 | MODIFIED | C:\Users\hp world\AppData\Local\Programs\Python\Python312\DLLs\select.pyd
2026-03-02 11:40:08 | MODIFIED | C:\Users\hp world\AppData\Local\Programs\Python\Python312\Lib\__pycache__\subprocess.cpython-312.pyc
2026-03-02 11:40:08 | MODIFIED | C:\Users\hp world\AppData\Local\Programs\Python\Python312\Lib\__pycache__\locale.cpython-312.pyc
2026-03-02 11:40:08 | MODIFIED | C:\Users\hp world\OneDrive\Desktop\Pro\venv\Lib\site-packages\psutil\__pycache__\_common.cpython-312.pyc
2026-03-02 11:40:08 | MODIFIED | C:\Users\hp world\OneDrive\Desktop\Pro\venv\Lib\site-packages\psutil\__pycache__\_ntuples.cpython-312.pyc
2026-03-02 11:40:08 | MODIFIED | C:\Users\hp world\OneDrive\Desktop\Pro\venv\Lib\site-packages\psutil\__pycache__\_pswindows.cpython-312.pyc
2026-03-02 11:40:08 | MODIFIED | C:\Users\hp world\OneDrive\Desktop\Pro\venv\Lib\site-packages\psutil\_psutil_windows.pyd
2026-03-02 11:40:08 | MODIFIED | C:\Users\hp world\AppData\Local\Programs\Python\Python312\tcl\tcl8.6\init.tcl
2026-03-02 11:40:08 | MODIFIED | C:\Windows\Fonts\cour.ttf
2026-03-02 11:40:08 | MODIFIED | C:\Windows\Fonts\coure.fon
2026-03-02 11:40:08 | MODIFIED | C:\Windows\Fonts\sserife.fon
2026-03-02 11:40:08 | MODIFIED | C:\Windows\Fonts\vgasys.fon
2026-03-02 11:40:08 | MODIFIED | C:\Windows\Fonts\micross.ttf
2026-03-02 11:40:08 | MODIFIED | C:\Windows\Fonts\8514oem.fon
2026-03-02 11:40:08 | MODIFIED | C:\Windows\Fonts\8514fix.fon
2026-03-02 11:40:08 | MODIFIED | C:\Users\hp world\AppData\Local\Programs\Python\Python312\tcl\tcl8.6\tclIndex
2026-03-02 11:40:08 | MODIFIED | C:\Users\hp world\AppData\Local\Programs\Python\Python312\tcl\tcl8.6\auto.tcl
2026-03-02 11:40:08 | MODIFIED | C:\Users\hp world\AppData\Local\Programs\Python\Python312\tcl\tk8.6\tk.tcl
2026-03-02 11:40:08 | MODIFIED | C:\Users\hp world\AppData\Local\Programs\Python\Python312\tcl\tcl8.6\tm.tcl
2026-03-02 11:40:08 | MODIFIED | C:\Users\hp world\AppData\Local\Programs\Python\Python312\tcl\tcl8\8.5\msgcat-1.6.1.tm
2026-03-02 11:40:08 | MODIFIED | C:\Users\hp world\AppData\Local\Programs\Python\Python312\tcl\tk8.6\msgs\en.msg
2026-03-02 11:40:08 | MODIFIED | C:\Users\hp world\AppData\Local\Programs\Python\Python312\tcl\tk8.6\icons.tcl
2026-03-02 11:40:08 | MODIFIED | C:\Users\hp world\AppData\Local\Programs\Python\Python312\tcl\tk8.6\button.tcl
2026-03-02 11:40:08 | MODIFIED | C:\Users\hp world\AppData\Local\Programs\Python\Python312\tcl\tk8.6\entry.tcl
2026-03-02 11:40:08 | MODIFIED | C:\Users\hp world\AppData\Local\Programs\Python\Python312\tcl\tk8.6\listbox.tcl
2026-03-02 11:40:08 | MODIFIED | C:\Users\hp world\AppData\Local\Programs\Python\Python312\tcl\tk8.6\menu.tcl
2026-03-02 11:40:08 | MODIFIED | C:\Users\hp world\AppData\Local\Programs\Python\Python312\tcl\tk8.6\panedwindow.tcl
2026-03-02 11:40:08 | MODIFIED | C:\Users\hp world\AppData\Local\Programs\Python\Python312\tcl\tk8.6\scale.tcl
2026-03-02 11:40:08 | MODIFIED | C:\Users\hp world\AppData\Local\Programs\Python\Python312\tcl\tk8.6\scrlbar.tcl
2026-03-02 11:40:08 | MODIFIED | C:\Users\hp world\AppData\Local\Programs\Python\Python312\tcl\tk8.6\spinbox.tcl
2026-03-02 11:40:08 | MODIFIED | C:\Users\hp world\AppData\Local\Programs\Python\Python312\tcl\tk8.6\text.tcl
2026-03-02 11:40:08 | MODIFIED | C:\Users\hp world\AppData\Local\Programs\Python\Python312\tcl\tk8.6\ttk\ttk.tcl
2026-03-02 11:40:08 | MODIFIED | C:\Users\hp world\AppData\Local\Programs\Python\Python312\tcl\tk8.6\ttk\fonts.tcl
2026-03-02 11:40:08 | MODIFIED | C:\Users\hp world\AppData\Local\Programs\Python\Python312\tcl\tk8.6\ttk\cursors.tcl
2026-03-02 11:40:08 | MODIFIED | C:\Users\hp world\AppData\Local\Programs\Python\Python312\tcl\tk8.6\ttk\utils.tcl
2026-03-02 11:40:08 | MODIFIED | C:\Users\hp world\AppData\Local\Programs\Python\Python312\tcl\tk8.6\ttk\button.tcl
2026-03-02 11:40:08 | MODIFIED | C:\Users\hp world\AppData\Local\Programs\Python\Python312\tcl\tk8.6\ttk\menubutton.tcl
2026-03-02 11:40:08 | MODIFIED | C:\Users\hp world\AppData\Local\Programs\Python\Python312\tcl\tk8.6\ttk\scrollbar.tcl
2026-03-02 11:40:08 | MODIFIED | C:\Users\hp world\AppData\Local\Programs\Python\Python312\tcl\tk8.6\ttk\scale.tcl
2026-03-02 11:40:08 | MODIFIED | C:\Users\hp world\AppData\Local\Programs\Python\Python312\tcl\tk8.6\ttk\progress.tcl
2026-03-02 11:40:08 | MODIFIED | C:\Users\hp world\AppData\Local\Programs\Python\Python312\tcl\tk8.6\ttk\notebook.tcl
2026-03-02 11:40:08 | MODIFIED | C:\Users\hp world\AppData\Local\Programs\Python\Python312\tcl\tk8.6\ttk\panedwindow.tcl
2026-03-02 11:40:09 | MODIFIED | C:\Users\hp world\AppData\Local\Programs\Python\Python312\tcl\tk8.6\ttk\entry.tcl
2026-03-02 11:40:09 | MODIFIED | C:\Users\hp world\AppData\Local\Programs\Python\Python312\tcl\tk8.6\ttk\combobox.tcl
2026-03-02 11:40:09 | MODIFIED | C:\Users\hp world\AppData\Local\Programs\Python\Python312\tcl\tk8.6\ttk\spinbox.tcl
2026-03-02 11:40:09 | MODIFIED | C:\Users\hp world\AppData\Local\Programs\Python\Python312\tcl\tk8.6\ttk\treeview.tcl
2026-03-02 11:40:09 | MODIFIED | C:\Users\hp world\AppData\Local\Programs\Python\Python312\tcl\tk8.6\ttk\sizegrip.tcl
2026-03-02 11:40:09 | MODIFIED | C:\Users\hp world\AppData\Local\Programs\Python\Python312\tcl\tk8.6\ttk\defaults.tcl
2026-03-02 11:40:09 | MODIFIED | C:\Users\hp world\AppData\Local\Programs\Python\Python312\tcl\tk8.6\ttk\classicTheme.tcl
2026-03-02 11:40:09 | MODIFIED | C:\Users\hp world\AppData\Local\Programs\Python\Python312\tcl\tk8.6\ttk\altTheme.tcl
2026-03-02 11:40:09 | MODIFIED | C:\Users\hp world\AppData\Local\Programs\Python\Python312\tcl\tk8.6\ttk\clamTheme.tcl
2026-03-02 11:40:09 | MODIFIED | C:\Users\hp world\AppData\Local\Programs\Python\Python312\tcl\tk8.6\ttk\winTheme.tcl
2026-03-02 11:40:09 | MODIFIED | C:\Users\hp world\AppData\Local\Programs\Python\Python312\tcl\tk8.6\ttk\xpTheme.tcl
2026-03-02 11:40:09 | MODIFIED | C:\Users\hp world\AppData\Local\Programs\Python\Python312\tcl\tk8.6\ttk\vistaTheme.tcl
2026-03-02 11:40:09 | MODIFIED | C:\Windows\Fonts\symbol.ttf
2026-03-02 11:40:09 | MODIFIED | C:\Users\hp world\AppData\Local\Programs\Python\Python312\tcl\tcl8.6\encoding\symbol.enc
2026-03-02 11:40:09 | MODIFIED | C:\Windows\Fonts\l_10646.ttf
2026-03-02 11:40:09 | MODIFIED | C:\Windows\Fonts\dosapp.fon
2026-03-02 11:40:09 | MODIFIED | C:\Windows\Fonts\modern.fon
2026-03-02 11:40:09 | MODIFIED | C:\Windows\Fonts\roman.fon
2026-03-02 11:40:09 | MODIFIED | C:\Windows\Fonts\script.fon
2026-03-02 11:40:09 | MODIFIED | C:\Windows\Fonts\smalle.fon
2026-03-02 11:40:09 | MODIFIED | C:\Windows\Fonts\ariblk.ttf
2026-03-02 11:40:09 | MODIFIED | C:\Windows\Fonts\bahnschrift.ttf
2026-03-02 11:40:09 | MODIFIED | C:\Windows\Fonts\calibrib.ttf
2026-03-02 11:40:09 | MODIFIED | C:\Windows\Fonts\calibril.ttf
2026-03-02 11:40:09 | MODIFIED | C:\Windows\Fonts\cambriab.ttf
2026-03-02 11:40:09 | MODIFIED | C:\Windows\Fonts\cambria.ttc
2026-03-02 11:40:09 | MODIFIED | C:\Windows\Fonts\Candarab.ttf
2026-03-02 11:40:09 | MODIFIED | C:\Windows\Fonts\Candaral.ttf
2026-03-02 11:40:09 | MODIFIED | C:\Windows\Fonts\comicbd.ttf
2026-03-02 11:40:09 | MODIFIED | C:\Windows\Fonts\consolab.ttf
2026-03-02 11:40:09 | MODIFIED | C:\Windows\Fonts\constanb.ttf
2026-03-02 11:40:09 | MODIFIED | C:\Windows\Fonts\corbelb.ttf
2026-03-02 11:40:09 | MODIFIED | C:\Windows\Fonts\corbell.ttf
2026-03-02 11:40:09 | MODIFIED | C:\Windows\Fonts\ebrimabd.ttf
2026-03-02 11:40:09 | MODIFIED | C:\Windows\Fonts\framd.ttf
2026-03-02 11:40:09 | MODIFIED | C:\Windows\Fonts\Gabriola.ttf
2026-03-02 11:40:09 | MODIFIED | C:\Windows\Fonts\gadugib.ttf
2026-03-02 11:40:09 | MODIFIED | C:\Windows\Fonts\georgiab.ttf
2026-03-02 11:40:09 | MODIFIED | C:\Windows\Fonts\impact.ttf
2026-03-02 11:40:09 | MODIFIED | C:\Windows\Fonts\Inkfree.ttf
2026-03-02 11:40:09 | MODIFIED | C:\Windows\Fonts\javatext.ttf
2026-03-02 11:40:09 | MODIFIED | C:\Windows\Fonts\LeelaUIb.ttf
2026-03-02 11:40:09 | MODIFIED | C:\Windows\Fonts\LeelUIsl.ttf
2026-03-02 11:40:09 | MODIFIED | C:\Windows\Fonts\lucon.ttf
2026-03-02 11:40:09 | MODIFIED | C:\Windows\Fonts\malgunbd.ttf
2026-03-02 11:40:09 | MODIFIED | C:\Windows\Fonts\malgunsl.ttf
2026-03-02 11:40:09 | MODIFIED | C:\Windows\Fonts\himalaya.ttf
2026-03-02 11:40:09 | MODIFIED | C:\Windows\Fonts\msjhbd.ttc
2026-03-02 11:40:09 | MODIFIED | C:\Windows\Fonts\msjhl.ttc
2026-03-02 11:40:09 | MODIFIED | C:\Windows\Fonts\ntailub.ttf
2026-03-02 11:40:09 | MODIFIED | C:\Windows\Fonts\phagspab.ttf
2026-03-02 11:40:09 | MODIFIED | C:\Windows\Fonts\taileb.ttf
2026-03-02 11:40:09 | MODIFIED | C:\Windows\Fonts\msyhbd.ttc
2026-03-02 11:40:09 | MODIFIED | C:\Windows\Fonts\msyhl.ttc
2026-03-02 11:40:09 | MODIFIED | C:\Windows\Fonts\msyi.ttf
2026-03-02 11:40:09 | MODIFIED | C:\Windows\Fonts\mingliub.ttc
2026-03-02 11:40:09 | MODIFIED | C:\Windows\Fonts\monbaiti.ttf
2026-03-02 11:40:09 | MODIFIED | C:\Windows\Fonts\mvboli.ttf
2026-03-02 11:40:09 | MODIFIED | C:\Windows\Fonts\mmrtextb.ttf
2026-03-02 11:40:09 | MODIFIED | C:\Windows\Fonts\Nirmala.ttc
2026-03-02 11:40:09 | MODIFIED | C:\Windows\Fonts\palab.ttf
2026-03-02 11:40:09 | MODIFIED | C:\Windows\Fonts\SansSerifCollection.ttf
2026-03-02 11:40:09 | MODIFIED | C:\Windows\Fonts\SegoeIcons.ttf
2026-03-02 11:40:09 | MODIFIED | C:\Windows\Fonts\segoeprb.ttf
2026-03-02 11:40:09 | MODIFIED | C:\Windows\Fonts\segoescb.ttf
2026-03-02 11:40:09 | MODIFIED | C:\Windows\Fonts\seguibl.ttf
2026-03-02 11:40:09 | MODIFIED | C:\Windows\Fonts\seguiemj.ttf
2026-03-02 11:40:09 | MODIFIED | C:\Windows\Fonts\seguihis.ttf
2026-03-02 11:40:09 | MODIFIED | C:\Windows\Fonts\segoeuil.ttf
2026-03-02 11:40:09 | MODIFIED | C:\Windows\Fonts\segoeuisl.ttf
2026-03-02 11:40:09 | MODIFIED | C:\Windows\Fonts\simsunb.ttf
2026-03-02 11:40:09 | MODIFIED | C:\Windows\Fonts\SitkaVF.ttf
2026-03-02 11:40:09 | MODIFIED | C:\Windows\Fonts\sylfaen.ttf
2026-03-02 11:40:09 | MODIFIED | C:\Windows\Fonts\tahomabd.ttf
2026-03-02 11:40:09 | MODIFIED | C:\Windows\Fonts\timesbd.ttf
2026-03-02 11:40:09 | MODIFIED | C:\Windows\Fonts\trebucbd.ttf
2026-03-02 11:40:09 | MODIFIED | C:\Windows\Fonts\verdanab.ttf
2026-03-02 11:40:09 | MODIFIED | C:\Windows\Fonts\webdings.ttf
2026-03-02 11:40:09 | MODIFIED | C:\Windows\Fonts\wingding.ttf
2026-03-02 11:40:09 | MODIFIED | C:\Windows\Fonts\YuGothB.ttc
2026-03-02 11:40:09 | MODIFIED | C:\Windows\Fonts\YuGothL.ttc
2026-03-02 11:40:09 | MODIFIED | C:\Windows\Fonts\YuGothR.ttc
2026-03-02 11:40:09 | MODIFIED | C:\Windows\Fonts\SimsunExtG.ttf
2026-03-02 11:40:09 | MODIFIED | C:\Windows\Fonts\AGENCYB.TTF
2026-03-02 11:40:09 | MODIFIED | C:\Windows\Fonts\ALGER.TTF
2026-03-02 11:40:09 | MODIFIED | C:\Windows\Fonts\ANTQUAB.TTF
2026-03-02 11:40:09 | MODIFIED | C:\Windows\Fonts\ARIALNB.TTF
2026-03-02 11:40:09 | MODIFIED | C:\Windows\Fonts\ARLRDBD.TTF
2026-03-02 11:40:09 | MODIFIED | C:\Windows\Fonts\BASKVILL.TTF
2026-03-02 11:40:09 | MODIFIED | C:\Windows\Fonts\BAUHS93.TTF
2026-03-02 11:40:09 | MODIFIED | C:\Windows\Fonts\BELLB.TTF
2026-03-02 11:40:09 | MODIFIED | C:\Windows\Fonts\BERNHC.TTF
2026-03-02 11:40:09 | MODIFIED | C:\Windows\Fonts\BOD_B.TTF
2026-03-02 11:40:09 | MODIFIED | C:\Windows\Fonts\BOD_BLAR.TTF
2026-03-02 11:40:09 | MODIFIED | C:\Windows\Fonts\BOD_CB.TTF
2026-03-02 11:40:09 | MODIFIED | C:\Windows\Fonts\BOD_PSTC.TTF
2026-03-02 11:40:09 | MODIFIED | C:\Windows\Fonts\BOOKOSB.TTF
2026-03-02 11:40:09 | MODIFIED | C:\Windows\Fonts\BRADHITC.TTF
2026-03-02 11:40:09 | MODIFIED | C:\Windows\Fonts\BRITANIC.TTF
2026-03-02 11:40:09 | MODIFIED | C:\Windows\Fonts\BRLNSB.TTF
2026-03-02 11:40:09 | MODIFIED | C:\Windows\Fonts\BRLNSDB.TTF
2026-03-02 11:40:09 | MODIFIED | C:\Windows\Fonts\BROADW.TTF
2026-03-02 11:40:09 | MODIFIED | C:\Windows\Fonts\BRUSHSCI.TTF
2026-03-02 11:40:09 | MODIFIED | C:\Windows\Fonts\BSSYM7.TTF
2026-03-02 11:40:09 | MODIFIED | C:\Windows\Fonts\CALIFB.TTF
2026-03-02 11:40:09 | MODIFIED | C:\Windows\Fonts\CALISTB.TTF
2026-03-02 11:40:09 | MODIFIED | C:\Windows\Fonts\CASTELAR.TTF
2026-03-02 11:40:09 | MODIFIED | C:\Windows\Fonts\SCHLBKB.TTF
2026-03-02 11:40:09 | MODIFIED | C:\Windows\Fonts\CENTAUR.TTF
2026-03-02 11:40:09 | MODIFIED | C:\Windows\Fonts\CENTURY.TTF
2026-03-02 11:40:09 | MODIFIED | C:\Windows\Fonts\CHILLER.TTF
2026-03-02 11:40:09 | MODIFIED | C:\Windows\Fonts\COLONNA.TTF
2026-03-02 11:40:09 | MODIFIED | C:\Windows\Fonts\COOPBL.TTF
2026-03-02 11:40:09 | MODIFIED | C:\Windows\Fonts\COPRGTB.TTF
2026-03-02 11:40:09 | MODIFIED | C:\Windows\Fonts\COPRGTL.TTF
2026-03-02 11:40:09 | MODIFIED | C:\Windows\Fonts\CURLZ___.TTF
2026-03-02 11:40:09 | MODIFIED | C:\Windows\Fonts\DUBAI-BOLD.TTF
2026-03-02 11:40:09 | MODIFIED | C:\Windows\Fonts\DUBAI-LIGHT.TTF
2026-03-02 11:40:09 | MODIFIED | C:\Windows\Fonts\DUBAI-MEDIUM.TTF
2026-03-02 11:40:09 | MODIFIED | C:\Windows\Fonts\ELEPHNT.TTF
2026-03-02 11:40:09 | MODIFIED | C:\Windows\Fonts\ENGR.TTF
2026-03-02 11:40:09 | MODIFIED | C:\Windows\Fonts\ERASBD.TTF
2026-03-02 11:40:09 | MODIFIED | C:\Windows\Fonts\ERASDEMI.TTF
2026-03-02 11:40:09 | MODIFIED | C:\Windows\Fonts\ERASLGHT.TTF
2026-03-02 11:40:09 | MODIFIED | C:\Windows\Fonts\ERASMD.TTF
2026-03-02 11:40:09 | MODIFIED | C:\Windows\Fonts\FELIXTI.TTF
2026-03-02 11:40:09 | MODIFIED | C:\Windows\Fonts\FORTE.TTF
2026-03-02 11:40:09 | MODIFIED | C:\Windows\Fonts\FRABK.TTF
2026-03-02 11:40:09 | MODIFIED | C:\Windows\Fonts\FRADM.TTF
2026-03-02 11:40:09 | MODIFIED | C:\Windows\Fonts\FRADMCN.TTF
2026-03-02 11:40:09 | MODIFIED | C:\Windows\Fonts\FRAHV.TTF
2026-03-02 11:40:09 | MODIFIED | C:\Windows\Fonts\FRAMDCN.TTF
2026-03-02 11:40:09 | MODIFIED | C:\Windows\Fonts\FREESCPT.TTF
2026-03-02 11:40:09 | MODIFIED | C:\Windows\Fonts\FRSCRIPT.TTF
2026-03-02 11:40:09 | MODIFIED | C:\Windows\Fonts\FTLTLT.TTF
2026-03-02 11:40:09 | MODIFIED | C:\Windows\Fonts\GARABD.TTF
2026-03-02 11:40:09 | MODIFIED | C:\Windows\Fonts\GIGI.TTF
2026-03-02 11:40:09 | MODIFIED | C:\Windows\Fonts\GILB____.TTF
2026-03-02 11:40:09 | MODIFIED | C:\Windows\Fonts\GILC____.TTF
2026-03-02 11:40:09 | MODIFIED | C:\Windows\Fonts\GILLUBCD.TTF
2026-03-02 11:40:09 | MODIFIED | C:\Windows\Fonts\GILSANUB.TTF
2026-03-02 11:40:09 | MODIFIED | C:\Windows\Fonts\GLECB.TTF
2026-03-02 11:40:09 | MODIFIED | C:\Windows\Fonts\GLSNECB.TTF
2026-03-02 11:40:09 | MODIFIED | C:\Windows\Fonts\GOTHICB.TTF
2026-03-02 11:40:09 | MODIFIED | C:\Windows\Fonts\GOUDOSB.TTF
2026-03-02 11:40:09 | MODIFIED | C:\Windows\Fonts\GOUDYSTO.TTF
2026-03-02 11:40:09 | MODIFIED | C:\Windows\Fonts\HARLOWSI.TTF
2026-03-02 11:40:09 | MODIFIED | C:\Windows\Fonts\HARNGTON.TTF
2026-03-02 11:40:09 | MODIFIED | C:\Windows\Fonts\HATTEN.TTF
2026-03-02 11:40:09 | MODIFIED | C:\Windows\Fonts\HTOWERT.TTF
2026-03-02 11:40:09 | MODIFIED | C:\Windows\Fonts\IMPRISHA.TTF
2026-03-02 11:40:09 | MODIFIED | C:\Windows\Fonts\INFROMAN.TTF
2026-03-02 11:40:09 | MODIFIED | C:\Windows\Fonts\ITCBLKAD.TTF
2026-03-02 11:40:09 | MODIFIED | C:\Windows\Fonts\ITCEDSCR.TTF
2026-03-02 11:40:09 | MODIFIED | C:\Windows\Fonts\ITCKRIST.TTF
2026-03-02 11:40:09 | MODIFIED | C:\Windows\Fonts\JOKERMAN.TTF
2026-03-02 11:40:09 | MODIFIED | C:\Windows\Fonts\JUICE___.TTF
2026-03-02 11:40:09 | MODIFIED | C:\Windows\Fonts\KUNSTLER.TTF
2026-03-02 11:40:09 | MODIFIED | C:\Windows\Fonts\LATINWD.TTF
2026-03-02 11:40:09 | MODIFIED | C:\Windows\Fonts\LBRITED.TTF
2026-03-02 11:40:09 | MODIFIED | C:\Windows\Fonts\LCALLIG.TTF
2026-03-02 11:40:09 | MODIFIED | C:\Windows\Fonts\LFAXD.TTF
2026-03-02 11:40:09 | MODIFIED | C:\Windows\Fonts\LHANDW.TTF
2026-03-02 11:40:09 | MODIFIED | C:\Windows\Fonts\LSANSD.TTF
2026-03-02 11:40:09 | MODIFIED | C:\Windows\Fonts\LTYPEB.TTF
2026-03-02 11:40:09 | MODIFIED | C:\Windows\Fonts\MAGNETOB.TTF
2026-03-02 11:40:09 | MODIFIED | C:\Windows\Fonts\MAIAN.TTF
2026-03-02 11:40:09 | MODIFIED | C:\Windows\Fonts\MATURASC.TTF
2026-03-02 11:40:09 | MODIFIED | C:\Windows\Fonts\MISTRAL.TTF
2026-03-02 11:40:09 | MODIFIED | C:\Windows\Fonts\MOD20.TTF
2026-03-02 11:40:09 | MODIFIED | C:\Windows\Fonts\MTCORSVA.TTF
2026-03-02 11:40:09 | MODIFIED | C:\Windows\Fonts\MTEXTRA.TTF
2026-03-02 11:40:09 | MODIFIED | C:\Windows\Fonts\NIAGENG.TTF
2026-03-02 11:40:09 | MODIFIED | C:\Windows\Fonts\NIAGSOL.TTF
2026-03-02 11:40:09 | MODIFIED | C:\Windows\Fonts\OCRAEXT.TTF
2026-03-02 11:40:09 | MODIFIED | C:\Windows\Fonts\OLDENGL.TTF
2026-03-02 11:40:09 | MODIFIED | C:\Windows\Fonts\ONYX.TTF
2026-03-02 11:40:09 | MODIFIED | C:\Windows\Fonts\OUTLOOK.TTF
2026-03-02 11:40:09 | MODIFIED | C:\Windows\Fonts\PALSCRI.TTF
2026-03-02 11:40:09 | MODIFIED | C:\Windows\Fonts\PAPYRUS.TTF
2026-03-02 11:40:09 | MODIFIED | C:\Windows\Fonts\PARCHM.TTF
2026-03-02 11:40:09 | MODIFIED | C:\Windows\Fonts\PERB____.TTF
2026-03-02 11:40:09 | MODIFIED | C:\Windows\Fonts\PERTIBD.TTF
2026-03-02 11:40:09 | MODIFIED | C:\Windows\Fonts\PLAYBILL.TTF
2026-03-02 11:40:09 | MODIFIED | C:\Windows\Fonts\POORICH.TTF
2026-03-02 11:40:09 | MODIFIED | C:\Windows\Fonts\PRISTINA.TTF
2026-03-02 11:40:09 | MODIFIED | C:\Windows\Fonts\RAGE.TTF
2026-03-02 11:40:09 | MODIFIED | C:\Windows\Fonts\RAVIE.TTF
2026-03-02 11:40:09 | MODIFIED | C:\Windows\Fonts\REFSAN.TTF
2026-03-02 11:40:09 | MODIFIED | C:\Windows\Fonts\REFSPCL.TTF
2026-03-02 11:40:09 | MODIFIED | C:\Windows\Fonts\ROCCB___.TTF
2026-03-02 11:40:09 | MODIFIED | C:\Windows\Fonts\ROCKB.TTF
2026-03-02 11:40:09 | MODIFIED | C:\Windows\Fonts\ROCKEB.TTF
2026-03-02 11:40:09 | MODIFIED | C:\Windows\Fonts\SCRIPTBL.TTF
2026-03-02 11:40:09 | MODIFIED | C:\Windows\Fonts\SHOWG.TTF
2026-03-02 11:40:09 | MODIFIED | C:\Windows\Fonts\SNAP____.TTF
2026-03-02 11:40:09 | MODIFIED | C:\Windows\Fonts\STENCIL.TTF
2026-03-02 11:40:09 | MODIFIED | C:\Windows\Fonts\TCB_____.TTF
2026-03-02 11:40:09 | MODIFIED | C:\Windows\Fonts\TCCB____.TTF
2026-03-02 11:40:09 | MODIFIED | C:\Windows\Fonts\TCCEB.TTF
2026-03-02 11:40:09 | MODIFIED | C:\Windows\Fonts\TEMPSITC.TTF
2026-03-02 11:40:09 | MODIFIED | C:\Windows\Fonts\VINERITC.TTF
2026-03-02 11:40:09 | MODIFIED | C:\Windows\Fonts\VIVALDII.TTF
2026-03-02 11:40:09 | MODIFIED | C:\Windows\Fonts\VLADIMIR.TTF
2026-03-02 11:40:09 | MODIFIED | C:\Windows\Fonts\WINGDNG2.TTF
2026-03-02 11:40:09 | MODIFIED | C:\Windows\Fonts\WINGDNG3.TTF
2026-03-02 11:40:09 | MODIFIED | C:\Windows\Fonts\HPSimplified.ttf
2026-03-02 11:40:09 | MODIFIED | C:\Windows\Fonts\HPSimplified_Lt.ttf
2026-03-02 11:40:09 | MODIFIED | C:\Windows\Fonts\hpsimplifiedjpan-light.ttf
2026-03-02 11:40:09 | MODIFIED | C:\Windows\Fonts\hpsimplifiedjpan-regular.ttf
2026-03-02 11:40:09 | MODIFIED | C:\Windows\Fonts\hpsimplifiedhans-light.ttf
2026-03-02 11:40:09 | MODIFIED | C:\Windows\Fonts\hpsimplifiedhans-regular.ttf
2026-03-02 11:40:09 | MODIFIED | C:\Windows\Fonts\Montserrat-Medium.ttf
2026-03-02 11:40:09 | MODIFIED | C:\Windows\Fonts\Montserrat-Regular.ttf
2026-03-02 11:40:09 | MODIFIED | C:\Windows\Fonts\arialbd.ttf
2026-03-02 11:40:12 | MODIFIED | C:\Users\hp world\AppData\Local\Microsoft\OneDrive\logs\Personal\SyncEngine-2026-03-02.0609.22380.240.aodl
2026-03-02 11:40:12 | MODIFIED | C:\Windows\Panther\monitor\WinSetupMon.log
2026-03-02 11:40:12 | CREATED | C:\Users\hp world\AppData\Local\Microsoft\OneDrive\logs\Personal\SyncEngine-2026-03-02.0610.22380.241.aodl
2026-03-02 11:40:12 | MODIFIED | C:\Users\hp world\AppData\Local\Microsoft\OneDrive\logs\Personal\SyncEngine-2026-03-02.0610.22380.241.aodl
2026-03-02 11:40:13 | MODIFIED | C:\Users\hp world\AppData\Local\Microsoft\OneDrive\logs\Personal\SyncEngine-2026-03-02.0610.22380.241.aodl
2026-03-02 11:40:13 | MODIFIED | C:\Windows\Panther\monitor\WinSetupMon.log
2026-03-02 11:40:13 | CREATED | C:\Users\hp world\AppData\Local\Microsoft\OneDrive\logs\Personal\SyncEngine-2026-03-02.0610.22380.242.aodl
2026-03-02 11:40:13 | MODIFIED | C:\Users\hp world\AppData\Local\Microsoft\OneDrive\logs\Personal\SyncEngine-2026-03-02.0610.22380.242.aodl
2026-03-02 11:40:14 | MODIFIED | C:\Users\hp world\AppData\Local\Microsoft\OneDrive\logs\Personal\SyncEngine-2026-03-02.0610.22380.242.aodl
2026-03-02 11:40:14 | MODIFIED | C:\Windows\Panther\monitor\WinSetupMon.log
2026-03-02 11:40:14 | CREATED | C:\Users\hp world\AppData\Local\Microsoft\OneDrive\logs\Personal\SyncEngine-2026-03-02.0610.22380.243.aodl
2026-03-02 11:40:14 | MODIFIED | C:\Users\hp world\AppData\Local\Microsoft\OneDrive\logs\Personal\SyncEngine-2026-03-02.0610.22380.243.aodl
2026-03-02 11:40:14 | MODIFIED | C:\Users\hp world\AppData\Local\Google\Chrome\User Data\Default\Network\Cookies-journal
2026-03-02 11:40:14 | MODIFIED | C:\Users\hp world\AppData\Local\Google\Chrome\User Data\Default\Network\Cookies-journal
2026-03-02 11:40:14 | MODIFIED | C:\Users\hp world\AppData\Local\Google\Chrome\User Data\Default\Network\Cookies
2026-03-02 11:40:14 | MODIFIED | C:\Users\hp world\AppData\Local\Google\Chrome\User Data\Default\Network\Cookies-journal
2026-03-02 11:40:14 | MODIFIED | C:\Users\hp world\AppData\Local\Microsoft\OneDrive\logs\Personal\SyncEngine-2026-03-02.0610.22380.243.aodl
2026-03-02 11:40:14 | MODIFIED | C:\Windows\Panther\monitor\WinSetupMon.log
2026-03-02 11:40:14 | CREATED | C:\Users\hp world\AppData\Local\Microsoft\OneDrive\logs\Personal\SyncEngine-2026-03-02.0610.22380.244.aodl
2026-03-02 11:40:14 | MODIFIED | C:\Users\hp world\AppData\Local\Microsoft\OneDrive\logs\Personal\SyncEngine-2026-03-02.0610.22380.244.aodl
2026-03-02 11:40:16 | MODIFIED | C:\Users\hp world\AppData\Local\Microsoft\OneDrive\logs\Personal\SyncEngine-2026-03-02.0610.22380.244.aodl
2026-03-02 11:40:16 | MODIFIED | C:\Windows\Panther\monitor\WinSetupMon.log
2026-03-02 11:40:16 | CREATED | C:\Users\hp world\AppData\Local\Microsoft\OneDrive\logs\Personal\SyncEngine-2026-03-02.0610.22380.245.aodl
2026-03-02 11:40:17 | MODIFIED | C:\Users\hp world\AppData\Local\Microsoft\OneDrive\logs\Personal\SyncEngine-2026-03-02.0610.22380.245.aodl
2026-03-02 11:40:17 | MODIFIED | C:\Windows\Panther\monitor\WinSetupMon.log
2026-03-02 11:40:17 | MODIFIED | C:\Users\hp world\AppData\Local\Microsoft\OneDrive\logs\Personal\SyncEngine-2026-03-02.0610.22380.245.odl
2026-03-02 11:40:17 | CREATED | C:\Users\hp world\AppData\Local\Microsoft\OneDrive\logs\Personal\SyncEngine-2026-03-02.0610.22380.246.aodl
2026-03-02 11:40:17 | MODIFIED | C:\Users\hp world\AppData\Local\Microsoft\OneDrive\logs\Personal\SyncEngine-2026-03-02.0610.22380.246.aodl
2026-03-02 11:40:17 | MODIFIED | C:\Windows\Panther\monitor\WinSetupMon.log
2026-03-02 11:40:17 | CREATED | C:\Users\hp world\AppData\Local\Microsoft\OneDrive\logs\Personal\SyncEngine-2026-03-02.0610.22380.247.aodl
2026-03-02 11:40:17 | MODIFIED | C:\Users\hp world\AppData\Local\Microsoft\OneDrive\logs\Personal\SyncEngine-2026-03-02.0610.22380.247.aodl
2026-03-02 11:40:17 | MODIFIED | C:\Users\hp world\AppData\Local\Microsoft\OneDrive\logs\Personal\SyncEngine-2026-03-02.0610.22380.247.aodl
2026-03-02 11:40:18 | MODIFIED | C:\Users\hp world\AppData\Local\Microsoft\OneDrive\logs\Personal\SyncEngine-2026-03-02.0610.22380.247.aodl
2026-03-02 11:40:18 | MODIFIED | C:\Windows\Panther\monitor\WinSetupMon.log
2026-03-02 11:40:18 | CREATED | C:\Users\hp world\AppData\Local\Microsoft\OneDrive\logs\Personal\SyncEngine-2026-03-02.0610.22380.248.aodl
2026-03-02 11:40:18 | MODIFIED | C:\Users\hp world\AppData\Local\Microsoft\OneDrive\logs\Personal\SyncEngine-2026-03-02.0610.22380.248.aodl
2026-03-02 11:40:18 | MODIFIED | C:\Users\hp world\AppData\Local\Microsoft\OneDrive\logs\Personal\SyncEngine-2026-03-02.0610.22380.248.aodl
2026-03-02 11:40:18 | MODIFIED | C:\Users\hp world\AppData\Local\Microsoft\OneDrive\logs\Personal\SyncEngine-2026-03-02.0610.22380.248.aodl
2026-03-02 11:40:18 | MODIFIED | C:\Users\hp world\AppData\Local\Microsoft\OneDrive\logs\Personal\SyncEngine-2026-03-02.0610.22380.248.aodl
2026-03-02 11:40:18 | MODIFIED | C:\Users\hp world\AppData\Local\Microsoft\OneDrive\logs\Personal\SyncEngine-2026-03-02.0610.22380.248.aodl
2026-03-02 11:40:18 | MODIFIED | C:\Windows\Panther\monitor\WinSetupMon.log
2026-03-02 11:40:18 | CREATED | C:\Users\hp world\AppData\Local\Microsoft\OneDrive\logs\Personal\SyncEngine-2026-03-02.0610.22380.249.aodl
2026-03-02 11:40:18 | MODIFIED | C:\Users\hp world\AppData\Local\Microsoft\OneDrive\logs\Personal\SyncEngine-2026-03-02.0610.22380.249.aodl
2026-03-02 11:40:18 | MODIFIED | C:\Users\hp world\AppData\Local\Microsoft\OneDrive\logs\Personal\SyncEngine-2026-03-02.0610.22380.249.aodl
2026-03-02 11:40:18 | MODIFIED | C:\Users\hp world\AppData\Local\Microsoft\OneDrive\logs\Personal\SyncEngine-2026-03-02.0610.22380.249.aodl
2026-03-02 11:40:18 | MODIFIED | C:\Users\hp world\AppData\Local\Microsoft\OneDrive\logs\Personal\SyncEngine-2026-03-02.0610.22380.249.aodl
2026-03-02 11:40:18 | MODIFIED | C:\Users\hp world\AppData\Local\Microsoft\OneDrive\logs\Personal\SyncEngine-2026-03-02.0610.22380.249.aodl
2026-03-02 11:40:18 | MODIFIED | C:\Users\hp world\AppData\Local\Microsoft\OneDrive\logs\Personal\SyncEngine-2026-03-02.0610.22380.249.aodl
2026-03-02 11:40:18 | MODIFIED | C:\Users\hp world\AppData\Local\Microsoft\OneDrive\logs\Personal\SyncEngine-2026-03-02.0610.22380.249.aodl
2026-03-02 11:40:18 | MODIFIED | C:\ProgramData\Microsoft\Search\Data\Applications\Windows\Windows-gather.db-wal
2026-03-02 11:40:18 | MODIFIED | C:\Users\hp world\AppData\Local\Packages\AD2F1837.OMENCommandCenter_v10z8vjag6ke6\LocalCache\Local\HPOMEN\HPOMENBG_20260302.log
2026-03-02 11:40:18 | MODIFIED | C:\Users\hp world\AppData\Local\Microsoft\OneDrive\logs\Personal\SyncEngine-2026-03-02.0610.22380.249.aodl
2026-03-02 11:40:18 | MODIFIED | C:\Windows\Panther\monitor\WinSetupMon.log
2026-03-02 11:40:18 | CREATED | C:\Users\hp world\AppData\Local\Microsoft\OneDrive\logs\Personal\SyncEngine-2026-03-02.0610.22380.250.aodl
2026-03-02 11:40:19 | MODIFIED | C:\Users\hp world\AppData\Local\Microsoft\OneDrive\logs\Personal\SyncEngine-2026-03-02.0610.22380.250.aodl
2026-03-02 11:40:19 | MODIFIED | C:\Windows\Panther\monitor\WinSetupMon.log
2026-03-02 11:40:19 | CREATED | C:\Users\hp world\AppData\Local\Microsoft\OneDrive\logs\Personal\SyncEngine-2026-03-02.0610.22380.251.aodl
2026-03-02 11:40:19 | MODIFIED | C:\Users\hp world\AppData\Local\Microsoft\OneDrive\settings\Personal\SettingsDatabase.db-wal
2026-03-02 11:40:19 | MODIFIED | C:\Users\hp world\AppData\Local\Microsoft\OneDrive\settings\Personal\SyncEngineDatabase.db-wal
2026-03-02 11:40:20 | MODIFIED | C:\Users\hp world\AppData\Local\Microsoft\OneDrive\logs\Personal\SyncEngine-2026-03-02.0610.22380.251.aodl
2026-03-02 11:40:20 | MODIFIED | C:\Windows\Panther\monitor\WinSetupMon.log
2026-03-02 11:40:20 | MODIFIED | C:\Users\hp world\AppData\Local\Microsoft\OneDrive\logs\Personal\SyncEngine-2026-03-02.0610.22380.251.odl
2026-03-02 11:40:20 | CREATED | C:\Users\hp world\AppData\Local\Microsoft\OneDrive\logs\Personal\SyncEngine-2026-03-02.0610.22380.252.aodl
2026-03-02 11:40:20 | MODIFIED | C:\Users\hp world\AppData\Local\Microsoft\OneDrive\logs\Personal\SyncEngine-2026-03-02.0610.22380.252.aodl
2026-03-02 11:40:21 | CREATED | C:\Users\hp world\AppData\Roaming\Code\User\workspaceStorage\16b7c7ad893b27922f971aa5ea6645b5\state.vscdb-journal
2026-03-02 11:40:21 | MODIFIED | C:\Users\hp world\AppData\Roaming\Code\User\workspaceStorage\16b7c7ad893b27922f971aa5ea6645b5\state.vscdb-journal
2026-03-02 11:40:21 | MODIFIED | C:\Users\hp world\AppData\Roaming\Code\User\workspaceStorage\16b7c7ad893b27922f971aa5ea6645b5\state.vscdb-journal
2026-03-02 11:40:21 | MODIFIED | C:\Users\hp world\AppData\Roaming\Code\User\workspaceStorage\16b7c7ad893b27922f971aa5ea6645b5\state.vscdb-journal
2026-03-02 11:40:21 | MODIFIED | C:\Users\hp world\AppData\Roaming\Code\User\workspaceStorage\16b7c7ad893b27922f971aa5ea6645b5\state.vscdb-journal
2026-03-02 11:40:21 | MODIFIED | C:\Users\hp world\AppData\Roaming\Code\User\workspaceStorage\16b7c7ad893b27922f971aa5ea6645b5\state.vscdb
2026-03-02 11:40:21 | MODIFIED | C:\Users\hp world\AppData\Roaming\Code\User\workspaceStorage\16b7c7ad893b27922f971aa5ea6645b5\state.vscdb-journal
2026-03-02 11:40:21 | MODIFIED | C:\Windows\Panther\monitor\WinSetupMon.log
2026-03-02 11:44:51 | CREATED | C:\Users\hp world\AppData\Roaming\Code\CachedData\072586267e68ece9a47aa43f8c108e0dcbf44622\chrome\js\index-dir\temp-index
2026-03-02 11:44:51 | CREATED | C:\Users\hp world\AppData\Roaming\Code\CachedData\072586267e68ece9a47aa43f8c108e0dcbf44622\chrome\js\index-dir\the-real-index~RF2d61503.TMP
2026-03-02 11:44:52 | CREATED | C:\Users\hp world\AppData\Local\Microsoft\OneDrive\logs\Personal\SyncEngine-2026-03-02.0614.22380.312.aodl
2026-03-02 11:44:52 | CREATED | C:\Users\hp world\AppData\Roaming\Code\User\workspaceStorage\16b7c7ad893b27922f971aa5ea6645b5\state.vscdb-journal
2026-03-02 11:44:53 | CREATED | C:\Users\hp world\AppData\Local\Microsoft\OneDrive\logs\Personal\SyncEngine-2026-03-02.0614.22380.313.aodl
2026-03-02 11:44:54 | CREATED | C:\Users\hp world\AppData\Roaming\Code\User\workspaceStorage\16b7c7ad893b27922f971aa5ea6645b5\state.vscdb-journal
2026-03-02 11:44:54 | CREATED | C:\Users\hp world\AppData\Local\Microsoft\OneDrive\logs\Personal\SyncEngine-2026-03-02.0614.22380.314.aodl
2026-03-02 11:44:55 | CREATED | C:\Users\hp world\AppData\Local\Microsoft\OneDrive\logs\Personal\SyncEngine-2026-03-02.0614.22380.315.aodl
2026-03-02 11:44:55 | CREATED | C:\Users\hp world\AppData\Local\Microsoft\OneDrive\logs\Personal\SyncEngine-2026-03-02.0614.22380.316.aodl
2026-03-02 11:44:56 | CREATED | C:\Users\hp world\AppData\Local\Microsoft\OneDrive\logs\Personal\SyncEngine-2026-03-02.0614.22380.317.aodl
2026-03-02 11:44:57 | CREATED | C:\Users\hp world\AppData\Local\Microsoft\OneDrive\logs\Personal\SyncEngine-2026-03-02.0614.22380.318.aodl
2026-03-02 11:44:58 | CREATED | C:\Users\hp world\AppData\Local\Microsoft\OneDrive\logs\Personal\SyncEngine-2026-03-02.0614.22380.319.aodl
2026-03-02 11:44:59 | CREATED | C:\Users\hp world\AppData\Local\Microsoft\OneDrive\logs\Personal\SyncEngine-2026-03-02.0614.22380.320.aodl
2026-03-02 11:44:59 | CREATED | C:\Users\hp world\AppData\Local\Microsoft\OneDrive\logs\Personal\SyncEngine-2026-03-02.0614.22380.321.aodl
2026-03-02 11:45:00 | CREATED | C:\Users\hp world\AppData\Local\Microsoft\OneDrive\logs\Personal\SyncEngine-2026-03-02.0615.22380.322.aodl
2026-03-02 11:45:00 | CREATED | C:\Users\hp world\AppData\Local\Microsoft\OneDrive\logs\Personal\SyncEngine-2026-03-02.0615.22380.323.aodl
2026-03-02 11:45:00 | CREATED | C:\Users\hp world\AppData\Local\Microsoft\OneDrive\logs\Personal\SyncEngine-2026-03-02.0615.22380.324.aodl
2026-03-02 11:45:00 | CREATED | C:\Users\hp world\AppData\Local\Microsoft\OneDrive\logs\Personal\SyncEngine-2026-03-02.0615.22380.325.aodl
2026-03-02 11:45:01 | CREATED | C:\Users\hp world\AppData\Local\Microsoft\OneDrive\logs\Personal\SyncEngine-2026-03-02.0615.22380.326.aodl
2026-03-02 11:45:01 | CREATED | C:\Users\hp world\AppData\Local\Microsoft\OneDrive\logs\Personal\SyncEngine-2026-03-02.0615.22380.327.aodl
2026-03-02 11:45:01 | CREATED | C:\Users\hp world\AppData\Local\Microsoft\OneDrive\logs\Personal\SyncEngine-2026-03-02.0615.22380.328.aodl
2026-03-02 11:45:01 | CREATED | C:\Users\hp world\AppData\Local\Microsoft\OneDrive\logs\Personal\SyncEngine-2026-03-02.0615.22380.329.aodl
2026-03-02 11:45:02 | CREATED | C:\Users\hp world\AppData\Local\Microsoft\OneDrive\logs\Personal\SyncEngine-2026-03-02.0615.22380.330.aodl
2026-03-02 11:45:02 | CREATED | C:\Users\hp world\AppData\Local\Microsoft\OneDrive\logs\Personal\SyncEngine-2026-03-02.0615.22380.331.aodl
2026-03-02 11:45:04 | CREATED | C:\Users\hp world\AppData\Local\Microsoft\OneDrive\logs\Personal\SyncEngine-2026-03-02.0615.22380.332.aodl
2026-03-02 11:45:05 | CREATED | C:\Users\hp world\AppData\Local\Microsoft\OneDrive\logs\Personal\SyncEngine-2026-03-02.0615.22380.333.aodl
2026-03-02 11:45:05 | CREATED | C:\Users\hp world\AppData\Local\Microsoft\OneDrive\logs\Personal\SyncEngine-2026-03-02.0615.22380.334.aodl
2026-03-02 11:45:06 | CREATED | C:\Users\hp world\AppData\Local\Microsoft\OneDrive\logs\Personal\SyncEngine-2026-03-02.0615.22380.335.aodl
2026-03-02 11:45:07 | CREATED | C:\Users\hp world\AppData\Local\Microsoft\OneDrive\logs\Personal\SyncEngine-2026-03-02.0615.22380.336.aodl
2026-03-02 11:45:09 | CREATED | C:\Users\hp world\AppData\Local\Microsoft\OneDrive\logs\Personal\SyncEngine-2026-03-02.0615.22380.337.aodl
2026-03-02 11:45:09 | CREATED | C:\Users\hp world\AppData\Local\Microsoft\OneDrive\logs\Personal\SyncEngine-2026-03-02.0615.22380.338.aodl
2026-03-02 11:45:09 | CREATED | C:\Users\hp world\AppData\Local\Microsoft\OneDrive\logs\Personal\SyncEngine-2026-03-02.0615.22380.339.aodl
2026-03-02 11:45:10 | CREATED | C:\Users\hp world\AppData\Local\Microsoft\OneDrive\logs\Personal\SyncEngine-2026-03-02.0615.22380.340.aodl
2026-03-02 11:45:10 | CREATED | C:\Users\hp world\AppData\Local\Microsoft\OneDrive\logs\Personal\SyncEngine-2026-03-02.0615.22380.341.aodl
2026-03-02 11:45:10 | CREATED | C:\Users\hp world\AppData\Local\Microsoft\OneDrive\logs\Personal\SyncEngine-2026-03-02.0615.22380.342.aodl
2026-03-02 11:45:10 | CREATED | C:\Users\hp world\AppData\Local\Microsoft\OneDrive\logs\Personal\SyncEngine-2026-03-02.0615.22380.343.aodl
2026-03-02 11:45:12 | CREATED | C:\Users\hp world\AppData\Local\Microsoft\OneDrive\logs\Personal\SyncEngine-2026-03-02.0615.22380.344.aodl
2026-03-02 11:45:12 | CREATED | C:\Users\hp world\AppData\Local\Microsoft\OneDrive\logs\Personal\SyncEngine-2026-03-02.0615.22380.345.aodl
2026-03-02 11:45:13 | CREATED | C:\Users\hp world\AppData\Local\Microsoft\OneDrive\logs\Personal\SyncEngine-2026-03-02.0615.22380.346.aodl
2026-03-02 11:45:14 | CREATED | C:\Users\hp world\AppData\Local\Microsoft\OneDrive\logs\Personal\SyncEngine-2026-03-02.0615.22380.347.aodl
2026-03-02 11:45:14 | CREATED | C:\Users\hp world\AppData\Local\Microsoft\OneDrive\logs\Personal\SyncEngine-2026-03-02.0615.22380.348.aodl
2026-03-02 11:45:15 | CREATED | C:\Users\hp world\AppData\Local\Microsoft\OneDrive\logs\Personal\SyncEngine-2026-03-02.0615.22380.349.aodl
2026-03-02 11:45:15 | CREATED | C:\Users\hp world\AppData\Local\Microsoft\OneDrive\logs\Personal\SyncEngine-2026-03-02.0615.22380.350.aodl
2026-03-02 11:45:16 | CREATED | C:\Users\hp world\AppData\Local\Microsoft\OneDrive\logs\Personal\SyncEngine-2026-03-02.0615.22380.351.aodl
2026-03-02 11:45:16 | CREATED | C:\Users\hp world\AppData\Roaming\Code\User\globalStorage\storage.json.vsctmp
2026-03-02 11:45:17 | CREATED | C:\Users\hp world\AppData\Local\Microsoft\OneDrive\logs\Personal\SyncEngine-2026-03-02.0615.22380.352.aodl
2026-03-02 11:45:18 | CREATED | C:\Users\hp world\AppData\Local\Microsoft\OneDrive\logs\Personal\SyncEngine-2026-03-02.0615.22380.353.aodl
2026-03-02 11:45:18 | CREATED | C:\Users\hp world\AppData\Local\Microsoft\OneDrive\logs\Personal\SyncEngine-2026-03-02.0615.22380.354.aodl
2026-03-02 11:45:19 | CREATED | C:\Users\hp world\AppData\Local\Microsoft\OneDrive\logs\Personal\SyncEngine-2026-03-02.0615.22380.355.aodl
2026-03-02 11:45:19 | CREATED | C:\Users\hp world\AppData\Local\Microsoft\OneDrive\logs\Personal\SyncEngine-2026-03-02.0615.22380.356.aodl
2026-03-02 11:45:19 | CREATED | C:\Users\hp world\AppData\Local\Microsoft\OneDrive\logs\Personal\SyncEngine-2026-03-02.0615.22380.357.aodl
2026-03-02 11:45:20 | CREATED | C:\Users\hp world\AppData\Local\Microsoft\OneDrive\logs\Personal\SyncEngine-2026-03-02.0615.22380.358.aodl
2026-03-02 11:45:20 | CREATED | C:\Users\hp world\AppData\Local\Microsoft\OneDrive\logs\Personal\SyncEngine-2026-03-02.0615.22380.359.aodl
2026-03-02 11:45:20 | CREATED | C:\Users\hp world\AppData\Local\Microsoft\OneDrive\logs\Personal\SyncEngine-2026-03-02.0615.22380.360.aodl
2026-03-02 11:45:21 | CREATED | C:\Users\hp world\AppData\Local\Microsoft\OneDrive\logs\Personal\SyncEngine-2026-03-02.0615.22380.361.aodl
2026-03-02 11:45:22 | CREATED | C:\Users\hp world\AppData\Local\Microsoft\OneDrive\logs\Personal\SyncEngine-2026-03-02.0615.22380.362.aodl
2026-03-02 11:45:23 | CREATED | C:\Users\hp world\AppData\Local\Microsoft\OneDrive\logs\Personal\SyncEngine-2026-03-02.0615.22380.363.aodl
2026-03-02 11:45:23 | CREATED | C:\Users\hp world\AppData\Local\Microsoft\OneDrive\logs\Personal\SyncEngine-2026-03-02.0615.22380.364.aodl
2026-03-02 11:45:24 | CREATED | C:\Users\hp world\AppData\Local\Microsoft\OneDrive\logs\Personal\SyncEngine-2026-03-02.0615.22380.365.aodl
2026-03-02 11:45:24 | CREATED | C:\Users\hp world\AppData\Local\Microsoft\OneDrive\logs\Personal\SyncEngine-2026-03-02.0615.22380.366.aodl
2026-03-02 11:45:24 | CREATED | C:\Users\hp world\AppData\Local\Microsoft\OneDrive\logs\Personal\SyncEngine-2026-03-02.0615.22380.367.aodl
2026-03-02 11:45:25 | CREATED | C:\Users\hp world\AppData\Local\Microsoft\OneDrive\logs\Personal\SyncEngine-2026-03-02.0615.22380.368.aodl
2026-03-02 11:45:25 | CREATED | C:\Users\hp world\OneDrive\Desktop\New Text Document.txt
2026-03-02 11:45:26 | CREATED | C:\Users\hp world\AppData\Local\Microsoft\OneDrive\logs\Personal\SyncEngine-2026-03-02.0615.22380.369.aodl
2026-03-02 11:45:27 | CREATED | C:\Users\hp world\AppData\Local\Microsoft\OneDrive\logs\Personal\SyncEngine-2026-03-02.0615.22380.370.aodl
2026-03-02 11:45:27 | CREATED | C:\Users\hp world\AppData\Local\Microsoft\OneDrive\logs\Personal\SyncEngine-2026-03-02.0615.22380.371.aodl
2026-03-02 11:45:28 | CREATED | C:\Users\hp world\AppData\Local\Google\Chrome\User Data\Default\36af1fa3-470c-4b8b-a455-ee7ad7af2e26.tmp
2026-03-02 11:45:28 | CREATED | C:\Users\hp world\AppData\Local\Google\Chrome\User Data\Default\Preferences~RF2d6a4df.TMP
2026-03-02 11:45:28 | CREATED | C:\Users\hp world\AppData\Local\Microsoft\OneDrive\logs\Personal\SyncEngine-2026-03-02.0615.22380.372.aodl
2026-03-02 11:45:28 | CREATED | C:\Users\hp world\AppData\Local\Microsoft\OneDrive\logs\Personal\SyncEngine-2026-03-02.0615.22380.373.aodl
2026-03-02 11:45:29 | CREATED | C:\Users\hp world\AppData\Local\Microsoft\OneDrive\logs\Personal\SyncEngine-2026-03-02.0615.22380.374.aodl
2026-03-02 11:45:29 | CREATED | C:\Users\hp world\AppData\Local\Microsoft\OneDrive\logs\Personal\SyncEngine-2026-03-02.0615.22380.375.aodl
2026-03-02 11:45:31 | CREATED | C:\Users\hp world\AppData\Local\Microsoft\OneDrive\logs\Personal\SyncEngine-2026-03-02.0615.22380.376.aodl
2026-03-02 11:45:32 | CREATED | C:\Users\hp world\AppData\Local\Microsoft\OneDrive\logs\Personal\SyncEngine-2026-03-02.0615.22380.377.aodl
2026-03-02 11:45:32 | CREATED | C:\Users\hp world\AppData\Local\Microsoft\OneDrive\logs\Personal\SyncEngine-2026-03-02.0615.22380.378.aodl
2026-03-02 11:45:33 | CREATED | C:\Users\hp world\AppData\Local\Microsoft\OneDrive\logs\Personal\SyncEngine-2026-03-02.0615.22380.379.aodl
2026-03-02 11:45:34 | CREATED | C:\Users\hp world\AppData\Local\Microsoft\OneDrive\logs\Personal\SyncEngine-2026-03-02.0615.22380.380.aodl
2026-03-02 11:45:34 | CREATED | C:\Users\hp world\AppData\Local\Microsoft\OneDrive\logs\Personal\SyncEngine-2026-03-02.0615.22380.381.aodl
2026-03-02 11:45:35 | CREATED | C:\Users\hp world\AppData\Local\Microsoft\OneDrive\logs\Personal\SyncEngine-2026-03-02.0615.22380.382.aodl
2026-03-02 11:45:36 | CREATED | C:\Users\hp world\AppData\Local\Microsoft\OneDrive\logs\Personal\SyncEngine-2026-03-02.0615.22380.383.aodl
2026-03-02 11:45:36 | CREATED | C:\Users\hp world\AppData\Local\Microsoft\OneDrive\logs\Personal\SyncEngine-2026-03-02.0615.22380.384.aodl
2026-03-02 11:45:36 | CREATED | C:\Users\hp world\AppData\Local\Microsoft\OneDrive\logs\Personal\SyncEngine-2026-03-02.0615.22380.385.aodl
2026-03-02 11:45:37 | CREATED | C:\Users\hp world\AppData\Local\Microsoft\OneDrive\logs\Personal\SyncEngine-2026-03-02.0615.22380.386.aodl
2026-03-02 11:45:37 | CREATED | C:\Users\hp world\AppData\Local\Microsoft\OneDrive\logs\Personal\SyncEngine-2026-03-02.0615.22380.387.aodl
2026-03-02 11:45:37 | CREATED | C:\Users\hp world\AppData\Local\Microsoft\OneDrive\logs\Personal\SyncEngine-2026-03-02.0615.22380.388.aodl
2026-03-02 11:45:38 | CREATED | C:\Users\hp world\AppData\Local\Microsoft\OneDrive\logs\Personal\SyncEngine-2026-03-02.0615.22380.389.aodl
2026-03-02 11:45:39 | CREATED | C:\Users\hp world\AppData\Local\Microsoft\OneDrive\logs\Personal\SyncEngine-2026-03-02.0615.22380.390.aodl
2026-03-02 11:45:40 | CREATED | C:\Users\hp world\AppData\Local\Microsoft\OneDrive\logs\Personal\SyncEngine-2026-03-02.0615.22380.391.aodl
2026-03-02 11:45:41 | CREATED | C:\Users\hp world\AppData\Local\Microsoft\OneDrive\logs\Personal\SyncEngine-2026-03-02.0615.22380.392.aodl
2026-03-02 11:45:41 | CREATED | C:\Users\hp world\AppData\Local\Microsoft\OneDrive\logs\Personal\SyncEngine-2026-03-02.0615.22380.393.aodl
2026-03-02 11:45:41 | CREATED | C:\Users\hp world\AppData\Local\Microsoft\OneDrive\logs\Personal\SyncEngine-2026-03-02.0615.22380.394.aodl
2026-03-02 11:45:42 | CREATED | C:\Users\hp world\AppData\Local\Microsoft\OneDrive\logs\Personal\SyncEngine-2026-03-02.0615.22380.395.aodl
2026-03-02 11:45:42 | CREATED | C:\Users\hp world\AppData\Local\Microsoft\OneDrive\logs\Personal\SyncEngine-2026-03-02.0615.22380.396.aodl
2026-03-02 11:45:43 | CREATED | C:\Users\hp world\AppData\Local\Microsoft\OneDrive\logs\Personal\SyncEngine-2026-03-02.0615.22380.397.aodl
2026-03-02 11:45:43 | CREATED | C:\Users\hp world\AppData\Local\Microsoft\OneDrive\logs\Personal\SyncEngine-2026-03-02.0615.22380.398.aodl
2026-03-02 11:45:44 | CREATED | C:\Users\hp world\AppData\Roaming\Code\User\workspaceStorage\16b7c7ad893b27922f971aa5ea6645b5\state.vscdb-journal
2026-03-02 11:56:59 | CREATED | C:\Users\hp world\AppData\Local\Packages\5319275A.WhatsAppDesktop_cv1g1gvanyjgm\LocalCache\EBWebView\Edge-Local-State-Tmp-e7cf22ed-1cbf-488a-abf3-c89a4ced72e0.tmp
2026-03-02 11:56:59 | CREATED | C:\Users\hp world\AppData\Local\Packages\5319275A.WhatsAppDesktop_cv1g1gvanyjgm\LocalCache\EBWebView\Local State~RF2e13150.TMP
2026-03-02 11:57:00 | CREATED | C:\Users\hp world\AppData\Roaming\Code\User\workspaceStorage\16b7c7ad893b27922f971aa5ea6645b5\state.vscdb-journal
2026-03-02 11:57:01 | CREATED | C:\Users\hp world\AppData\Roaming\Code\User\workspaceStorage\16b7c7ad893b27922f971aa5ea6645b5\state.vscdb-journal
2026-03-02 11:57:01 | CREATED | C:\Users\hp world\AppData\Local\Microsoft\OneDrive\logs\Personal\SyncEngine-2026-03-02.0627.22380.539.aodl
2026-03-02 11:57:02 | CREATED | C:\Users\hp world\AppData\Local\Microsoft\OneDrive\logs\Personal\SyncEngine-2026-03-02.0627.22380.540.aodl
2026-03-02 11:57:02 | CREATED | C:\Users\hp world\AppData\LocalLow\Adobe\GrowthSDK\Production\x64\manifest.db-wal
2026-03-02 11:57:02 | CREATED | C:\Users\hp world\AppData\LocalLow\Adobe\GrowthSDK\Production\x64\manifest.db-shm
2026-03-02 11:57:02 | CREATED | C:\Users\HPWORL~1\AppData\Local\Temp\collab_low\etilqs_2a4bmqxaG4K8nfe
2026-03-02 11:57:02 | CREATED | C:\Users\HPWORL~1\AppData\Local\Temp\collab_low\etilqs_yvopzH3lAp1KpCZ
2026-03-02 11:57:03 | CREATED | C:\Users\hp world\AppData\Local\Microsoft\OneDrive\logs\Personal\SyncEngine-2026-03-02.0627.22380.541.aodl
2026-03-02 11:57:04 | CREATED | C:\Users\hp world\AppData\Local\Microsoft\OneDrive\logs\Personal\SyncEngine-2026-03-02.0627.22380.542.aodl
2026-03-02 11:57:04 | CREATED | C:\Windows\Installer\2e14507.msi
2026-03-02 11:57:04 | CREATED | C:\Windows\System32\LogFiles\WMI\RtBackup\EtwRTPCA file tracing session.etl
2026-03-02 11:57:04 | CREATED | C:\Windows\Installer\MSI4584.tmp
2026-03-02 11:57:04 | CREATED | C:\Users\hp world\AppData\Local\Temp\46a064fe-8a38-4cb8-8a36-357930cc4031.tmp
2026-03-02 11:57:04 | CREATED | C:\Windows\Installer\inprogressinstallinfo.ipi
2026-03-02 11:57:04 | CREATED | C:\Windows\SystemTemp\~DFC87595FE6AB9AD4B.TMP
2026-03-02 11:57:04 | CREATED | C:\Windows\Installer\SourceHash{D8CB07FA-FCC3-4AC8-AD24-FC14ACD7EEE7}
2026-03-02 11:57:04 | CREATED | C:\Windows\SystemTemp\~DFF9C1CC9EEBCA7BDA.TMP
2026-03-02 11:57:04 | CREATED | C:\Windows\Installer\MSI4631.tmp
2026-03-02 11:57:04 | CREATED | C:\Windows\SystemTemp\MSI1463f.LOG
2026-03-02 11:57:04 | CREATED | C:\Windows\SystemTemp\~DF5EE1A254C8B6B547.TMP
2026-03-02 11:57:04 | CREATED | C:\Windows\SystemTemp\~DFEC9F44007738C05E.TMP
2026-03-02 11:57:04 | CREATED | C:\Windows\SystemTemp\~DFDEC04738B88DC20C.TMP
2026-03-02 11:57:04 | CREATED | C:\Windows\SystemTemp\~DF6671AB93537396A3.TMP
2026-03-02 11:57:04 | CREATED | C:\Windows\Installer\2e1450b.msi
2026-03-02 11:57:05 | CREATED | C:\Windows\Installer\MSI473B.tmp
2026-03-02 11:57:05 | CREATED | C:\Windows\Installer\inprogressinstallinfo.ipi
2026-03-02 11:57:05 | CREATED | C:\Windows\SystemTemp\~DF20E21D58240478FE.TMP
2026-03-02 11:57:05 | CREATED | C:\Windows\Installer\SourceHash{D8CB07FA-FCC3-4AC8-AD24-FC14ACD7EEE7}
2026-03-02 11:57:05 | CREATED | C:\Windows\SystemTemp\~DF5A50FD6ADFD733AA.TMP
2026-03-02 11:57:05 | CREATED | C:\Windows\Installer\MSI47C9.tmp
2026-03-02 11:57:05 | CREATED | C:\Windows\SystemTemp\~DF9748434C58245AD2.TMP
2026-03-02 11:57:05 | CREATED | C:\Windows\SystemTemp\~DFD4507B0F7A93F48C.TMP
2026-03-02 11:57:05 | CREATED | C:\Config.Msi\CMP4814.tmp
2026-03-02 11:57:05 | CREATED | C:\Config.Msi\2e1450f.rbs
2026-03-02 11:57:05 | CREATED | C:\Windows\Installer\MSI4818.tmp
2026-03-02 11:57:05 | CREATED | C:\Program Files\Portrait Displays\HP Display Control Service\DisplayControl.exe
2026-03-02 11:57:05 | CREATED | C:\Program Files\Portrait Displays\HP Display Control Service\DisplayControlService.exe
2026-03-02 11:57:05 | CREATED | C:\Program Files\Portrait Displays\HP Display Control Service\ScalarInputUtil.exe
2026-03-02 11:57:05 | CREATED | C:\Program Files\Portrait Displays\HP Display Control Service\cgt.exe
2026-03-02 11:57:05 | CREATED | C:\Program Files\Portrait Displays\HP Display Control Service\cthelper.exe
2026-03-02 11:57:05 | CREATED | C:\Program Files\Portrait Displays\HP Display Control Service\icctool.exe
2026-03-02 11:57:05 | CREATED | C:\Program Files\Portrait Displays\HP Display Control Service\resource-da.dll
2026-03-02 11:57:05 | CREATED | C:\Program Files\Portrait Displays\HP Display Control Service\resource-de.dll
2026-03-02 11:57:05 | CREATED | C:\Program Files\Portrait Displays\HP Display Control Service\resource-en.dll
2026-03-02 11:57:05 | CREATED | C:\Program Files\Portrait Displays\HP Display Control Service\resource-es.dll
2026-03-02 11:57:05 | CREATED | C:\Program Files\Portrait Displays\HP Display Control Service\resource-fr.dll
2026-03-02 11:57:05 | CREATED | C:\Program Files\Portrait Displays\HP Display Control Service\resource-it.dll
2026-03-02 11:57:05 | CREATED | C:\Program Files\Portrait Displays\HP Display Control Service\resource-ja.dll
2026-03-02 11:57:05 | CREATED | C:\Users\hp world\AppData\Local\Microsoft\OneDrive\logs\Personal\SyncEngine-2026-03-02.0627.22380.543.aodl
2026-03-02 11:57:05 | CREATED | C:\Program Files\Portrait Displays\HP Display Control Service\resource-ko.dll
2026-03-02 11:57:05 | CREATED | C:\Program Files\Portrait Displays\HP Display Control Service\resource-nl.dll
2026-03-02 11:57:05 | CREATED | C:\Program Files\Portrait Displays\HP Display Control Service\resource-pl.dll
2026-03-02 11:57:05 | CREATED | C:\Program Files\Portrait Displays\HP Display Control Service\resource-pt.dll
2026-03-02 11:57:05 | CREATED | C:\Program Files\Portrait Displays\HP Display Control Service\resource-pt_BR.dll
2026-03-02 11:57:05 | CREATED | C:\Program Files\Portrait Displays\HP Display Control Service\resource-pt_PT.dll
2026-03-02 11:57:05 | CREATED | C:\Program Files\Portrait Displays\HP Display Control Service\resource-ru.dll
2026-03-02 11:57:05 | CREATED | C:\Program Files\Portrait Displays\HP Display Control Service\resource-zh_CN.dll
2026-03-02 11:57:05 | CREATED | C:\Program Files\Portrait Displays\HP Display Control Service\resource-zh_TW.dll
2026-03-02 11:57:05 | CREATED | C:\Windows\Temp\asw-1cd5b812-7429-453d-8e51-ed30bdcd2a5e.tmp
2026-03-02 11:57:05 | CREATED | C:\Program Files\Portrait Displays\HP Display Control Service\img\dp_background.png
2026-03-02 11:57:05 | CREATED | C:\Program Files\Portrait Displays\HP Display Control Service\img\dp_background_150.png
2026-03-02 11:57:05 | CREATED | C:\Program Files\Portrait Displays\HP Display Control Service\img\dp_background_200.png
2026-03-02 11:57:05 | CREATED | C:\Program Files\Portrait Displays\HP Display Control Service\img\dp_btn_eraseall_down.png
2026-03-02 11:57:05 | CREATED | C:\Program Files\Portrait Displays\HP Display Control Service\img\dp_btn_eraseall_down_150.png
2026-03-02 11:57:05 | CREATED | C:\Program Files\Portrait Displays\HP Display Control Service\img\dp_btn_eraseall_down_200.png
2026-03-02 11:57:05 | CREATED | C:\Program Files\Portrait Displays\HP Display Control Service\img\dp_btn_eraseall_off.png
2026-03-02 11:57:05 | CREATED | C:\Program Files\Portrait Displays\HP Display Control Service\img\dp_btn_eraseall_off_150.png
2026-03-02 11:57:05 | CREATED | C:\Program Files\Portrait Displays\HP Display Control Service\img\dp_btn_eraseall_off_200.png
2026-03-02 11:57:05 | CREATED | C:\Program Files\Portrait Displays\HP Display Control Service\img\dp_btn_eraseall_over.png
2026-03-02 11:57:05 | CREATED | C:\Program Files\Portrait Displays\HP Display Control Service\img\dp_btn_eraseall_over_150.png
2026-03-02 11:57:05 | CREATED | C:\Program Files\Portrait Displays\HP Display Control Service\img\dp_btn_eraseall_over_200.png
2026-03-02 11:57:05 | CREATED | C:\Program Files\Portrait Displays\HP Display Control Service\img\dp_btn_exit_down.png
2026-03-02 11:57:05 | CREATED | C:\Program Files\Portrait Displays\HP Display Control Service\img\dp_btn_exit_down_150.png
2026-03-02 11:57:05 | CREATED | C:\Program Files\Portrait Displays\HP Display Control Service\img\dp_btn_exit_down_200.png
2026-03-02 11:57:05 | CREATED | C:\Program Files\Portrait Displays\HP Display Control Service\img\dp_btn_exit_off.png
2026-03-02 11:57:05 | CREATED | C:\Program Files\Portrait Displays\HP Display Control Service\img\dp_btn_exit_off_150.png
2026-03-02 11:57:05 | CREATED | C:\Program Files\Portrait Displays\HP Display Control Service\img\dp_btn_exit_off_200.png
2026-03-02 11:57:05 | CREATED | C:\Program Files\Portrait Displays\HP Display Control Service\img\dp_btn_exit_over.png
2026-03-02 11:57:05 | CREATED | C:\Program Files\Portrait Displays\HP Display Control Service\img\dp_btn_exit_over_150.png
2026-03-02 11:57:05 | CREATED | C:\Program Files\Portrait Displays\HP Display Control Service\img\dp_btn_exit_over_200.png
2026-03-02 11:57:05 | CREATED | C:\Program Files\Portrait Displays\HP Display Control Service\img\dp_btn_remove_down.png
2026-03-02 11:57:05 | CREATED | C:\Program Files\Portrait Displays\HP Display Control Service\img\dp_btn_remove_down_150.png
2026-03-02 11:57:05 | CREATED | C:\Program Files\Portrait Displays\HP Display Control Service\img\dp_btn_remove_down_200.png
2026-03-02 11:57:05 | CREATED | C:\Program Files\Portrait Displays\HP Display Control Service\img\dp_btn_remove_off.png
2026-03-02 11:57:05 | CREATED | C:\Program Files\Portrait Displays\HP Display Control Service\img\dp_btn_remove_off_150.png
2026-03-02 11:57:05 | CREATED | C:\Program Files\Portrait Displays\HP Display Control Service\img\dp_btn_remove_off_200.png
2026-03-02 11:57:05 | CREATED | C:\Program Files\Portrait Displays\HP Display Control Service\img\dp_btn_remove_over.png
2026-03-02 11:57:05 | CREATED | C:\Program Files\Portrait Displays\HP Display Control Service\img\dp_btn_remove_over_150.png
2026-03-02 11:57:05 | CREATED | C:\Program Files\Portrait Displays\HP Display Control Service\img\dp_btn_remove_over_200.png
2026-03-02 11:57:05 | CREATED | C:\Program Files\Portrait Displays\HP Display Control Service\img\dp_btn_save_down.png
2026-03-02 11:57:05 | CREATED | C:\Program Files\Portrait Displays\HP Display Control Service\img\dp_btn_save_down_150.png
2026-03-02 11:57:05 | CREATED | C:\Program Files\Portrait Displays\HP Display Control Service\img\dp_btn_save_down_200.png
2026-03-02 11:57:05 | CREATED | C:\Program Files\Portrait Displays\HP Display Control Service\img\dp_btn_save_off.png
2026-03-02 11:57:05 | CREATED | C:\Program Files\Portrait Displays\HP Display Control Service\img\dp_btn_save_off_150.png
2026-03-02 11:57:05 | CREATED | C:\Program Files\Portrait Displays\HP Display Control Service\img\dp_btn_save_off_200.png
2026-03-02 11:57:05 | CREATED | C:\Program Files\Portrait Displays\HP Display Control Service\img\dp_btn_save_over.png
2026-03-02 11:57:05 | CREATED | C:\Program Files\Portrait Displays\HP Display Control Service\img\dp_btn_save_over_150.png
2026-03-02 11:57:05 | CREATED | C:\Program Files\Portrait Displays\HP Display Control Service\img\dp_btn_save_over_200.png
2026-03-02 11:57:05 | CREATED | C:\Program Files\Portrait Displays\HP Display Control Service\img\dp_btn_undo_down.png
2026-03-02 11:57:05 | CREATED | C:\Program Files\Portrait Displays\HP Display Control Service\img\dp_btn_undo_down_150.png
2026-03-02 11:57:05 | CREATED | C:\Program Files\Portrait Displays\HP Display Control Service\img\dp_btn_undo_down_200.png
2026-03-02 11:57:05 | CREATED | C:\Program Files\Portrait Displays\HP Display Control Service\img\dp_btn_undo_off.png
2026-03-02 11:57:05 | CREATED | C:\Program Files\Portrait Displays\HP Display Control Service\img\dp_btn_undo_off_150.png
2026-03-02 11:57:05 | CREATED | C:\Program Files\Portrait Displays\HP Display Control Service\img\dp_btn_undo_off_200.png
2026-03-02 11:57:05 | CREATED | C:\Program Files\Portrait Displays\HP Display Control Service\img\dp_btn_undo_over.png
2026-03-02 11:57:05 | CREATED | C:\Program Files\Portrait Displays\HP Display Control Service\img\dp_btn_undo_over_150.png
2026-03-02 11:57:05 | CREATED | C:\Program Files\Portrait Displays\HP Display Control Service\img\dp_btn_undo_over_200.png
2026-03-02 11:57:05 | CREATED | C:\Windows\Installer\MSI4A0D.tmp
2026-03-02 11:57:05 | CREATED | C:\Users\hp world\AppData\Local\Microsoft\OneDrive\logs\Personal\SyncEngine-2026-03-02.0627.22380.544.aodl
2026-03-02 11:57:05 | CREATED | C:\Windows\SystemTemp\MSI14a95.LOG
2026-03-02 11:57:05 | CREATED | C:\Windows\SystemTemp\~DF130969D01AEE94DF.TMP
2026-03-02 11:57:05 | CREATED | C:\Windows\SystemTemp\~DF25F7F5D257014CC3.TMP
2026-03-02 11:57:06 | CREATED | C:\Config.Msi\CMP4B21.tmp
2026-03-02 11:57:06 | CREATED | C:\Windows\SystemTemp\~DF422CFC6FC80E0AB4.TMP
2026-03-02 11:57:06 | CREATED | C:\Windows\SystemTemp\~DF7542693984447034.TMP
2026-03-02 11:57:06 | CREATED | C:\Users\hp world\AppData\Local\Microsoft\OneDrive\logs\Personal\SyncEngine-2026-03-02.0627.22380.545.aodl
2026-03-02 11:57:06 | CREATED | C:\Users\hp world\AppData\Local\Microsoft\OneDrive\logs\Personal\SyncEngine-2026-03-02.0627.22380.546.aodl
2026-03-02 11:57:06 | CREATED | C:\Users\hp world\AppData\Local\Microsoft\OneDrive\logs\Personal\SyncEngine-2026-03-02.0627.22380.547.aodl
2026-03-02 11:57:07 | CREATED | C:\Users\hp world\AppData\Local\Microsoft\OneDrive\logs\Personal\SyncEngine-2026-03-02.0627.22380.548.aodl
2026-03-02 11:57:07 | CREATED | C:\Users\hp world\AppData\Local\Microsoft\OneDrive\logs\Personal\SyncEngine-2026-03-02.0627.22380.549.aodl
2026-03-02 11:57:07 | CREATED | C:\ProgramData\AVG\Antivirus\IDS\malwareprofile\nodes.dat
2026-03-02 11:57:09 | CREATED | C:\Users\hp world\AppData\Local\Packages\5319275A.WhatsAppDesktop_cv1g1gvanyjgm\LocalCache\EBWebView\Edge-Local-State-Tmp-58d637ff-b6e3-40ad-a046-983035a175b5.tmp
2026-03-02 11:57:09 | CREATED | C:\Users\hp world\AppData\Local\Packages\5319275A.WhatsAppDesktop_cv1g1gvanyjgm\LocalCache\EBWebView\Local State~RF2e1586f.TMP
2026-03-02 11:57:09 | CREATED | C:\Users\hp world\AppData\Local\Microsoft\OneDrive\logs\Personal\SyncEngine-2026-03-02.0627.22380.550.aodl
2026-03-02 11:57:10 | CREATED | C:\Users\hp world\AppData\Local\Microsoft\OneDrive\logs\Personal\SyncEngine-2026-03-02.0627.22380.551.aodl
2026-03-02 11:57:11 | CREATED | C:\Users\hp world\AppData\Local\Microsoft\OneDrive\logs\Personal\SyncEngine-2026-03-02.0627.22380.552.aodl
2026-03-02 11:57:11 | CREATED | C:\Users\hp world\AppData\Local\Microsoft\OneDrive\logs\Personal\SyncEngine-2026-03-02.0627.22380.553.aodl
2026-03-02 11:57:12 | CREATED | C:\ProgramData\AVG\Antivirus\psi.db-journal
2026-03-02 11:57:12 | CREATED | C:\Users\hp world\AppData\Local\Microsoft\OneDrive\logs\Personal\SyncEngine-2026-03-02.0627.22380.554.aodl
2026-03-02 11:57:13 | CREATED | C:\Users\hp world\AppData\Local\Microsoft\OneDrive\logs\Personal\SyncEngine-2026-03-02.0627.22380.555.aodl
2026-03-02 11:57:14 | CREATED | C:\Users\hp world\AppData\Local\Microsoft\OneDrive\logs\Personal\SyncEngine-2026-03-02.0627.22380.556.aodl
2026-03-02 11:57:14 | CREATED | C:\Users\hp world\AppData\Local\Microsoft\OneDrive\logs\Personal\SyncEngine-2026-03-02.0627.22380.557.aodl
2026-03-02 11:57:14 | CREATED | C:\Users\hp world\AppData\Local\Microsoft\OneDrive\logs\Personal\SyncEngine-2026-03-02.0627.22380.558.aodl
2026-03-02 11:57:15 | CREATED | C:\Users\hp world\AppData\Local\Microsoft\OneDrive\logs\Personal\SyncEngine-2026-03-02.0627.22380.559.aodl
2026-03-02 11:57:15 | CREATED | C:\Users\hp world\AppData\Local\Microsoft\OneDrive\logs\Personal\SyncEngine-2026-03-02.0627.22380.560.aodl
2026-03-02 11:57:16 | CREATED | C:\Users\hp world\AppData\Local\Microsoft\OneDrive\logs\Personal\SyncEngine-2026-03-02.0627.22380.561.aodl
2026-03-02 11:57:16 | CREATED | C:\Users\hp world\AppData\Local\Microsoft\OneDrive\logs\Personal\SyncEngine-2026-03-02.0627.22380.562.aodl
2026-03-02 11:57:16 | CREATED | C:\Users\hp world\AppData\Local\Microsoft\OneDrive\logs\Personal\SyncEngine-2026-03-02.0627.22380.563.aodl
2026-03-02 11:57:17 | CREATED | C:\Program Files\AVG\Antivirus\defs\26030200_stream\pkg2603020000000044.bin
2026-03-02 11:57:17 | CREATED | C:\Program Files\AVG\Antivirus\defs\26030200_stream\pkg2603020000000045.bin
2026-03-02 11:57:17 | CREATED | C:\Users\hp world\AppData\Local\Microsoft\OneDrive\logs\Personal\SyncEngine-2026-03-02.0627.22380.564.aodl
2026-03-02 11:57:19 | CREATED | C:\Users\hp world\AppData\Local\Microsoft\OneDrive\logs\Personal\SyncEngine-2026-03-02.0627.22380.565.aodl
2026-03-02 11:57:19 | CREATED | C:\Users\hp world\AppData\Local\Microsoft\OneDrive\logs\Personal\SyncEngine-2026-03-02.0627.22380.566.aodl
2026-03-02 11:57:19 | CREATED | C:\Users\hp world\AppData\Local\Microsoft\OneDrive\logs\Personal\SyncEngine-2026-03-02.0627.22380.567.aodl
2026-03-02 11:57:20 | CREATED | C:\Users\hp world\AppData\Local\Microsoft\OneDrive\logs\Personal\SyncEngine-2026-03-02.0627.22380.568.aodl
2026-03-02 11:57:21 | CREATED | C:\Users\hp world\AppData\Local\Microsoft\OneDrive\logs\Personal\SyncEngine-2026-03-02.0627.22380.569.aodl
2026-03-02 11:57:21 | CREATED | C:\Users\hp world\AppData\Roaming\Code\User\workspaceStorage\16b7c7ad893b27922f971aa5ea6645b5\state.vscdb-journal
